Date,GRNSOLAR,GRNWIND,GRNGEO,GRNFUEL,GRNBIO,CL1 Comdty,NG1 Comdty
2010-10-13,1016.06,1014.36,1002.91,1017.4,1032.49,3695.60474,164.54591
2010-10-14,1039.82,1025.17,1004.89,1017.34,1046.35,3648.6958,161.36513
2010-10-15,1027.44,1021.69,995.95,1018.52,1032.69,3583.125,155.89349
2010-10-18,1017.48,1025.51,993.07,1018.64,1015.45,3686.67505,152.25063
2010-10-19,982.35,1008.71,981.21,987.6,974.08,3526.57373,155.85425
2010-10-20,994.51,1003.29,989.21,984.47,1013.98,3628.5437,157.04312
2010-10-21,986.93,1006.9,987.9,994.51,1010.57,3570.82202,149.28661
2010-10-22,988.3,1007.21,998.75,1002.88,1004.89,3642.96509,148.59055
2010-10-25,999.66,1013.26,999.32,1017.08,1030.5,3660.99976,147.15871
2010-10-26,999.46,982.96,996.24,1032.73,1031.81,3668.93481,149.06853
2010-10-27,996.54,964.27,987.77,1038.71,1021.04,3644.28101,146.4117
2010-10-28,1008.83,967.5,984.13,1058.99,1027.28,3660.70801,173.28004
2010-10-29,991.65,966.58,987.46,1040.02,1031.23,3618.34204,179.42853
2010-11-01,982.1,965.22,983.71,1033.7,1061.76,3689.20117,170.42821
2010-11-02,993.46,977.09,990.91,1051.91,1066.89,3723.0625,171.73125
2010-11-03,993.87,985.56,995.57,1057.59,1076.17,3757.27148,170.18414
2010-11-04,1009.96,995.54,995.56,1088.43,1102.71,3825.02026,170.5316
2010-11-05,1012.65,983.38,991.96,1087.09,1086.87,3840.94116,174.11383
2010-11-08,1015.49,971.43,996.89,1146.84,1078.98,3865.02881,181.48676
2010-11-09,1009.44,970.29,978.27,1108.21,1081.63,3838.66089,186.35565
2010-11-10,990.67,965.1,972.86,1129.36,1071.78,3890.42212,179.25803
2010-11-11,972.34,944.73,982.21,1079.63,1055.36,3890.86108,174.00537
2010-11-12,944.01,932.94,956.4,1053.18,1024.7,3804.74609,170.29018
2010-11-15,940.11,927.91,967.81,1053.59,1023.8,3838.64209,173.92857
2010-11-16,911.42,902.78,957.41,1016.93,987.93,3736.17749,173.24174
2010-11-17,879.63,901.95,939.16,1013.56,998.7,3649.9646,182.86125
2010-11-18,888.64,922.14,970.91,1016.89,1032.27,3701.66626,181.21657
2010-11-19,891.76,922.01,976.81,1022.55,1020.79,3691.99536,188.60838
2010-11-22,888.95,906.11,962.89,1000.86,1022.01,3711.81348,193.94611
2010-11-23,869.6,886.58,960.96,960.17,982.25,3703.78125,194.37444
2010-11-24,881.53,878.84,965.14,969.67,996.44,3832.82129,195.02324
2010-11-26,881.34,859.83,951.22,956.98,986.36,3839.97681,201.67215
2010-11-29,861.15,837.77,947.78,959.39,980.29,3938.86475,193.42845
2010-11-30,846.65,835.85,943.54,915.09,1009.65,3859.59766,191.80975
2010-12-01,865.76,848.27,956.17,927.24,1022.14,3936.28125,193.70587
2010-12-02,880.63,866.51,975.37,929.68,1035.57,3985.52002,196.69447
2010-12-03,897.81,869.27,973.3,965.83,1053.2,4022.91455,196.16165
2010-12-06,910.76,868.08,982.84,982.94,1058.7,4017.18408,201.71317
2010-12-07,905.34,874.22,985.54,978.83,1057.96,3959.5647,196.12549
2010-12-08,911.82,863.14,997.2,961.97,1045.13,3980.10376,207.66151
2010-12-09,916.73,863.88,1002.77,982.8,1025.46,3995.64966,200.52852
2010-12-10,927.02,884.42,1003.83,1026.27,1024.54,3955.37842,199.00793
2010-12-13,921.82,898.04,990.46,1056.03,1018.7,3998.52637,199.4525
2010-12-14,919.24,905.38,986.44,1004.94,1015.21,3968.62744,191.28352
2010-12-15,908.15,888.4,979.82,1036.81,1015.77,4023.79102,191.69991
2010-12-16,904.12,889.17,982.32,1032.14,1008.26,3976.75659,183.55656
2010-12-17,904.77,887.32,977.8,1106.23,1006.41,3991.26685,184.37277
2010-12-20,906.7,866.94,977.04,1092.65,1006.41,4033.08423,192.41277
2010-12-21,920.73,882.02,973.31,1119.26,1040.4,4059.86401,183.4668
2010-12-22,921.73,871.07,978.02,1139.82,1054.26,4071.6001,186.84
2010-12-23,922.93,866.83,977.63,1172.72,1071.05,4125.27051,184.06165
2010-12-27,917.94,864.44,981,1163.35,1073.89,4117.29492,186.04744
2010-12-28,910.29,860.11,974.84,1175.65,1087.03,4118.87988,189.80432
2010-12-29,914.18,871.29,981.05,1210.06,1106.24,4096.75537,192.74352
2010-12-30,918.59,877.02,993.39,1194.59,1114.45,4028.42554,194.51591
2010-12-31,920.53,883.58,981.34,1198.15,1115.37,4085.14282,196.92552
2011-01-03,929.91,901.18,998.36,1164.83,1104.99,4086.33423,207.55275
2011-01-04,931.63,902.03,996.74,1179.61,1109.01,4015.39648,209.75482
2011-01-05,928.16,884.03,1014.66,1190.9,1102.65,4088.78394,202.53745
2011-01-06,928.78,873.62,1010.58,1171.66,1084.3,4011.12622,201.23709
2011-01-07,927.45,853.71,1010.79,1164.79,1087.1,3995.24146,200.69247
2011-01-10,942.49,852.96,1000.47,1164.6,1096.76,4047.93384,199.51665
2011-01-11,955.79,860.36,1004.69,1143.29,1112.65,4109.06104,202.09309
2011-01-12,983.3,889.19,1022.07,1157.01,1133.35,4135.53711,203.98563
2011-01-13,979.65,903.03,1021.16,1158.63,1132.3,4117.11279,198.51332
2011-01-14,973.18,905.93,1032.82,1169.33,1123.39,4152.71191,203.2352
2011-01-18,1015.58,919.38,1022.07,1222.14,1112.81,4154.5918,201.18263
2011-01-19,1013.12,923.85,1015.66,1185.13,1117.9,4134.58447,207.54831
2011-01-20,1005.03,914.61,996.11,1136.25,1102.03,4046.23999,213.78682
2011-01-21,1007.89,931.45,998.99,1152.92,1079.55,4065.19824,216.05632
2011-01-24,1028.57,943.7,998.9,1161.18,1082.35,3995.88818,208.2755
2011-01-25,1022.36,930.28,994.74,1148.43,1080.43,3938.88257,204.41611
2011-01-26,1013.66,925.29,997.49,1174.82,1068.3,3990.98096,205.23869
2011-01-27,1022.19,926.75,1008,1197.49,1066.59,3913.31982,197.21962
2011-01-28,1001.01,915.93,1011.44,1160.83,1042.61,4088.64502,197.8421
2011-01-31,1005.95,924.28,993.2,1137.86,1045.08,4232.21191,202.91115
2011-02-01,1025.94,936.32,987.14,1147.92,1070.64,4126.85791,197.63635
2011-02-02,1064.21,946.82,1000.56,1254.9,1055.53,4132.76709,201.45306
2011-02-03,1057.66,924.93,995.62,1244.99,1040.43,4132.24561,197.94067
2011-02-04,1048.3,926.43,989.01,1248.01,1033.96,4059.54541,196.52522
2011-02-07,1063.96,934.15,978.25,1271.41,1031.41,3965.03101,186.01379
2011-02-08,1046.5,927.79,983.46,1277.57,1045.48,3938.16431,183.00191
2011-02-09,1039.22,931.22,973.97,1266.51,1020.61,3944.00439,183.94135
2011-02-10,1035.36,908.28,961.59,1248.24,989.81,3965.94604,182.26982
2011-02-11,1050.85,905.06,963.53,1237.42,1004.38,3909.93628,178.63812
2011-02-14,1074.97,915.83,969.25,1231.85,1016.63,3858.85498,178.58749
2011-02-15,1076.19,910.6,962.2,1201.25,1009.11,3838.24634,180.98752
2011-02-16,1100.61,918.63,963.26,1204.2,1025.41,3868.74487,178.48392
2011-02-17,1118.71,918.1,974.05,1217.86,1019.45,3915.99414,175.39445
2011-02-18,1126.76,924.08,980,1220.55,1008.25,3896.23999,175.19521
2011-02-22,1095.34,909.74,965.42,1157.95,1005.61,4235.44629,175.03975
2011-02-23,1072.91,905.22,937.4,1125.7,1018.32,4427.49805,176.01675
2011-02-24,1088.52,910.86,914.27,1120.76,1016.07,4424.05127,172.49615
2011-02-25,1091.68,925.45,929.98,1183.96,1025.85,4436.41113,181.52663
2011-02-28,1075.71,944.83,932.47,1201.82,1052.82,4390.07422,182.76508
2011-03-01,1058.89,944.12,939.65,1189.9,1044.48,4478.36865,174.09135
2011-03-02,1056.66,937.36,937.2,1211.54,1074.62,4595.23828,171.61909
2011-03-03,1059.74,939.64,935.97,1198.24,1076.93,4590.28125,170.17056
2011-03-04,1055.65,941.34,965.41,1192.21,1078.02,4697.59473,171.35739
2011-03-07,1042.55,940.82,942.67,1176.89,1065.43,4750.33545,176.92117
2011-03-08,1039.63,942.43,948.22,1208.04,1070.01,4735.19434,174.22197
2011-03-09,1027.35,959.74,952,1183.51,1061.39,4697.62207,176.86964
2011-03-10,992.95,936.59,940.61,1178.99,1036.86,4640.24268,173.04898
2011-03-11,973.38,927.38,936.82,1176.9,1035.84,4576.47852,175.93835
2011-03-14,1022.43,970.7,960.84,1166.71,1029.31,4565.43994,176.58989
2011-03-15,1074.1,988.81,964.34,1187.9,1020.68,4397.03564,178.31567
2011-03-16,1055.18,983.8,972.87,1155.18,1008.17,4420.61279,177.67271
2011-03-17,1070,1010.15,981.49,1188.75,1003.05,4582.6626,187.87923
2011-03-18,1057.87,1028.45,999.56,1205.81,1013.63,4560.78369,188.08099
2011-03-21,1076.42,1026.74,990.34,1227.56,1046.49,4605.87354,187.28661
2011-03-22,1066.82,1024.7,999.41,1232.97,1050.05,4675.31982,191.23857
2011-03-23,1077.43,1033.56,994,1227.66,1045.55,4742.35889,194.40308
2011-03-24,1085.91,1051.61,991.19,1230.06,1044.74,4726.65576,189.96144
2011-03-25,1082.02,1055.13,1000.86,1239.54,1059.41,4708.74512,196.70403
2011-03-28,1116.93,1081.31,990.83,1238.18,1048.67,4662.46338,196.13016
2011-03-29,1120.68,1083.64,988.22,1312.63,1046.56,4692.7583,189.87781
2011-03-30,1136.28,1090.48,991.14,1311.88,1057.23,4666.34326,194.89714
2011-03-31,1143.28,1087,987.46,1305.24,1074.14,4758.37793,195.69453
2011-04-01,1138.43,1089.14,1013.15,1317.36,1097.49,4812.7749,194.49068
2011-04-04,1137.19,1104.91,1026.72,1282.08,1107.73,4836.40625,191.23579
2011-04-05,1134.14,1080.27,1012.65,1256.99,1120.71,4812.19189,187.93044
2011-04-06,1138.68,1069.42,1029.72,1257.07,1091.42,4807.021,183.12881
2011-04-07,1123.77,1043.42,1041.38,1212.27,1055.59,4875.81152,179.33969
2011-04-08,1115.99,1061.38,1042.69,1198.82,1049.05,4971.21924,178.10707
2011-04-11,1111.32,1072.28,1039.7,1198.48,1049.38,4879.23877,182.35001
2011-04-12,1087.45,1066.73,1022.12,1157.21,1035.09,4716.33105,181.90613
2011-04-13,1096.1,1075.52,1010.66,1158.63,1035.09,4766.93066,184.29521
2011-04-14,1085.76,1059.61,1009.87,1155.45,1034.43,4811.43555,187.45506
2011-04-15,1077.05,1041.99,1007.16,1145.34,1044.68,4861.50195,186.37383
2011-04-18,1043.73,1008.32,1014.48,1085.85,1016.13,4761.48389,183.9341
2011-04-19,1045.15,1014.92,992.89,1068.66,1025.23,4811.05273,189.59508
2011-04-20,1070.01,1023.14,998.2,1074.79,1033.05,4940.57861,191.0623
2011-04-21,1071.65,1032.29,1009.81,1071.83,1040.71,4982.02637,195.7494
2011-04-25,1070.51,1031.17,1019.89,1075.58,1048.16,4995.3374,195.26662
2011-04-26,1080.09,1037.49,1018.1,1108.55,1059.37,4995.58936,195.30923
2011-04-27,1086.88,1029.73,1008.5,1127.81,1033.22,5011.0542,194.51389
2011-04-28,1093.94,1045.68,1010.83,1107.67,1017.83,5014.36963,203.08952
2011-04-29,1130.35,1045.59,1015.74,1107.5,1054.3,5037.41504,207.72208
2011-05-02,1115.97,1044.37,1023.94,1105.74,1034.33,5033.47656,208.08762
2011-05-03,1094.78,1035.53,1013.17,1076.79,1010.65,4943.66846,207.89673
2011-05-04,1062.2,1010.63,1004.51,1038.06,997.26,4857.90283,203.53918
2011-05-05,1046.33,995.46,975.71,997.4,983.29,4467.04785,190.72237
2011-05-06,1052.96,983.3,990.07,1001.72,1005.5,4353.17822,189.70682
2011-05-09,1052.48,972.51,993.67,1004.41,1004.26,4586.03613,185.76688
2011-05-10,1066.12,980.52,1009.09,1017.66,998.28,4649.14941,190.02972
2011-05-11,1057.15,982.32,989.75,993.53,989.15,4389.49609,186.8698
2011-05-12,1052.23,976.01,992.19,982.12,982.74,4453.40234,188.71951
2011-05-13,1047.54,972.9,980.59,993.1,977.96,4471.04639,190.5074
2011-05-16,1026.15,973.28,966.91,991.74,965.2,4397.229,195.00089
2011-05-17,999.72,964.72,954.15,970.41,964.08,4376.45557,188.85912
2011-05-18,999.99,977.6,979.57,952.89,970.7,4510.00537,189.14088
2011-05-19,981.64,982.71,984.84,959.42,977.87,4427.83057,184.14812
2011-05-20,969.68,969.71,978.93,928.59,985.11,4478.29346,190.40288
2011-05-23,934.39,941.99,965.04,904.64,975.67,4419.70361,196.60217
2011-05-24,929.57,940.19,958.86,858.86,986.49,4501.96582,196.41573
2011-05-25,913.7,937.04,948.97,863.66,1002.81,4592.83545,198.50008
2011-05-26,910.7,929.22,948.79,857.06,1002.14,4540.91992,195.98943
2011-05-27,924.79,938.96,957.3,872.34,1008.19,4543.14746,204.05547
2011-05-31,972.78,980,988.37,971.85,1022.73,4627.40527,210.2383
2011-06-01,950.67,969.59,972.76,967.56,999.06,4497.00342,207.56436
2011-06-02,939.36,959.47,970.79,997.92,1008.81,4500.43018,214.89105
2011-06-03,937.18,962.35,952.51,986.95,1013.47,4490.8584,210.92067
2011-06-06,928.22,955.93,947.27,991.31,1002.39,4431.68701,216.05652
2011-06-07,933.86,961.17,939.04,957.12,999.29,4427.34131,215.84908
2011-06-08,900.77,934.39,934.86,902.99,996.51,4503.33008,216.67302
2011-06-09,900.23,932.86,952.89,905.99,1003.6,4559.83838,209.09138
2011-06-10,878.61,917.65,945.72,866.99,995.78,4439.75244,212.70926
2011-06-13,883.74,913.24,931.77,873.46,995.81,4365.36426,208.44279
2011-06-14,911.89,931.23,945.89,869.48,991.3,4445.56543,204.94249
2011-06-15,891.59,910.18,942.39,840.06,975.88,4243.6958,204.86652
2011-06-16,885.31,883.33,927.34,835.98,969.66,4263.72998,198.12086
2011-06-17,893.45,889.27,923.32,846.58,977.91,4173.12549,194.05194
2011-06-20,885.77,871.35,927.47,835.15,977.94,4197.39893,194.29738
2011-06-21,896.33,877.24,947.46,844.65,982.23,4188.75635,196.79083
2011-06-22,905.83,876.4,950.69,836.98,984.95,4283.43213,193.81172
2011-06-23,896.81,854.58,937.81,820.16,983.74,4091.34912,188.47536
2011-06-24,886.62,852.57,932.71,823.51,981.83,4101.74414,190.28386
2011-06-27,898.48,859.08,938,807.63,982.34,4080.8479,191.6796
2011-06-28,906.04,859.32,939.23,807.58,993.79,4183.76562,196.23927
2011-06-29,921.84,872.9,951.48,790.24,998.38,4252.09277,193.60326
2011-06-30,933.2,884.84,947.54,812.27,1004.01,4251.91504,194.90544
2011-07-01,943.17,901.43,974.66,834.44,1007.58,4237.17188,192.39993
2011-07-05,946.93,907.89,985.21,887.8,1005.51,4297.55615,193.52086
2011-07-06,930.98,901.71,985.04,867.98,1007.17,4299.9585,187.61433
2011-07-07,939.9,908.36,996.02,887.45,1007.76,4384.40137,183.64986
2011-07-08,920.29,896.24,1007.61,882.94,1009.86,4264.30566,186.39714
2011-07-11,896.65,873.09,993.19,851.05,997.46,4232.74756,190.75168
2011-07-12,868.6,855.92,981.99,859.13,998.63,4356.58252,193.75009
2011-07-13,875.77,872.62,988.44,879.52,1002.86,4365.43115,196.03256
2011-07-14,873.05,860.09,981.95,862.51,998.61,4257.96533,194.81006
2011-07-15,874.78,846.03,983.57,847.09,997.95,4328.63867,202.36519
2011-07-18,854.86,827.47,981.18,843.14,988.69,4276.07959,202.63795
2011-07-19,872.63,840.83,991.71,891.3,997.64,4338.75,201.71851
2011-07-20,886.74,848.23,996.83,920.94,995.98,4362.32324,200.02499
2011-07-21,899.23,864.65,999.14,952.83,1003.82,4402.36328,195.18195
2011-07-22,905.07,873.94,1000.62,931.61,1004.76,4429.23438,195.09566
2011-07-25,888.25,890.32,997.79,948.98,1001.93,4404.97607,194.76033
2011-07-26,890.78,891.47,991.43,941.21,993.18,4400.38428,193.08846
2011-07-27,867.45,880.16,973.92,906.61,965.3,4293.87891,192.65144
2011-07-28,854.78,871.99,969.21,947.42,963.98,4295.64209,187.09674
2011-07-29,856.14,867.02,967.01,923.4,968.49,4229.46143,183.18828
2011-08-01,855.99,857.77,973.99,925.02,968.21,4179.9043,184.4814
2011-08-02,837.23,833.59,947.44,927.02,951.51,4152.78662,183.97301
2011-08-03,822,823.83,941.22,924.51,940.69,4074.33765,181.2688
2011-08-04,774.81,796.78,910.24,810.79,898.85,3859.1499,175.56169
2011-08-05,745.34,761.86,881.04,807.19,910,3887.44556,176.34004
2011-08-08,694.63,715.88,840.99,739.8,844.16,3656.51074,176.95695
2011-08-09,719.06,713.62,847.27,768.49,886.49,3585.15308,180.56874
2011-08-10,716.03,699.17,848.59,748.2,892.96,3751.60132,181.17578
2011-08-11,744.8,710.51,864.89,786.22,906.25,3892.54517,186.54428
2011-08-12,756.54,715.87,863.31,792.13,918.81,3871.55615,184.10069
2011-08-15,788.67,732.95,883.24,832.8,941.51,3984.9187,182.46828
2011-08-16,776.83,729.62,864.68,816.79,937.35,3933.04346,178.47348
2011-08-17,763.01,746.77,851.42,823.08,932.93,3976.56982,178.57787
2011-08-18,709.05,720.23,830.77,774.29,899.68,3768.88501,178.05901
2011-08-19,679.45,703.01,805.11,772.87,892.07,3763.39453,180.255
2011-08-22,670.15,703.47,805.12,764.73,879.1,3841.33984,177.59119
2011-08-23,709.45,706.9,827.36,781.45,909.15,3898.19946,182.18062
2011-08-24,715.5,712.55,841.53,806.27,907.42,3917.78589,180.43161
2011-08-25,707.53,714.35,843.51,812.72,891.94,3927.63843,181.0029
2011-08-26,712.65,714.81,849.9,811.97,903.13,3940.25244,181.4353
2011-08-29,736.79,736.88,865.43,836.39,924.86,4019.21997,177.63414
2011-08-30,734.88,741.91,862.44,823.28,924.8,4097.17871,180.15604
2011-08-31,733.43,748.67,873.69,826.13,939.25,4093.03076,186.83873
2011-09-01,719.09,744.66,864.3,816.48,935.41,4098.56152,186.65437
2011-09-02,691.99,728.81,853.63,796.63,917.14,3958.97778,177.31824
2011-09-06,653.45,688.53,837.71,769.08,905.84,3966.81226,181.60088
2011-09-07,667.98,702.84,844.79,828.11,912.83,4124.82764,181.90981
2011-09-08,656.74,707.7,838.55,822.31,922.43,4113.66455,183.85609
2011-09-09,631.54,682.42,825.84,816.18,911.38,4062.11255,182.29219
2011-09-12,622.58,659.51,814.32,793.86,899.13,4165.21338,183.48856
2011-09-13,626.64,670.08,822.81,812.17,898.73,4293.54492,189.4281
2011-09-14,631.45,671.69,822.24,811.27,909.52,4236.56152,192.45834
2011-09-15,626.47,681.04,823.75,829.71,921.07,4251.41699,184.41829
2011-09-16,618.85,677.21,827.75,829.7,919.21,4156.5498,179.99429
2011-09-19,590.25,662.88,824.11,806.46,918.6,4097.53125,183.07407
2011-09-20,571.8,660.02,812.86,804.79,927.18,4175.49902,182.51289
2011-09-21,555.6,645.96,791.85,776.48,905.25,4152.51367,180.2709
2011-09-22,523.14,607.44,760.5,727.87,864.46,3991.48413,183.68463
2011-09-23,527.9,608.92,743.17,712.19,865.11,3947.18506,182.94968
2011-09-26,518.75,594.74,734.05,725.78,878.48,3967.66748,187.01045
2011-09-27,537.61,616.99,745.23,753.1,899.89,4144.38379,187.81003
2011-09-28,516.45,618.41,762.49,706.97,880.06,3959.79956,183.28883
2011-09-29,515.52,621.1,759.85,690.13,881.95,4022.0918,183.47673
2011-09-30,494.66,612.78,748.85,685.5,864.58,3878.13086,179.51045
2011-10-03,464.95,594.17,720.44,673.87,838.68,3815.30762,177.81172
2011-10-04,466.42,577.13,743.2,675.79,842.04,3738.66553,179.74449
2011-10-05,483.91,581.89,740.56,678.66,856.96,3932.20801,176.1795
2011-10-06,508.79,608.99,761.84,695.84,881.34,4075.81641,177.56129
2011-10-07,502.26,616.28,772.92,687.71,884.96,4079.29688,171.12596
2011-10-10,512.01,628.07,795.26,729.55,895.53,4182.95459,173.42047
2011-10-11,509.17,650.14,805.94,736.2,903.81,4232.57812,178.35921
2011-10-12,519.13,670.93,818.04,731.82,903.19,4189.50732,170.82144
2011-10-13,526.51,676.48,817.41,722.51,913.06,4138.21973,173.47803
2011-10-14,528.39,682.02,818.87,723.99,920.36,4254.93604,181.52106
2011-10-17,519.06,676.9,811.8,716.57,944.16,4228.73291,180.54604
2011-10-18,515.51,664.39,811.62,701.74,953.35,4355.16211,175.1629
2011-10-19,507.04,662.54,806.87,711.22,964.45,4233.59814,176.30569
2011-10-20,499.82,650.29,794.31,714.19,962.38,4248.57959,180.80122
2011-10-21,506.73,663.33,793.54,731.81,968.46,4372.18506,181.54073
2011-10-24,530.98,681.33,817.06,737.15,974.48,4547.52783,179.56931
2011-10-25,510.5,685.44,812.75,723.1,970.44,4612.84668,181.10757
2011-10-26,513.03,678.75,821.22,719.49,980.52,4465.80176,177.74091
2011-10-27,556.76,713.39,855.54,757.6,987.52,4651.95947,174.47324
2011-10-28,563.74,722.44,863.7,789.66,989.99,4550.2832,191.28548
2011-10-31,535.46,692.09,851.15,789.01,985.46,4537.88672,191.56613
2011-11-01,506.46,656.84,835.92,738.72,957.73,4543.12256,186.32768
2011-11-02,516.05,665.24,846.23,753.16,961.5,4550.104,184.39456
2011-11-03,517.32,667.8,853.42,738.56,962.92,4623.07031,185.66982
2011-11-04,531.49,668.55,857.18,715.91,964.79,4628.63672,185.76422
2011-11-07,527.43,676.66,859.3,713.79,963.6,4690.50977,181.49208
2011-11-08,521.71,675.42,837.23,710.55,962.39,4785.30811,185.13408
2011-11-09,499.59,661.06,820.49,713.55,945.94,4805.66943,183.31213
2011-11-10,487.67,637.2,820.59,731.18,950.3,4908.06689,183.16156
2011-11-11,501.1,655.64,827,734.64,962.61,4961.62646,179.63904
2011-11-14,490.01,653.61,825.37,739.87,959.67,4943.80273,174.19675
2011-11-15,477.64,636.13,828.04,733.21,962.46,5036.07178,172.51472
2011-11-16,473.17,632.69,819.39,720.48,957.04,5206.95557,169.72472
2011-11-17,462.93,625.23,813.23,706.53,952.43,5034.38477,173.72244
2011-11-18,452.58,613.91,816.67,697.75,958.38,4992.74951,169.96158
2011-11-21,434.34,590.45,796.9,665.06,934.64,5071.33887,177.85268
2011-11-22,431.75,592.33,799.86,665.17,937.8,5141.11426,179.13382
2011-11-23,424.49,579.12,782.08,624.92,919.01,5046.52051,181.56351
2011-11-25,422.22,572.26,774.93,632.15,920.19,5055.26465,185.03407
2011-11-28,441.14,592.86,794.86,653.35,940.62,5110.35742,175.04575
2011-11-29,441.19,597.85,795.16,659.15,946.56,5194.56836,189.11581
2011-11-30,463.79,605.68,809.48,683.22,963.42,5244.31201,185.50525
2011-12-01,467.9,615.44,802.19,677.51,975.5,5147.27393,187.39777
2011-12-02,469.83,614.93,803.34,668.66,977.13,5159.56104,183.16032
2011-12-05,472.18,629.32,808.88,681.82,982.85,5182.30176,177.60121
2011-12-06,462.34,617.37,808.59,673.03,980.44,5197.18311,178.93541
2011-12-07,464.33,620.31,809.66,675.67,982.85,5189.05225,176.65189
2011-12-08,452.6,606.35,803.59,662.38,973.42,5085.65332,178.77875
2011-12-09,458.61,607.75,807.97,673.05,979.28,5156.89355,172.06938
2011-12-12,438.75,601.44,794.29,689.55,975.53,5143.19092,171.17667
2011-12-13,433.34,597.18,790.41,648.42,968.87,5317.43408,174.1149
2011-12-14,414.77,582.41,781.79,647.12,955.26,5113.53223,168.88928
2011-12-15,407.92,571.78,775.44,646.48,957.81,5000.92432,166.59093
2011-12-16,410.73,578.65,789.08,637.72,957.99,4911.02637,164.19095
2011-12-19,403.64,554.88,783.99,626.48,961.59,4947.47607,163.15919
2011-12-20,421.09,561.92,795.11,631.69,973.31,5150.22949,165.7058
2011-12-21,421.55,567.37,796.97,635.84,978.42,5204.34912,166.41048
2011-12-22,433.51,577.81,805.5,644.12,984.62,5232.54102,166.60225
2011-12-23,437.53,584.16,804.95,646.29,992.29,5262.10742,164.38806
2011-12-27,434.04,590.96,802.76,639.71,987.22,5364.93945,164.74928
2011-12-28,424.16,583.91,788.03,639.13,988.55,5255.89551,163.13589
2011-12-29,427.38,582.57,796.02,616.07,995.94,5281.94824,160.44614
2011-12-30,431.03,588.81,801.19,626.26,1002.14,5248.3667,158.73085
2012-01-03,447.37,602.8,813.74,644.4,1007.2,5469.23535,158.98816
2012-01-04,443.56,585.91,818.61,632.05,1014.6,5479.43359,164.35117
2012-01-05,442.2,579.26,816.87,628.84,1011.65,5385.23975,157.62711
2012-01-06,440.57,573.19,813.87,617.53,994.51,5354.75098,161.44395
2012-01-09,446.07,578.47,810.34,630.86,990.44,5308.64404,157.7764
2012-01-10,458.67,584.64,824.58,622.24,1003.68,5295.521,152.3291
2012-01-11,483.31,592.42,818.58,642.6,999.69,5224.30957,143.67239
2012-01-12,504.71,600.24,820,632.08,1006.33,5105.63184,138.94943
2012-01-13,484.73,602.43,813.85,636.15,1005.71,5077.86816,137.36482
2012-01-17,494.05,617.44,820.97,623.67,1018.58,5105.99707,126.1416
2012-01-18,507.18,617.96,821.59,629.73,1031.29,5070.7417,124.61352
2012-01-19,503.5,627.09,806,629.53,1024.22,5050.62109,116.81982
2012-01-20,497.62,630.55,810.72,655.12,1035.54,4946.38428,117.70646
2012-01-23,497.76,638.58,812.95,668.53,1046.18,4976.50977,126.18687
2012-01-24,491.24,633.6,808.65,670.16,1048.7,4950.46826,127.77662
2012-01-25,492.79,635.63,812.79,651.45,1062.5,4994.35303,137.11861
2012-01-26,501.71,654.63,809.83,658.6,1052.84,5009.42627,130.88823
2012-01-27,513.29,655.96,819.88,669.63,1032.31,4917.76611,132.27982
2012-01-30,510.98,632.75,770.73,672.87,1022.17,4918.25635,135.08028
2012-01-31,511.43,640.51,757.42,672.81,1031.12,4879.19141,124.01113
2012-02-01,523.79,661.93,772.21,674.5,1050.36,4792.65088,116.9562
2012-02-02,534.79,662.73,776.48,682.64,1049.03,4725.97607,125.26093
2012-02-03,541.47,685.89,779.91,699.44,1053.16,4777.03809,122.01367
2012-02-06,542.9,676.72,785.42,710.07,1058.76,4754.40479,125.103
2012-02-07,545.28,678.31,784.65,728.82,1059.68,4837.34375,121.51116
2012-02-08,562.7,685.37,793.62,744.46,1062.88,4857.02539,120.45384
2012-02-09,587.25,706.5,796.8,765.45,1072.31,4927.60303,122.25233
2012-02-10,567.75,690.45,783.7,755.7,1062.09,4885.15186,122.63627
2012-02-13,559.91,689.42,792.62,766.09,1076.01,4959.72656,119.48365
2012-02-14,537.86,672.68,789.31,756.2,1074.41,4979.07471,125.1441
2012-02-15,532.82,671.53,788.05,775.03,1081.68,5026.375,119.73438
2012-02-16,530.41,669.17,788.97,788.14,1085.47,5053.60254,126.79697
2012-02-17,546.8,674.13,794.23,780.93,1095.1,5094.89404,132.4554
2012-02-21,555.18,689.26,780.61,832.18,1101.02,5209.97412,129.26485
2012-02-22,550.68,675.27,777.32,884.69,1086.42,5222.47168,129.87386
2012-02-23,526.83,666.22,774.43,859.51,1086.15,5305.77539,128.96631
2012-02-24,515.67,661.97,766.8,848.94,1101.62,5378.18115,124.93725
2012-02-27,513.01,644.69,754.67,835.38,1100.62,5334.0957,120.18421
2012-02-28,517.85,645.22,768.32,811.8,1097.55,5224.14648,123.50657
2012-02-29,505.15,644.07,810.11,822.81,1091.29,5258.20752,128.47176
2012-03-01,496.61,644.73,807.86,791.41,1101.78,5353.83984,121.15497
2012-03-02,495.66,650.1,800.04,778.17,1092.23,5277.38184,122.85864
2012-03-05,488.46,634.55,788.82,800.8,1083.92,5317.85742,117.34965
2012-03-06,469.35,616.41,779.06,785.96,1061.51,5275.30957,118.70706
2012-03-07,466.49,617.72,793,795.26,1074.52,5337.72461,115.74456
2012-03-08,478.31,623.62,811.69,796.91,1077.18,5358.84229,114.23616
2012-03-09,484.83,631.69,822.66,812.87,1075.24,5347.98291,115.72358
2012-03-12,477.11,627.85,822.61,841.71,1070.88,5319.65869,113.50672
2012-03-13,483.7,632.9,835.82,863.77,1068.26,5341.36914,115.07645
2012-03-14,479.95,627.69,832.41,874.7,1055.69,5274.13574,114.2571
2012-03-15,482.93,627.57,832.64,886.56,1051.56,5292.81396,114.75905
2012-03-16,488.97,633.75,838.82,895.07,1051.98,5369.59424,116.66053
2012-03-19,484.83,629.28,832.57,884.39,1063.34,5427.73926,118.05547
2012-03-20,482.28,619.83,822.6,877.18,1062.2,5335.94531,117.97588
2012-03-21,471.19,620.44,817.12,872.51,1067.1,5433.76172,119.5458
2012-03-22,466.33,612.75,812.03,835.24,1053.67,5401.82129,116.34297
2012-03-23,472.87,621.48,825.47,842.74,1057.12,5479.75928,116.65063
2012-03-26,479.38,621.43,833.82,854.11,1067.77,5464.4165,113.64843
2012-03-27,475.37,617.94,834.73,841.24,1061.71,5459.34033,112.30992
2012-03-28,462.29,609.6,832.73,823.49,1053.22,5365.896,111.53285
2012-03-29,454.02,599.31,834.88,797.79,1041.69,5276.21143,110.31892
2012-03-30,452.21,598.32,843.27,821.1,1050.45,5248.354,108.30907
2012-04-02,448.34,596.98,840.51,813.66,1056.42,5354.10254,109.49376
2012-04-03,439.49,595.75,841.83,790.13,1062.82,5260.30566,110.60753
2012-04-04,427.81,622.01,828.15,765.48,1050.72,5192.72705,109.56567
2012-04-05,424.72,620.67,826.18,756.39,1052.53,5286.88916,106.90457
2012-04-09,419.01,608.7,812.43,759.52,1041.65,5247.48877,107.91
2012-04-10,415.26,599.34,800.35,740.45,1021.97,5217.17773,104.89099
2012-04-11,428.57,600.93,806.68,758.44,1026.77,5291.61768,102.2256
2012-04-12,432.64,603.37,817.55,771.55,1027.36,5316.21387,101.71799
2012-04-13,425.81,596.22,821.22,762.53,1019.71,5298.31592,102.07102
2012-04-16,426.01,596.33,823.82,755.73,1017.69,5312.73193,104.05584
2012-04-17,435.7,595.82,831.12,747.09,1029.1,5361.61084,100.3887
2012-04-18,430.19,595.51,821.62,737.36,1034.1,5320.87256,101.11057
2012-04-19,427.85,579.46,816.12,734.88,1033.95,5330.82373,99.40237
2012-04-20,425.61,580.53,819.29,761.46,1035.11,5367.35938,100.3678
2012-04-23,411.73,568.93,812.53,767.67,1025.08,5431.31934,105.71873
2012-04-24,412.08,568.01,812.08,766.71,1034.95,5453.46094,104.01337
2012-04-25,414.98,574.33,818.55,761.25,1028.42,5476.19141,108.76646
2012-04-26,416.39,571.69,802.67,772.8,1025.63,5487.30664,106.85946
2012-04-27,417.31,572.68,803.31,767.92,1028.73,5509.34961,114.77593
2012-04-30,418.3,570,802.7,781.19,1020.97,5525.07617,120.38522
2012-05-01,423.82,572.67,808.13,766.6,1017.12,5593.03955,124.91614
2012-05-02,428.73,567.3,809.98,752.23,1015.97,5575.08154,119.37521
2012-05-03,423.16,559.33,808.09,742.9,1010.09,5502.80908,125.5761
2012-05-04,415.5,558.06,795.65,729.79,1007.25,5263.79785,121.80116
2012-05-07,411.14,548.1,789.65,727.63,1003.09,5181.51514,123.58608
2012-05-08,403.33,545.58,785.54,713.24,982.61,5191.48975,128.0614
2012-05-09,401.91,534.04,796.29,704.17,977.76,5219.80176,132.90787
2012-05-10,396.74,537.08,796.79,706.84,985.71,5170.96582,132.47006
2012-05-11,393.81,530.48,801.2,704.62,989.53,5140.55176,134.16878
2012-05-14,386.81,507.57,802.74,686.95,962.75,5111.95947,131.11598
2012-05-15,382.85,500.24,780.01,677.8,955.3,5069.75098,134.8625
2012-05-16,373.69,486.89,743.62,668.31,951.56,5046.54395,142.35374
2012-05-17,365.92,487.61,757.67,640.21,935.14,5032.02441,141.02281
2012-05-18,353.87,480.58,746.77,636.12,917.18,4983.37305,149.37045
2012-05-21,360.24,481.05,754.86,643.47,935.94,5087.18457,143.37759
2012-05-22,361.47,485.76,756.02,638.38,937.27,5076.58887,149.9272
2012-05-23,358.11,475.32,756.83,618.99,925.81,5068.1123,154.29837
2012-05-24,354.75,474.25,743.06,631.43,928.56,5055.65479,147.60995
2012-05-25,353.98,474.87,748.35,639.52,937.58,5029.55518,142.15164
2012-05-29,360.49,473.82,759.17,648.92,942.13,5066.67627,135.59892
2012-05-30,352.63,462.15,758.78,665.96,930.57,4947.33984,136.21803
2012-05-31,350.18,454.72,760.97,682.63,928.76,4878.99414,136.56447
2012-06-01,340.29,445.6,746.35,668.14,908.39,4618.0166,129.05811
2012-06-04,332.52,436.32,731.79,671.01,900.53,4663.40918,134.10495
2012-06-05,338.08,437.72,737.22,665.31,898.06,4684.41699,135.93645
2012-06-06,349.07,443.81,747.78,628.31,910.03,4682.47656,133.33658
2012-06-07,349.2,448.49,756.91,610.53,909.45,4662.13135,124.99041
2012-06-08,343.82,445.36,753.27,616.16,903.66,4667.9707,127.606
2012-06-11,341.06,444.16,750.66,617.33,898.89,4615.90039,123.79767
2012-06-12,349.83,440.53,755.53,617.88,904.83,4638.00781,124.24428
2012-06-13,350.31,438.62,754.42,606.27,910.53,4592.43262,121.45322
2012-06-14,348.6,432.75,756.26,619.54,906.13,4675.04541,139.00893
2012-06-15,355.94,439.48,767.04,620.62,911.78,4671.64795,137.15286
2012-06-18,360.82,438.7,773.66,617.17,910.93,4658.54004,147.41507
2012-06-19,369.17,447.01,782.62,621.41,927.97,4692.65527,142.12552
2012-06-20,370.94,455.76,782.25,631.97,925.15,4602.47705,141.619
2012-06-21,363.63,450.7,774.33,625.2,909.11,4445.27881,146.77379
2012-06-22,364.27,450.9,776.77,652.45,915.82,4559.87842,150.07124
2012-06-25,356.03,443.37,768.66,631.08,906.09,4523.28711,153.84087
2012-06-26,349.09,438.62,770.94,617.96,912.39,4527.09131,157.84352
2012-06-27,350.81,442.56,778.25,605.06,920.73,4567.55859,157.96542
2012-06-28,347.37,443.41,777.55,598.7,917.93,4427.94092,155.1404
2012-06-29,361.2,471.86,797.52,622.3,946.44,4717.40381,156.8026
2012-07-02,364.82,467.91,807.7,643.89,966.65,4642.2627,156.53432
2012-07-03,370.33,472.31,826.18,647.43,963.22,4755.1167,157.25626
2012-07-05,364.39,464.99,817.51,648.14,962.32,4823.26611,162.85851
2012-07-06,355.64,456.52,813.74,633.67,964.6,4714.42139,154.9702
2012-07-09,347.47,451.04,786.13,626.59,964.6,4799.53174,160.91464
2012-07-10,344.12,446.54,778.34,623.46,960.28,4654.06836,151.80771
2012-07-11,341.42,444.31,783.41,626.2,971.02,4749.1543,157.89929
2012-07-12,330.38,430.08,785.36,625.73,966.87,4796.80811,160.15366
2012-07-13,329,425,796.29,627.8,978.57,4790.06445,158.05563
2012-07-16,323.72,422.31,795.21,621.18,980.77,4860.55518,153.95697
2012-07-17,321.92,419.5,799.56,622.11,990.44,4918.25244,154.1295
2012-07-18,321.31,416.35,799.49,626.36,993.04,4972.05762,164.48123
2012-07-19,325.85,410.94,790.89,631.77,1001.21,5100.46973,165.07996
2012-07-20,324.15,398.33,790.65,625.39,993.23,5054.34619,170.30228
2012-07-23,315.69,385.11,775.04,599.87,977.87,4943.33203,174.81694
2012-07-24,308.9,370.12,775.53,590.11,964.05,4977.68262,179.25281
2012-07-25,308.25,365.53,764.08,591.14,955.12,4991.66162,172.24236
2012-07-26,312.66,377.18,766.82,608.72,969.62,4977.68213,172.90193
2012-07-27,317.66,383.02,780.58,605.45,966.34,4987.79443,166.57339
2012-07-30,311.91,393.3,780.09,605.78,962.47,4977.85205,178.20023
2012-07-31,314.17,404.21,786,604.81,947.47,4905.38232,178.75734
2012-08-01,310.97,393.16,772.82,595.88,946.54,4956.28809,176.7674
2012-08-02,314.64,384.77,786.08,609.71,937.7,4898.01318,164.1478
2012-08-03,319.06,394.01,784.04,611.3,943.43,5067.67285,159.51526
2012-08-06,326.98,402.76,778.88,616.35,955.27,5094.51123,160.68153
2012-08-07,332.7,411.09,782.15,623.78,960.13,5147.63477,162.88663
2012-08-08,337.11,407.98,778.61,620.6,962.8,5144.05176,161.62297
2012-08-09,338.92,410.97,789.67,624.31,963.82,5150.20459,162.46092
2012-08-10,337.44,412.26,798.34,613.4,965.42,5125.03076,152.86246
2012-08-13,332.95,412.15,804.43,610.03,962.35,5150.68799,151.58231
2012-08-14,332.7,409.16,795.92,599.2,972.57,5218.53271,158.29308
2012-08-15,333.44,404.23,795.01,600.18,977.45,5268.80176,153.48953
2012-08-16,339.7,418.16,799.52,592.16,981.58,5315.83789,151.46802
2012-08-17,343.51,424.61,813.43,599.02,978.63,5346.31641,151.40752
2012-08-20,347.22,428.05,820.63,589.68,978.89,5344.08936,154.58156
2012-08-21,355.11,446.28,819.74,583.5,979.36,5341.08643,153.30487
2012-08-22,351.54,430.83,814.24,578.25,980.76,5384.79932,156.46149
2012-08-23,353.35,437.54,814.51,577.5,974.78,5308.80908,154.5163
2012-08-24,349.6,433.24,816.22,575.42,981.29,5324.30615,149.62325
2012-08-27,349.4,434.67,815.38,573.69,982.3,5315.29248,147.70578
2012-08-28,348.76,447.16,812.72,555.33,982.65,5360.28223,145.45602
2012-08-29,344.41,440.26,815.71,555.54,977.75,5311.63135,146.51625
2012-08-30,328.94,433.39,802.17,547.96,978.58,5277.43066,153.2697
2012-08-31,331.86,443,810.68,563.91,984.96,5345.88525,155.10658
2012-09-04,327.93,454.34,806.22,573.15,983.11,5309.63965,159.0106
2012-09-05,326.38,450.45,808.23,569.14,984.51,5329.19336,156.19858
2012-09-06,335.23,465.6,813.4,531.93,986.22,5324.36475,154.72037
2012-09-07,340.71,477.21,819.7,537.02,985.33,5319.00928,147.95253
2012-09-10,345.99,488.04,814.95,532.22,977.31,5344.93701,155.68639
2012-09-11,351.19,485.03,820.41,545.89,988.76,5364.27002,165.17336
2012-09-12,353.47,481,820.18,547.5,989.71,5365.1377,169.39922
2012-09-13,356.78,468.83,842.03,530.93,1001.05,5416.38965,167.32352
2012-09-14,369.41,490.67,851.12,536.72,1005.75,5341.54492,158.78957
2012-09-17,366.97,498.72,846.4,520.27,1006.55,5209.26709,154.46648
2012-09-18,364.64,495.56,850.8,513.78,1005.57,5170.91162,150.47685
2012-09-19,367.46,505.2,845.9,512.65,1011.16,4969.21973,149.21706
2012-09-20,360.32,502.88,843.86,506.77,1007.98,4981.65088,151.66733
2012-09-21,357.98,517.07,846.25,512.39,1010.44,4949.64355,153.72722
2012-09-24,353.64,523.63,844.99,500.01,1016.1,4915.95654,151.70857
2012-09-25,349.11,522.15,843.91,485.59,1009.34,4870.47803,155.86382
2012-09-26,339.5,494.54,833.39,465.18,1004.69,4823.37793,162.04791
2012-09-27,348.13,496.56,840.4,474.59,1009.71,4869.42773,174.79045
2012-09-28,343.55,489.07,844.43,470.77,1013.23,4872.70215,175.47861
2012-10-01,342.74,494.12,840.43,492.31,1024.32,4846.41455,182.3694
2012-10-02,342.78,497.98,851.07,491.46,1028.98,4821.00879,185.25392
2012-10-03,338.67,491.52,857.15,490.95,1034.24,4605.75586,177.40573
2012-10-04,344.44,495.4,866.27,480.87,1034.24,4728.10889,175.59633
2012-10-05,338.86,504.6,868.86,488.55,1035.76,4659.82861,176.06561
2012-10-08,335.46,494.23,867.19,476.67,1034.73,4702.77734,179.15094
2012-10-09,331.01,485.25,859.58,485.01,1033.58,4874.9585,182.93625
2012-10-10,327.1,475.11,854.57,472.42,1032.99,4840.8125,184.34875
2012-10-11,329.63,481.44,856.29,498.47,1035.28,4849.78711,189.8407
2012-10-12,326.87,479.35,835.57,486.44,1026.72,4858.93457,191.00385
2012-10-15,325.21,479.89,843.74,499.55,1020.35,4875.85742,185.05431
2012-10-16,330.01,489.84,850.35,484.71,1026.96,4869.25879,181.73137
2012-10-17,333.95,497.39,863.34,499.4,1033.57,4871.76611,183.51096
2012-10-18,334.04,497.94,860.09,503.64,1029.6,4925.04736,191.81482
2012-10-19,317.17,496.95,845.25,491.04,1021.03,4871.25488,195.66162
2012-10-22,320.86,491.58,842.91,486.25,1027.13,4751.93506,184.87186
2012-10-23,318.26,481.56,845.39,474.65,1018.93,4673.67969,190.62488
2012-10-24,316.55,485.82,844.53,478.38,1021.61,4622.99023,186.04124
2012-10-25,313.22,483.92,848.28,470.12,1025.88,4626.47803,184.62901
2012-10-26,309.59,477.49,853.84,465.99,1030.77,4638.84424,182.80099
2012-10-31,306.79,480.99,879.55,470.65,1023.35,4644.45508,198.83266
2012-11-01,310.73,479.19,888.94,471.69,1031.36,4675.42676,198.58081
2012-11-02,305.81,483.44,885.18,473.11,1026.11,4569.28662,191.36513
2012-11-05,308.82,478.11,886.15,504.38,1019.93,4674.34863,193.95955
2012-11-06,317.24,483.29,894.56,498.07,1025.97,4828.92871,196.89139
2012-11-07,315.03,471.46,870.66,484.25,1010.68,4591.42432,194.55376
2012-11-08,309.23,468.39,865.23,471.4,1010.9,4631.87402,196.40147
2012-11-09,310.64,465.44,861.46,468.56,1003.13,4706.73779,191.56155
2012-11-12,306.99,459.42,861.8,465.25,984.94,4703.78271,196.2429
2012-11-13,298.23,453.7,856.44,470.34,975.3,4693.33838,205.53284
2012-11-14,294.13,452.44,831.56,458.85,967.81,4745.01025,206.68719
2012-11-15,288.76,457.93,835.97,451.3,958.3,4681.80566,202.88737
2012-11-16,284.67,457.19,841.04,442.1,973.17,4784.61719,209.22694
2012-11-19,288.18,461.25,847.06,457.6,990.91,4896.56152,203.96855
2012-11-20,287.24,461.79,844.54,445.93,991.32,4781.22607,211.20068
2012-11-21,290.68,460.26,839.74,445.4,994.54,4818.57031,215.23094
2012-11-23,294.57,470.74,852.35,453.31,1001.7,4891.15332,216.1349
2012-11-26,295.09,481.02,869.65,441.68,995.26,4877.90527,207.36935
2012-11-27,298.98,478.25,867.31,429.03,1001.34,4835.43848,209.04759
2012-11-28,305.15,477.72,875.79,438.94,1002.12,4797.16797,204.99864
2012-11-29,310.32,487.48,875.87,440.98,1003.22,4825.79541,199.89217
2012-11-30,313.16,494.6,873.38,433.37,998.82,4836.25928,193.70059
2012-12-03,312.23,497.34,864.88,435.68,988.6,4864.75928,196.08655
2012-12-04,316.86,503.67,864.53,428.88,978.44,4835.64014,193.37096
2012-12-05,318.7,510.62,857.74,420.38,973.15,4796.05078,201.92751
2012-12-06,319.61,510.88,857.91,409.56,981.16,4685.21143,199.11879
2012-12-07,323.2,518.91,855.82,420.38,986.35,4663.85059,192.73053
2012-12-10,326.21,521.1,860.98,431.84,998.5,4651.46924,188.10291
2012-12-11,332.66,525.44,863.96,439.57,987.91,4657.96826,185.25455
2012-12-12,345.88,526.38,872.3,431.96,985.56,4705.97119,183.42278
2012-12-13,345.28,537.09,856.96,426.43,989.68,4678.85791,182.32782
2012-12-14,350.52,535.97,853.02,444.82,990.75,4723.74951,180.49701
2012-12-17,347.79,540.88,858.36,475.22,997.67,4772.02002,183.76656
2012-12-18,348.02,546.94,853.01,475.46,1003.19,4830.87402,187.78493
2012-12-19,357.5,555.25,877.26,473.32,1016.07,4890.37891,181.3882
2012-12-20,358.97,560.79,869.7,472.36,1021.25,4948.58789,190.08112
2012-12-21,352.82,557.97,860.07,465.1,1013.89,4885.60938,190.16736
2012-12-24,351.18,554.98,861.04,456.89,1015.67,4887.28467,184.54863
2012-12-26,356.35,555.09,852.28,454.49,1017.16,4990.70801,186.06816
2012-12-27,355.84,552.33,851.78,456.47,1006.59,4989.21729,184.15137
2012-12-28,353.88,544.76,856.89,448.47,1008.73,4976.74805,190.13589
2012-12-31,358.41,537.24,863.82,449.66,1022,5030.81787,183.60129
2013-01-02,369.39,564.61,885.79,457.61,1059.91,5055.01904,175.5034
2013-01-03,396.06,570.85,886.88,467.14,1062.82,5062.74609,174.24303
2013-01-04,403.58,575.67,886.45,477.37,1069.05,5108.31396,180.37413
2013-01-07,401.72,594.44,889.28,487.05,1075.93,5137.09814,180.03825
2013-01-08,401.67,587.83,902.53,508.18,1077.98,5120.92139,176.90955
2013-01-09,415.47,609.59,903.73,528.41,1086.42,5106.06934,170.73248
2013-01-10,417.82,628.49,902.11,552.95,1090.88,5118.3501,174.19412
2013-01-11,417.89,631.04,907.73,563.2,1093.68,5128.49121,182.36951
2013-01-14,414.87,620.66,901.95,532.97,1100.48,5135.80762,184.01401
2013-01-15,415.31,623.5,904.37,522.73,1098.29,5098.21826,188.83302
2013-01-16,411.85,609.38,907.81,522.95,1097.54,5151.62939,187.77428
2013-01-17,411.2,610.14,912,513.23,1098.97,5172.21582,189.2525
2013-01-18,410.68,614.74,910.01,507.26,1105.15,5137.7832,191.72598
2013-01-22,420.95,609.32,897.96,516.95,1109.17,5158.94531,190.72659
2013-01-23,420.34,610.4,896.49,512.44,1112.46,5112.42236,190.79649
2013-01-24,421.02,606.49,897.51,512.67,1119.88,5150.11621,184.96405
2013-01-25,410.48,616.46,919.61,511.93,1123.41,5158.34424,185.2872
2013-01-28,405.88,612.99,930.59,505.59,1132.11,5207.27734,177.58955
2013-01-29,406.45,609.95,943.4,506.03,1140.15,5225.36133,172.76843
2013-01-30,404.1,616.7,933.98,492,1130.65,5210.89697,177.43867
2013-01-31,405.69,602.58,936.84,491.64,1143.96,5200.604,178.11896
2013-02-01,409.53,583.03,942.65,509.06,1149.22,5188.16504,175.16757
2013-02-04,404.15,576.87,939.99,517.32,1144.15,5127.30371,176.73923
2013-02-05,407.87,566.56,945.1,533.36,1148.76,5123.36963,180.19798
2013-02-06,411.41,586.2,952.13,531.58,1143.76,5130.03906,181.47871
2013-02-07,408.53,590.68,954.84,520.22,1153.5,5124.50879,175.66537
2013-02-08,406.16,588.23,953.24,518.61,1146.16,5132.98486,175.461
2013-02-11,414.71,587.17,950.66,524.59,1143.54,5232.34277,176.82007
2013-02-12,423.86,596.04,956.1,531.24,1142.74,5236.77393,173.46715
2013-02-13,427.33,597.28,961.65,537.17,1142.33,5218.65234,177.84627
2013-02-14,442.91,591.19,961.36,529.52,1137.58,5252.30713,170.72293
2013-02-15,437.88,590.26,965.62,526.44,1138.29,5206.63574,171.25519
2013-02-19,450.19,589.88,956.5,545.26,1149.93,5252.98779,177.81683
2013-02-20,444.91,601.31,951.15,545.17,1137.12,5122.09326,177.80377
2013-02-21,429.95,582.89,943.2,542.01,1115.28,5071.38477,177.31274
2013-02-22,431.83,584.22,952.33,525.52,1118.47,5056.95898,178.70129
2013-02-25,425.66,585.43,956.71,499.9,1111.33,5025.14648,184.25359
2013-02-26,418.39,566.2,966.41,500.85,1114.47,5014.06201,185.50351
2013-02-27,417.64,582.12,952.56,510.14,1117.33,4983.06689,184.47449
2013-02-28,416.18,576.89,952.44,526.53,1131.69,5004.7583,189.53381
2013-03-01,416.12,579.8,884.24,521.49,1124.41,4994.20117,190.3392
2013-03-04,414.21,574.35,851.96,521.09,1126.35,4945.33496,193.65387
2013-03-05,424.15,579.03,867.48,540.42,1133.65,4986.92627,193.77739
2013-03-06,430.77,574.91,871.48,622.97,1124.75,4962.79834,190.43359
2013-03-07,431.01,577.33,859.73,597.06,1123.24,4987.27344,195.11154
2013-03-08,429.57,583.65,873.02,578.6,1124.73,4994.26416,197.10913
2013-03-11,427.1,581.28,875.61,587.97,1127.8,5002.08008,198.26842
2013-03-12,428.61,577.41,873.54,547.1,1129.99,5013.35449,197.46788
2013-03-13,417.38,570.03,866.62,586.29,1131.68,5036.32617,200.3208
2013-03-14,418.02,580.86,864.3,605.15,1131.27,5034.31836,206.28638
2013-03-15,413,583.62,883.07,622.65,1133.32,5050.50537,209.26224
2013-03-18,401.69,571.39,846.72,617.9,1125.51,5081.17676,210.42381
2013-03-19,401.29,567.43,847.68,606.09,1116.47,5023.18066,216.33034
2013-03-20,409.55,579.98,849.31,615.09,1117.36,5055.62939,215.36459
2013-03-21,403.13,580.12,848.18,570.66,1121.24,5028.81787,214.04433
2013-03-22,399.64,586.67,848.72,572.32,1115.39,5090.7959,213.33427
2013-03-25,386.15,578.34,852.8,582.14,1124.38,5150.55322,209.96613
2013-03-26,384.22,576.03,850.52,565.42,1132.3,5247.1582,216.55284
2013-03-27,382.41,561.85,840.61,558.21,1131.7,5260.229,221.56361
2013-03-28,381.41,560.86,842.22,573.19,1130.62,5297.57666,219.24763
2013-04-01,376.31,558.08,838.02,569.16,1132.35,5288.85889,218.75728
2013-04-02,374.56,551.45,828.51,558.87,1124.24,5275.9585,215.45717
2013-04-03,367.46,555.08,822.66,543.44,1116.15,5145.16357,212.4525
2013-04-04,368.57,553.42,823.2,550.59,1106.68,5120.71973,216.72188
2013-04-05,363.82,544.05,821.48,549.05,1110.82,5076.71533,225.90562
2013-04-08,368.68,555.34,828.43,544.52,1122.83,5093.25488,222.69351
2013-04-09,398.9,566.93,825.83,529.52,1137.04,5124.00879,218.50471
2013-04-10,403.74,591.18,837.72,539.29,1142.54,5159.2998,222.69377
2013-04-11,404.6,589.36,841.65,530.99,1133.49,5097.69727,225.63759
2013-04-12,399.99,594.79,842.29,520.84,1128.01,4985.80322,230.58453
2013-04-15,385.39,588.26,818.51,478.33,1101.37,4827.15479,225.11485
2013-04-16,390.74,587.25,817.12,482.7,1120.85,4797.53418,224.952
2013-04-17,382.84,577.99,814.23,477.52,1103.71,4695.88916,228.29346
2013-04-18,381.58,568.02,815.64,495.51,1121.62,4731.71777,237.36794
2013-04-19,388.54,574.17,816.61,527.13,1134.3,4746.81885,237.74548
2013-04-22,391.84,578.69,820.26,551.52,1137.54,4811.23584,231.29274
2013-04-23,399.97,587,822.92,537.16,1149.18,4849.27832,230.44676
2013-04-24,414.21,592.15,832.53,554.89,1153.2,4971.625,226.53166
2013-04-25,419.68,599.35,840.67,565.56,1136.57,5066.39209,225.45554
2013-04-26,425.46,598.46,843.24,566.64,1135.16,5059.66504,225.88956
2013-04-29,437.71,610.58,848.44,574.26,1142.81,5127.56982,238.30992
2013-04-30,436.7,613.83,843.43,572.97,1134.61,5013.66162,232.98024
2013-05-01,430.93,614.84,837.47,562.87,1115.36,4883.3042,232.06827
2013-05-02,438.15,608.89,834.77,592.97,1125.19,5061.83154,216.76637
2013-05-03,437.74,617.42,842.84,591.97,1131.85,5138.55957,217.18355
2013-05-06,442.52,625.54,843.7,603.52,1128.24,5214.27588,217.49648
2013-05-07,436.11,628.52,840.72,598.48,1125.21,5170.65137,211.974
2013-05-08,440.82,640.59,845.46,587.65,1132.06,5223.76025,215.07057
2013-05-09,448.21,642.88,843.76,588.43,1131.3,5237.35059,216.41631
2013-05-10,466.11,643.88,845.18,591.5,1135.49,5276.91797,214.83495
2013-05-13,475.36,647.67,844.28,582.59,1135.86,5219.59863,215.26663
2013-05-14,476.95,650.41,848.59,613.8,1142.17,5151.87402,220.05244
2013-05-15,489,663.11,855.29,617.35,1145.25,5169.99756,223.13776
2013-05-16,482.21,665.98,844.34,593.33,1131.56,5202.87305,214.9821
2013-05-17,494.52,663.94,851.56,599.01,1139.15,5297.90332,223.73462
2013-05-20,520,667.87,848.06,594.77,1146.93,5314.69824,224.76595
2013-05-21,527.19,668.07,857.98,611.55,1155.59,5324.85986,232.132
2013-05-22,504.95,662.95,849.12,619.68,1153.06,5240.55371,232.6788
2013-05-23,501.8,650.2,829.52,621.47,1145.45,5256.79395,237.65727
2013-05-24,506.28,664.06,820.28,750.84,1142.71,5249.33301,236.23393
2013-05-28,516.43,692.71,817.25,809.93,1136.77,5325.78516,233.97357
2013-05-29,513.12,695.71,822.3,822.04,1119.91,5239.95947,233.38722
2013-05-30,526.4,692.54,805.49,762.91,1107.16,5291.30518,227.40007
2013-05-31,517.26,680.49,821.68,722.74,1087.2,5208.72119,225.63383
2013-06-03,516.06,670.14,821.72,775.85,1087.06,5275.71973,225.3119
2013-06-04,514.5,666.08,812.81,777.19,1087.27,5270.61523,225.82703
2013-06-05,506.41,670.1,798.69,759.23,1066.58,5338.02441,227.83694
2013-06-06,512.23,665.67,815.38,768.62,1070.89,5382.84131,217.39273
2013-06-07,514.65,658.12,818.78,813.93,1076.99,5495.79688,219.07645
2013-06-10,532.87,665.2,825.07,842.31,1062.55,5570.46191,221.02699
2013-06-11,515.59,660.38,806.58,824.16,1043.78,5563.03857,217.2023
2013-06-12,502.21,662.36,800.65,834.79,1044.25,5546.27441,218.48434
2013-06-13,503.72,651.58,789.59,822.25,1057.72,5608.59961,221.23488
2013-06-14,499.69,653.69,796.9,800.97,1058.64,5639.68262,215.15518
2013-06-17,514.68,664.42,798.66,776.94,1062.21,5666.84717,224.59888
2013-06-18,515.09,667.06,804.06,765.97,1062.64,5793.78418,229.83269
2013-06-19,509.24,665.01,791.29,778.52,1054.28,5769.7334,232.75095
2013-06-20,483.77,639.34,775.36,715.97,1016.4,5713.02881,232.17415
2013-06-21,485.92,631.05,740.83,712.98,1010.83,5554.50488,223.5675
2013-06-24,466.58,605.71,731.38,683.81,1007.29,5708.42041,224.24652
2013-06-25,479.7,601.13,713.59,713.3,1029.65,5691.08057,217.74414
2013-06-26,493.62,620.7,748.17,754.46,1046.33,5799.81055,225.12982
2013-06-27,495.77,647.08,768.4,759.91,1066.66,5838.04297,215.4752
2013-06-28,499.73,645.85,775.8,744.49,1062.93,5758.35547,212.59877
2013-07-01,510.6,645.32,790.84,779.28,1073.41,5820.21387,212.45949
2013-07-02,507.49,647.66,758.58,766.83,1058,5927.69385,217.4678
2013-07-03,503.94,632.69,765.26,741.94,1051.24,6098.19141,222.26715
2013-07-05,519.97,636.54,796.67,751.51,1047.48,6267.00244,219.60616
2013-07-08,523.43,650.33,788.66,764.27,1057.1,6261.11377,227.09741
2013-07-09,519.01,656.93,795.42,748.67,1056.29,6222.35986,219.79301
2013-07-10,525.89,666.64,798.9,736.96,1054.84,6388.00439,220.68961
2013-07-11,542.02,678.95,809.95,742.68,1080.3,6288.30518,216.56322
2013-07-12,545.13,665.34,816.02,739.65,1073.98,6342.69678,218.14806
2013-07-15,573.43,664.83,816.63,755.37,1073.26,6305.83936,217.90494
2013-07-16,573.41,670.76,822.58,752,1067.5,6238.62988,216.40984
2013-07-17,573.74,666.16,810.03,778.45,1077.23,6312.13428,215.12712
2013-07-18,571.73,665.26,814.72,776.51,1069.44,6435.40283,227.06178
2013-07-19,569.36,667.06,817.34,785.13,1073.64,6418.71045,225.08554
2013-07-22,577.58,683.21,826.82,792.7,1074.4,6348.31592,218.34026
2013-07-23,576.02,695.17,827.48,782.3,1074.01,6369.46191,222.3342
2013-07-24,569.33,715.08,816.61,762.07,1067.54,6242.77686,219.05103
2013-07-25,573.57,719.88,813.88,769.26,1059.08,6220.21777,214.86845
2013-07-26,572.28,716.71,818.48,762.72,1063.56,6195.62256,210.36713
2013-07-29,573.22,714.95,821.3,759.37,1043.01,6199.81494,205.1187
2013-07-30,586.52,713.57,816.09,758.63,1033.22,6269.84082,208.7514
2013-07-31,585.25,716.02,810.59,742.45,1034.06,6398.95264,209.94756
2013-08-01,568.5,734.98,814.33,714.29,1035.78,6520.33203,204.69334
2013-08-02,564.16,744.05,807.33,716.9,1028.97,6534.56885,204.51843
2013-08-05,582.66,754.83,811.75,708.84,1031.18,6487.90576,202.07732
2013-08-06,578.75,733.55,793.94,698.02,1030.51,6399.60742,201.65144
2013-08-07,545.66,720.71,783.9,687.84,1018.8,6398.40283,199.05734
2013-08-08,541.65,742.74,795.54,704.74,1023.51,6261.38721,199.64984
2013-08-09,548.48,742.57,798.84,715.59,1034.36,6420.19238,195.68954
2013-08-12,550.86,750.13,797.55,713.31,1026.25,6489.15723,202.42305
2013-08-13,547.17,747.71,809.02,712.89,1015.99,6557.75977,201.64972
2013-08-14,546.9,753.64,801.25,699.46,1013.44,6539.75439,204.5471
2013-08-15,528.85,756.07,794.66,668.61,1005.59,6581.47559,209.65308
2013-08-16,540.86,766.24,792.67,683.98,1003.93,6688.84766,209.64116
2013-08-19,529.63,732.92,793.31,668.45,991.24,6824.94727,220.67967
2013-08-20,534.08,718.18,795.86,662.73,999.78,6644.94434,218.03723
2013-08-21,543.24,722.03,795.42,658.74,998.27,6714.94092,223.7236
2013-08-22,559.56,732.72,781.32,663.66,1005.31,6761.83154,228.2271
2013-08-23,564.95,742.38,785.67,663.66,1021.88,6834.82471,223.82413
2013-08-26,562.06,738.58,784.25,669.42,1016.71,6836.60645,226.74658
2013-08-27,538.25,705.06,756.54,658.67,1007.07,7323.29199,237.41412
2013-08-28,536.81,710.4,735.23,647.59,1016.53,7418.53809,240.34447
2013-08-29,545.09,714.18,755.61,656.2,1008.49,7305.91992,242.9487
2013-08-30,542.8,711.92,773.24,654.68,1002.76,7171.64307,238.56622
2013-09-03,557.37,728,770.09,657.61,1001.72,7421.42236,250.66275
2013-09-04,568.32,725.77,762.65,673.29,988.51,7098.62598,243.81461
2013-09-05,581.78,731.72,762.36,709.27,1001.15,7181.78809,236.91882
2013-09-06,583.34,747.68,764.12,693.91,1003.17,7214.18262,230.39957
2013-09-09,590.13,743.67,770.83,711.26,1013.48,7148.26074,235.29474
2013-09-10,603.8,767.52,783.01,679.28,1025.02,6838.70264,228.2327
2013-09-11,601.79,775.53,799.36,700.02,1014.81,6819.94922,226.1692
2013-09-12,592.9,780.53,789.95,700.19,1011.87,6902.07324,231.21309
2013-09-13,593.62,777.3,784.8,694.1,1009.15,6850.7749,232.79086
2013-09-16,602.26,780.44,781.89,694.62,1000.52,6709.84033,235.3071
2013-09-17,602.55,778.11,801.02,688.81,997.7,6652.00195,236.30949
2013-09-18,614.25,781,808.63,692.38,1022.37,6878.65527,236.33244
2013-09-19,620.2,795.43,829.64,688.46,1015.47,6634.48047,231.9792
2013-09-20,615.49,793.13,799.5,705.51,1012.24,6568.04248,231.35925
2013-09-23,612.41,789.07,804.41,698.82,1010.34,6484.73389,225.4852
2013-09-24,615.13,802.56,808.3,705.36,1017.09,6472.43896,219.15791
2013-09-25,628.26,805.72,808.4,729.73,1021.56,6389.76367,217.4113
2013-09-26,637.87,820.39,815.25,744.96,1022.04,6358.95996,215.89481
2013-09-27,648.06,829.37,812,760.21,1014.94,6470.62598,225.75169
2013-09-30,660.5,827.91,795.7,745.21,1015.51,6411.53711,223.05357
2013-10-01,677.52,851.93,801.83,729.85,1030.7,6383.82666,225.78625
2013-10-02,685,854.77,807.3,719.25,1028.58,6515.77539,221.6991
2013-10-03,684.89,862,812.43,702.12,1020.66,6406.9248,216.99573
2013-10-04,698.49,863.44,814.11,674.68,1020.51,6374.37402,215.22107
2013-10-07,698.03,858.25,809.4,676.1,1018.74,6351.85107,223.72966
2013-10-08,688.16,864.13,805.1,647.56,1017.82,6393.09473,229.55589
2013-10-09,671.52,863.66,809.15,653.13,1023.94,6290.0957,227.74593
2013-10-10,687.47,881.63,817.79,671.88,1023.06,6290.76904,227.36176
2013-10-11,703.11,889.3,830.3,678.56,1021.18,6223.65869,230.35223
2013-10-14,708.74,886.82,829.33,674,1030.64,6287.35938,234.52509
2013-10-15,716.76,901.12,820.3,676.06,1031.35,6251.43799,234.09692
2013-10-16,726.04,905.25,823.49,673.02,1035.72,6318.14648,232.79982
2013-10-17,734.19,925.68,833.57,670.65,1043.79,6147.8667,229.43811
2013-10-18,749.82,932.37,826.18,678.87,1056.4,6164.58203,230.17049
2013-10-21,760.89,949.7,836.54,680.16,1066.26,6112.49756,225.96898
2013-10-22,777.59,957.16,836.82,686.65,1069.14,5987.95166,219.25209
2013-10-23,759.16,937.2,841.16,681.9,1061.53,5957.8584,222.60469
2013-10-24,760.19,940.21,844.34,732.96,1062.67,5968.86621,223.05649
2013-10-25,740.51,922.87,830.96,725.91,1059.37,6015.26025,227.88522
2013-10-28,720.25,908.84,828.39,722.18,1052.09,6070.15234,219.54169
2013-10-29,730.86,921.23,835.11,716.33,1045.95,6037.7583,214.94911
2013-10-30,721.25,921.45,831.5,712.84,1036.99,5930.06543,221.8336
2013-10-31,713.94,920.61,830.93,704.57,1031.53,5960.09082,221.44725
2013-11-01,736.94,919.32,826.3,694.49,1026.55,5886.16113,218.56129
2013-11-04,775.25,924.76,828.92,702.56,1027.4,5886.7832,214.33067
2013-11-05,784.09,917.54,828.96,701.61,1018.31,5808.54785,215.61986
2013-11-06,779.21,964.65,814,694.95,1017.26,5925.40771,218.64005
2013-11-07,743.06,939.88,804.45,696.36,1014.07,5912.93408,220.88763
2013-11-08,756.8,935.3,802.58,692.97,1007.27,5993.05176,225.46799
2013-11-11,775.87,930.33,760.63,705.01,1008.83,6042.81689,227.00261
2013-11-12,758.33,920.47,757.32,701.43,1010.71,5957.67676,231.60918
2013-11-13,771.14,918.53,755.05,736.14,1012.49,5941.52441,225.6868
2013-11-14,779.68,934.41,759.19,733.9,1020.93,5912.36426,227.3259
2013-11-15,777.54,932.22,750.88,741.3,1028.01,5917.01562,230.77873
2013-11-18,765.27,948.2,757.5,737.78,1026.33,5777.30273,224.62112
2013-11-19,743.32,923.8,712.65,707.71,1016.78,5812.8418,221.45346
2013-11-20,746.45,908.07,698.32,710.96,1015.2,5819.63867,229.0941
2013-11-21,752.47,913.6,699.05,730.97,1014.41,6011.76514,233.18898
2013-11-22,746.09,924.11,709.94,729.9,1013.83,5941.72607,236.0652
2013-11-25,735.91,930.22,713.06,730.36,1020.87,5859.50195,235.96187
2013-11-26,740.78,922.64,734.34,723.12,1009.56,5848.91064,238.37683
2013-11-27,747.7,926.66,744.98,734.99,1011.59,5768.38086,243.42192
2013-11-29,741.31,939.87,757.36,728.31,1017.56,5779.97949,246.48445
2013-12-02,739.37,929.63,753.73,722.49,1003.21,5851.08447,248.71162
2013-12-03,733.93,897.98,749.46,717.53,999.07,5997.60205,248.29723
2013-12-04,735.89,879.32,750.22,782.14,984.88,6005.06445,244.65079
2013-12-05,723.44,884.24,753.66,787.57,975.65,5992.61914,254.27708
2013-12-06,710.57,889.49,747.31,857.1,990.45,5975.78955,251.76035
2013-12-09,688.23,895.14,738.09,829.78,989.6,5927.85986,257.72244
2013-12-10,695.09,889.72,735.99,857.12,985.33,6015.02002,258.71121
2013-12-11,679.6,892.91,742.17,838.45,969.01,5990.46436,266.63226
2013-12-12,671.68,883.28,745.07,846.35,966.13,6062.59863,274.15384
2013-12-13,673.48,893.44,738.4,872.75,968.87,6006.0083,270.51907
2013-12-16,680.94,898.45,746.35,886.56,969.06,6022.94824,264.38443
2013-12-17,691.31,886.58,763.56,787.3,964.75,5997.84229,264.48004
2013-12-18,691.41,906.28,753.41,797.63,963.08,6068.979,263.79581
2013-12-19,704.28,918.53,757.79,782.6,969.06,6167.1001,278.47794
2013-12-20,695.27,912.81,773.24,782.48,971.31,6152.22852,273.66638
2013-12-23,700.17,922.08,790.93,749.62,976.38,6109.6709,275.6795
2013-12-24,697.38,928.09,792.49,752.58,980.94,6132.24268,272.92868
2013-12-26,700.55,930.99,795.91,762.48,981.8,6164.18555,274.49359
2013-12-27,704.91,944.59,803.36,765,986.98,6218.23486,273.16348
2013-12-30,718.15,952.8,803.79,790.64,991.75,6138.05811,273.67493
2013-12-31,718.02,958.61,810.1,784.12,991.61,6087.76904,261.64664
2014-01-02,742.83,982.64,814.79,816.08,975.78,5947.34277,269.26312
2014-01-03,754.57,998.96,824.32,891.2,981.91,5846.19141,267.79489
2014-01-06,754.1,1024.42,828.77,883.03,977.41,5824.89355,268.45758
2014-01-07,769.74,1064.12,811.81,997.78,978.85,5822.80811,267.23874
2014-01-08,778.4,1044.83,812.99,934.49,969.62,5736.92383,261.96115
2014-01-09,778.37,1053.9,808.27,890.05,970.12,5688.41943,248.55029
2014-01-10,798.38,1052.63,797.16,930.46,975.51,5702.65088,249.27571
2014-01-13,786.96,1069.44,795.23,895.72,975.05,5642.07373,262.68219
2014-01-14,805.04,1062.66,791.23,921.57,981.05,5692.896,268.62796
2014-01-15,816.47,1073.91,788.85,933.91,980.84,5799.45947,266.35513
2014-01-16,824.58,1067.27,788.01,957.11,987.53,5777.55322,269.44699
2014-01-17,822.04,1074.48,783.73,902.25,986.85,5817.95752,266.70007
2014-01-21,809.71,1057.97,788.51,916.74,992.74,5886.19775,274.57355
2014-01-22,816.62,1058.8,788.12,900.85,997.5,5985.65234,290.15533
2014-01-23,796.75,1059.86,777.98,858.65,987.71,6057.48877,294.40939
2014-01-24,762.66,1014.68,767.4,839.82,978.57,6059.52148,324.92175
2014-01-27,753.66,969.86,743.39,823.45,969.49,6076.73633,307.70938
2014-01-28,781.66,1011.19,755,847.92,969.79,6112.03906,315.7981
2014-01-29,775.65,1001.83,749.86,846.99,947.85,6125.20947,349.60754
2014-01-30,784.72,1010.6,751.26,858.64,948.31,6137.85254,313.10983
2014-01-31,779.31,1014.72,745.36,875.07,955.55,6100.92432,309.33295
2014-02-03,755.29,1002.84,742.93,845.88,942.48,6048.42725,307.65875
2014-02-04,753.68,982.13,744.27,852.75,947.09,6053.18701,334.76575
2014-02-05,748.28,995.77,736,834.71,947.17,6085.13037,314.31717
2014-02-06,758.92,1027.19,740.85,852.15,952.67,6079.82666,306.41479
2014-02-07,778.15,1032.21,748.42,866.63,961.07,6199.30176,296.37231
2014-02-10,793.81,1041.42,750.81,904.87,954.5,6237.14014,285.4274
2014-02-11,787.82,1051.85,754.12,912.69,962.34,6205.22412,299.51974
2014-02-12,795.36,1055.01,758.7,931.97,955.47,6208.93848,298.29132
2014-02-13,814.65,1060.63,765.75,940.28,954.55,6243.42578,324.95679
2014-02-14,814.15,1073.78,770.55,947.82,963.53,6204.20703,322.51981
2014-02-18,839.21,1084.25,781.07,972.58,958.48,6366.69043,345.03073
2014-02-19,834.97,1079.78,776.76,973.22,941.08,6422.21436,382.24951
2014-02-20,837.44,1068.71,780.01,961.71,948.55,6396.47803,376.87759
2014-02-21,838.8,1070.77,774.21,967.82,950.98,6351.72998,381.29025
2014-02-24,861.53,1074.45,778,1017.67,928.67,6360.90771,336.8522
2014-02-25,861.09,1072.19,776.03,1023.95,938.97,6294.3667,314.99649
2014-02-26,878.69,1076.26,791.23,1104.31,935.52,6373.09619,301.60229
2014-02-27,894.43,1090.1,792.29,1165.28,933.46,6362.16309,280.27069
2014-02-28,892.25,1107.02,820.31,1188.92,924.52,6340.11328,284.8385
2014-03-03,878.15,1083.39,806.84,1289.31,926.37,6522.08936,279.23395
2014-03-04,911.38,1112.97,814.54,1551.47,932.01,6397.00537,288.92697
2014-03-05,919.92,1119.4,813.06,1651.29,933.98,6228.01562,277.66696
2014-03-06,940.64,1155.92,824.22,1590.5,942.72,6187.39062,284.02536
2014-03-07,934.33,1152.19,817.21,1730.13,932.09,6281.33252,282.77631
2014-03-10,921.05,1148.49,816.25,2031.96,930.68,6170.84814,283.82727
2014-03-11,909.59,1149.53,823.47,1651.29,930.53,6108.08203,281.19281
2014-03-12,903.21,1130.86,821.59,1700.77,925.96,5979.05566,273.96634
2014-03-13,880.38,1121.42,816.8,1756.79,915.82,6028.8418,269.08771
2014-03-14,879.96,1089.21,809,1679.71,915.4,6061.41309,271.22815
2014-03-17,896.1,1117.53,810.81,1573.69,910.04,6011.76416,278.03186
2014-03-18,915.57,1100.58,828.16,1506.23,914.46,6081.50049,271.8071
2014-03-19,932.38,1100.78,840.07,1461.52,904.13,6122.21875,273.5083
2014-03-20,917.37,1095.27,835.01,1377.01,905.38,6079.15039,267.12067
2014-03-21,899.86,1092.1,823.03,1394.73,915.1,6058.75488,262.73288
2014-03-24,884.07,1069.15,826.2,1321.38,918.74,6039.69434,259.29449
2014-03-25,875.69,1055.59,832.15,1577.42,914.33,5973.37012,265.63702
2014-03-26,855.34,1078.35,822.1,1326.68,911.96,6026.37793,264.5932
2014-03-27,853.86,1085.89,821,1358.09,922.4,6098.87891,276.03931
2014-03-28,860.08,1109.46,833.86,1335.13,925.25,6089.16895,268.61337
2014-03-31,864.08,1122.38,838.14,1381.21,932.28,6083.77881,261.78574
2014-04-01,881.38,1153.05,838.15,1407.09,940.57,5973.57812,256.09604
2014-04-02,889.65,1164.55,835.56,1448.56,950.16,5961.80859,261.16577
2014-04-03,875.28,1156.11,839.38,1406.43,953.07,6052.85254,269.78015
2014-04-04,865.43,1158.79,842.16,1337.54,959.91,6053.48193,265.68524
2014-04-07,834.13,1142.61,835.94,1241.76,956.58,6045.83496,269.42612
2014-04-08,840.56,1126.97,835.91,1309.1,965.57,6178.26562,273.13043
2014-04-09,856.05,1163.47,836.2,1317.92,969.08,6229.57178,275.76077
2014-04-10,825.72,1159.2,835.2,1277.62,966.98,6233.83105,280.64297
2014-04-11,802.72,1137.32,825.97,1245.06,979.83,6261.3833,278.84702
2014-04-14,789.12,1097.41,825.03,1224.66,976.28,6280.09375,275.22565
2014-04-15,778.22,1088.91,820.08,1193.52,971.28,6273.34766,276.14822
2014-04-16,796.47,1104.85,824.3,1221.77,987.36,6250.24316,272.87589
2014-04-17,797.25,1111.55,830.7,1252.73,977.25,6292.99268,286.0506
2014-04-21,808.85,1111.88,830.8,1298.58,979.57,6313.81104,284.14267
2014-04-22,843.21,1156.23,826.67,1305.02,973.13,6213.94678,288.33734
2014-04-23,835.02,1146.26,819.74,1280.44,971.36,6200.16504,289.10471
2014-04-24,838.28,1133.73,818.05,1281.39,972.28,6233.07031,287.68488
2014-04-25,817.99,1117.69,806.89,1282.92,963.35,6103.95508,281.95905
2014-04-28,793.45,1117.73,801.65,1254.77,944.59,6118.9209,290.95819
2014-04-29,795.24,1117.36,812.95,1184.72,956.58,6097.20801,290.83344
2014-04-30,794.09,1133.93,818.02,1200.81,960.75,6011.92822,290.22894
2014-05-01,800.29,1135.04,817.53,1204.82,959.9,5998.50586,284.72086
2014-05-02,802.43,1154.61,815.93,1182.97,963.91,5985.89844,280.45401
2014-05-05,799.8,1169.78,820.48,1156.62,962.7,5990.18799,282.28793
2014-05-06,792.33,1177.47,824.49,1107.41,956.44,5959.80127,287.44809
2014-05-07,771.34,1154.35,838.5,1064.64,957.44,6037.18115,283.97577
2014-05-08,765.17,1153.62,848.28,1044.81,949.4,6006.0752,273.88565
2014-05-09,761.56,1187.7,876.78,1020.8,943.54,5985.65137,271.237
2014-05-12,784.43,1213.87,884.63,1052.79,951.33,5993.90674,264.21097
2014-05-13,780.9,1197.62,884.61,1110.38,957.01,6040.62402,258.84995
2014-05-14,776.98,1209.21,885.14,1031.83,959.4,6087.4834,259.68585
2014-05-15,757.6,1192.92,875.96,1034.23,961.31,6041.7876,266.01721
2014-05-16,754.5,1183.04,873.88,1079.51,966.6,5972.65869,258.35468
2014-05-19,760.42,1189.57,885.95,1097.83,961.22,5993.24512,261.08377
2014-05-20,750.7,1212.81,877.9,1075.24,962.09,6001.5498,266.68347
2014-05-21,771.56,1231.04,870.25,1078.63,960.89,6105.1626,262.40408
2014-05-22,785.81,1257.82,869.55,1080.09,964.92,6055.25195,254.43265
2014-05-23,794.92,1256.71,871.12,1083.13,961.67,6090.54443,257.10443
2014-05-27,800.74,1275.96,876.59,1108.56,956.71,6132.75586,265.37378
2014-05-28,799.61,1281.35,879.57,1227.95,962.41,6054.31689,272.24387
2014-05-29,812.25,1283.25,880.45,1200.57,966.59,6102.57129,268.60031
2014-05-30,799.16,1292.25,877.8,1206.43,964.02,6087.67285,269.2066
2014-06-02,798.3,1300.85,873.45,1216.35,964.96,6066.73633,273.05347
2014-06-03,790.96,1291.6,876.21,1208.12,968.54,6087.68652,274.49738
2014-06-04,789.55,1312.13,887.6,1139.64,978.14,6081.88184,274.94089
2014-06-05,792.72,1329.77,906.2,1174.93,985.1,6058.10498,277.89963
2014-06-06,788.1,1361.16,913.4,1171.27,995.38,6053.34668,277.72516
2014-06-09,793.22,1362.77,922.36,1146.15,1004.89,6182.74268,275.05832
2014-06-10,793.14,1341.14,914.97,1136.64,1009.24,6190.77246,268.75131
2014-06-11,797.76,1334.7,925.93,1114.01,1012.4,6192.74707,267.40329
2014-06-12,806.6,1327.61,922.96,1112.28,1009.87,6313.7666,282.23184
2014-06-13,816.21,1331.66,923.33,1151.76,1013,6386.26904,283.08417
2014-06-16,828.02,1298.67,922.15,1130.36,1020.47,6430.19531,283.13312
2014-06-17,853.68,1284.31,917.1,1191.24,1022.76,6415.68848,284.04922
2014-06-18,856.38,1308.21,913.71,1310.04,1014.16,6374.94336,280.27612
2014-06-19,857.27,1312.19,916.03,1290.87,1025.82,6401.23242,275.70468
2014-06-20,868.37,1311.1,923.59,1312.05,1024.68,6461.71777,272.96329
2014-06-23,860.24,1303.76,932.7,1307.13,1033.93,6385.1167,267.38467
2014-06-24,844.11,1291.64,925.2,1232.56,1034.06,6383.64209,273.03421
2014-06-25,848.54,1280.56,924.37,1253.78,1034.94,6404.37744,273.79465
2014-06-26,857.22,1288.07,923.92,1283.82,1033.11,6370.5625,264.8382
2014-06-27,860.08,1286.07,926.95,1284.98,1035.81,6354.44531,264.95886
2014-06-30,864.44,1302.21,921.39,1280.1,1045.48,6326.94141,267.86075
2014-07-01,866.47,1297.86,929.46,1292.73,1048.07,6328.30029,267.63412
2014-07-02,862.11,1303.11,923.1,1252.94,1047.3,6223.87354,259.54648
2014-07-03,868.25,1306.73,909.08,1259.76,1043.41,6198.07373,262.43237
2014-07-07,842.87,1282.2,907.91,1233.76,1030.57,6202.53418,253.12186
2014-07-08,821.61,1226.34,902.55,1187.97,1025.26,6189.9375,251.66826
2014-07-09,829.92,1224.97,901.1,1197.13,1035.46,6109.83301,249.07619
2014-07-10,819.78,1193.8,896.65,1172.15,1028.88,6182.02734,247.44926
2014-07-11,822.73,1204.73,884.24,1171.66,1031.1,6062.60547,249.28654
2014-07-14,827.19,1209.98,886.66,1164.51,1030.88,6062.16846,249.13103
2014-07-15,823.08,1186.94,881.94,1263.62,1028.75,6014.84326,246.52673
2014-07-16,821.41,1225.8,885.65,1231.98,1034.89,6077.76855,247.37479
2014-07-17,807.07,1214.01,879.79,1186.67,1030.96,6221.84082,238.40643
2014-07-18,818.03,1205.4,884.31,1257.16,1038.91,6221.78125,238.36185
2014-07-21,820.51,1211.12,883.06,1347.72,1050.06,6307.14307,232.10817
2014-07-22,829.61,1230.38,881.9,1365.05,1058.66,6277.41699,226.76132
2014-07-23,823.59,1237.51,881.23,1390.33,1059.03,6184.26123,225.61278
2014-07-24,822.52,1242.56,881.53,1338.65,1051.37,6132.46777,231.13161
2014-07-25,816.79,1249.65,878.4,1363.6,1049.07,6131.27002,227.07741
2014-07-28,815.2,1249.43,886.4,1381.4,1041.28,6109.60449,225.1666
2014-07-29,806.4,1241.87,887.4,1410.09,1024.95,6065.52051,228.75607
2014-07-30,799.62,1230.01,882.49,1394.77,1023.67,6058.81494,228.76904
2014-07-31,775.25,1205.42,870.54,1369.84,1007.08,5974.08643,233.74214
2014-08-01,761.15,1186.91,867.2,1349.15,1003.51,5971.31641,231.70268
2014-08-04,761.39,1199.35,878.97,1355.95,1011.39,5996.08301,233.88934
2014-08-05,770.75,1187.84,879.21,1329.77,998.63,5944.70801,237.89821
2014-08-06,770.56,1172.15,872.48,1334.88,994.82,5938.62744,240.98868
2014-08-07,785.8,1165.49,868.36,1360.3,994.04,5985.19336,238.32555
2014-08-08,777.6,1154.75,869.97,1371.93,995.08,5974.71533,242.41496
2014-08-11,796.12,1200.28,878.39,1400.76,1113.61,5997.10107,242.43993
2014-08-12,782.03,1215.39,880.09,1367.55,1098.4,5972.87061,243.7731
2014-08-13,795.28,1221.06,889.63,1414.5,1109.75,5962.45605,234.06261
2014-08-14,798.96,1224.48,905.32,1474.78,1126.9,5821.29932,237.89493
2014-08-15,806.92,1208.02,891.42,1447.79,1155.96,5925.354,229.83191
2014-08-18,812.58,1234.91,905.33,1461.42,1157.6,5868.13916,230.80577
2014-08-19,822.3,1253.14,918.85,1477.65,1166.66,5740.60498,235.56651
2014-08-20,823.37,1245.35,938.72,1447.1,1173.49,5822.37061,231.69482
2014-08-21,822.85,1216.19,939.81,1425.8,1168.6,5689.27783,235.47894
2014-08-22,825.79,1214.77,942.86,1442.45,1161.5,5657.86475,231.99361
2014-08-25,832.95,1231.96,943.19,1457.88,1164.21,5647.16162,238.16684
2014-08-26,834.32,1213.64,950.4,1417.68,1162.24,5676.32422,236.52359
2014-08-27,832.08,1222.25,958.09,1412.62,1174.13,5664.71924,238.76538
2014-08-28,823.08,1205.34,948.91,1375.12,1175.25,5730.34473,245.09268
2014-08-29,827.95,1196.55,962.7,1391.25,1198.83,5818.87061,246.4955
2014-09-02,826.27,1198,952.13,1391.82,1186.79,5630.5249,235.81764
2014-09-03,833.32,1229.01,959.69,1356.27,1184.64,5773.38672,232.47037
2014-09-04,838.1,1223.19,966.82,1347.25,1170.75,5704.77979,230.6676
2014-09-05,843.85,1216.07,974.2,1367.83,1169.9,5620.396,228.51497
2014-09-08,852.27,1216.64,964.08,1380.26,1155.42,5592.30908,233.92822
2014-09-09,832.68,1182.93,959.07,1308.41,1141.54,5640.22021,242.27103
2014-09-10,833.76,1203.32,949.46,1281.75,1140.51,5578.16553,240.60287
2014-09-11,837.71,1196.98,955.72,1305.17,1135.95,5645.45605,232.49574
2014-09-12,839.69,1189.14,945.39,1288.91,1115.08,5623.11816,235.0533
2014-09-15,811.66,1153.49,935.54,1215.14,1107.04,5676.76172,240.15659
2014-09-16,809.95,1128.74,936.82,1209.44,1122.45,5782.12939,243.46129
2014-09-17,820.6,1139.57,939.23,1207.08,1120.97,5747.58154,244.28134
2014-09-18,825.16,1155.42,945.62,1177.47,1110.14,5655.58447,237.59897
2014-09-19,818.57,1150.63,945.37,1170.83,1103.73,5625.36621,233.57353
2014-09-22,796.83,1148.71,953.08,1118.35,1088.05,5581.98779,234.8192
2014-09-23,794.26,1121.82,952.14,1172.71,1099.8,5590.92822,233.0164
2014-09-24,803.66,1118.04,960.27,1161.07,1104.52,5655,238.32657
2014-09-25,784.39,1107.82,943.4,1121.88,1089.69,5691.98291,244.27606
2014-09-26,787.92,1111.72,944.7,1136.06,1107.74,5751.91504,244.98213
2014-09-29,783.96,1089.35,952.02,1148.87,1103.78,5824.61377,255.84694
2014-09-30,768.85,1092.95,969.38,1155.37,1096.03,5644.2168,255.15378
2014-10-01,748.48,1070.59,957.55,1110.19,1087.08,5599.81006,248.29755
2014-10-02,746.49,1035.31,962.72,1128.16,1104.28,5625.91895,243.06248
2014-10-03,751.33,1045.65,961.89,1121.53,1096.29,5547.4126,249.67685
2014-10-06,721.15,1036.02,961.4,1092.34,1093.01,5584.50244,240.96072
2014-10-07,709.13,1012.27,957.74,1048.58,1083.72,5448.72607,242.66302
2014-10-08,716.04,985.36,954.48,1092.41,1082.53,5366.46533,236.94565
2014-10-09,687.96,988.78,937.98,1051,1047.28,5243.63477,235.06792
2014-10-10,663.37,944.42,924.42,1026.69,1037.18,5248.75098,236.01643
2014-10-13,634.72,944.02,900.02,970.2,1016.33,5227.86768,238.77223
2014-10-14,644.89,939.16,912.96,1018.71,986.82,5023.05273,234.21272
2014-10-15,647.25,923.52,906.21,1015.64,1003.82,5023.33643,233.41499
2014-10-16,666.57,909.6,921.86,1047.38,1038.87,5095.8501,233.90382
2014-10-17,677.1,939.25,926.8,1038.4,1037.99,5066.78271,230.59218
2014-10-20,687.3,948.96,955.02,1053.8,1059.23,5062.22412,224.62051
2014-10-21,713.66,976.71,969.09,1047.63,1067.42,5059.98096,226.75508
2014-10-22,702.21,996.4,962.39,1023.59,1060.42,4928.34717,223.95459
2014-10-23,708.28,989.97,962.08,1032.82,1074.69,5022.67676,221.61208
2014-10-24,704.18,980.98,963.44,1038.91,1078.45,4956.59619,221.67325
2014-10-27,690.79,969.59,955.83,1020.76,1072.49,4969.02588,218.45311
2014-10-28,709.99,988.03,959.12,1062.24,1089.02,4981.60107,223.26042
2014-10-29,709.8,992.95,961.12,1046.07,1070.81,5037.50391,228.46489
2014-10-30,710.79,993.07,964.61,1053.4,1078.85,4977.64502,234.83046
2014-10-31,729.72,1013.53,979.14,1109.41,1082.43,4946.04199,237.8448
2014-11-03,731.31,1018.3,976.58,1184.85,1075.64,4839.45557,248.54578
2014-11-04,721.73,1010.31,965.8,1189.37,1049.76,4742.05127,253.65892
2014-11-05,708.55,1011.1,972.23,1124.67,1061.17,4832.25,257.58081
2014-11-06,704.31,1008.81,974.45,1147.13,1067.74,4785.62158,270.51569
2014-11-07,697,1064.77,961.01,1179.73,1070.25,4827.10449,270.7843
2014-11-10,698.03,1054.95,962.15,1154.74,1066.35,4766.29199,262.02289
2014-11-11,691.92,1055.56,949.95,1123.15,1063.77,4793.93311,261.22449
2014-11-12,682.45,1043.76,982.3,1016.84,1065.09,4740.66553,257.05734
2014-11-13,672.18,1043.15,982.86,989.39,1059.65,4568.8501,244.84998
2014-11-14,677.26,1049,982.85,930.51,1079.59,4675.44043,247.8933
2014-11-17,672.02,1052.01,987.04,915.21,1098.68,4673.41748,268.20868
2014-11-18,695.66,1061.71,989.6,970.04,1101.73,4607.16748,262.06699
2014-11-19,696.43,1062.9,991.28,951.64,1116.22,4622.87842,270.93863
2014-11-20,709.47,1067.46,994.93,969.36,1100.34,4680.66943,278.00378
2014-11-21,719.55,1084.54,996.67,969.9,1136.52,4714.96631,262.89438
2014-11-24,722.92,1098.58,997.88,969.62,1123.77,4688.31934,256.81198
2014-11-25,719.36,1102.85,997.6,987.04,1105.17,4582.87402,264.86526
2014-11-26,724.36,1106.71,991.22,972.88,1131.73,4552.05176,269.02142
2014-11-28,698.97,1050.31,973.61,926.87,1048.12,4119.06104,254.55363
2014-12-01,672.12,1034.81,957.4,870.33,1011.7,4272.13477,248.0934
2014-12-02,673.26,1043.52,963.27,894.86,1020.89,4134.25391,239.47519
2014-12-03,683.8,1045.58,969.87,889.88,1040.22,4170.45117,235.50858
2014-12-04,684.11,1048.22,962.59,914.92,1000.33,4128.02295,225.46259
2014-12-05,693.02,1069.26,961.87,903.36,997.49,4077.30664,235.44835
2014-12-08,678.91,1059.63,953.34,857.74,957.46,3898.16089,222.26627
2014-12-09,689.05,1031.34,968.12,873.58,957.07,3957.95679,226.48792
2014-12-10,688.28,1039.66,964.71,844.13,908.65,3788.54834,230.39645
2014-12-11,691.74,1019.61,979.45,823.22,896.88,3746.30542,227.09048
2014-12-12,677.33,1010.09,989.08,808.55,871.88,3617.66309,237.48541
2014-12-15,666.02,1000,980.6,772.49,842.96,3560.87988,236.86125
2014-12-16,662.21,990.1,966.67,776.55,833.2,3572.50073,231.16182
2014-12-17,677.88,974.58,974.27,818.52,878.94,3581.01685,234.76048
2014-12-18,691.9,1005.59,980.41,810.52,886.24,3411.25684,229.6026
2014-12-19,698.41,1012.62,976.84,825.91,905.16,3583.50928,219.62627
2014-12-22,698.67,1024.51,978.28,820.26,900.9,3498.48291,199.04507
2014-12-23,701.07,1015.77,979.97,822.6,903.65,3624.37817,201.2063
2014-12-24,704.86,1015.2,980.11,831.01,905.1,3547.37549,192.48833
2014-12-26,711.89,1013.84,984.45,844.02,911.36,3483.37305,191.38503
2014-12-29,709.88,1007.36,983.82,852.94,911.84,3414.20654,203.09465
2014-12-30,703.69,994.44,984.49,850.76,922.37,3424.98413,195.80379
2014-12-31,710.7,996.42,979.12,827.99,918.77,3367.99585,182.65703
2015-01-02,707.73,1030.52,981.78,824.26,904.99,3332.93237,189.95627
2015-01-05,685.92,1009.72,983.98,815.59,851.42,3175.08813,182.86578
2015-01-06,665.25,1021.93,988.76,800.89,819.29,3036.8208,186.15021
2015-01-07,667.89,995.84,995.6,800.11,824.91,3076.33398,181.54482
2015-01-08,684.18,1031.52,1005.12,811.52,837.95,3048.61865,182.89214
2015-01-09,684.35,1024.05,1009.99,794.4,838.53,3003.88135,182.99078
2015-01-12,672.8,1017.85,1008.18,784.69,798.8,2859.74927,173.49683
2015-01-13,677.91,1020.91,1019.69,778.05,823.03,2843.80322,182.37772
2015-01-14,678.31,1009.49,1030.33,749.15,831.71,3013.03198,200.93095
2015-01-15,660.96,999.04,1024.76,694.55,841.17,2860.49316,195.31757
2015-01-16,657.86,998.39,1028.07,703.39,837.19,2997.84326,192.52939
2015-01-20,651.14,1020.83,997.87,686.65,839.52,2864.09546,174.78453
2015-01-21,655.62,1032.75,988.48,697.08,850.54,2941.0979,183.06458
2015-01-22,659.49,1031.36,992.01,718.95,891.61,2840.30811,173.87764
2015-01-23,665.01,1023.21,1000.49,720.29,888.49,2800.47974,183.42252
2015-01-26,689.49,1059.85,1011.23,767.58,889.8,2773.45166,176.97263
2015-01-27,694.47,1051.95,1020.49,795.29,883.58,2838.45264,183.02893
2015-01-28,678.75,1056.6,1019.11,740.32,855.57,2725.89624,175.75745
2015-01-29,679.73,1052.09,1006.67,724.09,857.26,2758.25488,168.41895
2015-01-30,676.48,1059.81,1000.48,702.59,816.11,2994.72461,167.05647
2015-02-02,699.16,1060.58,999.23,713.63,833.43,3056.50098,165.2496
2015-02-03,728.46,1099.4,1006.5,743.7,842.8,3270.93042,169.80475
2015-02-04,732.02,1104.24,1009.15,737.05,833.31,2994.81567,164.54488
2015-02-05,741.76,1114.78,1014.84,750.23,861.02,3113.99512,160.38802
2015-02-06,750.16,1104.96,1012.34,754.91,836.69,3206.02051,159.9599
2015-02-09,751.16,1101.94,1043.78,749.72,841.74,3281.6333,161.22592
2015-02-10,759.59,1112.33,1050.41,771.06,831.8,3116.8562,166.80975
2015-02-11,761.63,1069.21,1043.11,871.56,826.76,3051.42554,174.75096
2015-02-12,773.18,1096.8,1036.71,871.18,863.06,3179.11157,168.42278
2015-02-13,780.13,1091.88,1053.26,849.64,868.93,3277.84912,174.13962
2015-02-17,780.58,1103.29,1061.27,844.84,867.51,3329.00391,171.58083
2015-02-18,781.54,1139.93,1062.4,829.42,865.72,3244.55225,176.16663
2015-02-19,773.94,1134.2,1070.14,831.81,854.36,3182.65845,176.30286
2015-02-20,775.29,1131.52,1069.12,839.14,853.84,3132.90991,183.65549
2015-02-23,775.05,1138.03,1062.27,855.18,844.13,3076.87793,179.13713
2015-02-24,796.15,1143.39,1074.06,850.01,855.14,3066.00439,180.55083
2015-02-25,798.38,1150.24,1088.98,843.6,848.51,3154.31787,179.02718
2015-02-26,795.48,1145.13,1108.33,813.68,864.55,2974.62744,166.54703
2015-02-27,795.75,1154.96,1108.32,811.4,875.13,3069.18677,168.63257
2015-03-02,813.32,1158.42,1106.68,821.08,866,3068.30688,166.93471
2015-03-03,821.76,1136.66,1112.57,798.29,853.06,3121.11035,167.54654
2015-03-04,855.64,1128.58,1110.07,791.75,829.38,3208.75757,172.4248
2015-03-05,902.24,1148.69,1114.88,809.62,842.22,3166.96704,177.25284
2015-03-06,882.15,1138.49,1102.41,818.63,820.46,3095.54004,177.1465
2015-03-09,869.51,1130.08,1107.05,790.09,821.93,3136.3999,167.98558
2015-03-10,851.9,1109.13,1094.22,780.59,805.03,3036.04053,171.76357
2015-03-11,852.6,1108.7,1072.56,782.18,822.93,3023.10596,177.2317
2015-03-12,859.51,1116.22,1101.41,775.44,814.05,2939.99927,170.83864
2015-03-13,858.41,1103.99,1095.37,765.71,780.44,2831.48901,172.2005
2015-03-16,860.22,1116.94,1083.94,757.49,780.93,2755.93164,170.58138
2015-03-17,866.83,1104.6,1099.88,732.38,778.99,2725.68091,179.05704
2015-03-18,871.11,1130.42,1094.72,740.31,811.79,2798.39551,182.96719
2015-03-19,870.95,1127.4,1100.9,754.61,797.99,2747.12622,175.78859
2015-03-20,884.55,1150.17,1096.08,752.42,820.02,2847.12158,173.49258
2015-03-23,890.12,1165.22,1101.38,756.05,823.5,2950.60718,169.94751
2015-03-24,900.37,1166.1,1106.72,755.01,827.44,2965.26538,173.88402
2015-03-25,874.35,1173.49,1093.66,738.03,840.69,3073.06616,170.0459
2015-03-26,864.88,1150.32,1105.71,733.63,826.12,3234.43262,168.04208
2015-03-27,870.77,1154.67,1118.34,737.59,801,3059.13989,162.12752
2015-03-30,870.96,1170.67,1131.46,738.89,812.93,3042.87964,165.27063
2015-03-31,871,1162.94,1127.08,739.83,823.82,2965.90356,164.4955
2015-04-01,883.28,1182.18,1119.26,726.63,850.57,3121.10791,162.31755
2015-04-02,890.55,1203.47,1118.85,742.8,853.16,3061.91333,169.04703
2015-04-06,894.61,1218.75,1121.51,750.44,867.2,3241.02246,164.724
2015-04-07,897.08,1234.15,1126.12,751.54,866.64,3360.65991,166.8501
2015-04-08,897.86,1254.72,1111.39,745.88,871.65,3138.56934,163.02882
2015-04-09,909.8,1265.59,1110.24,760.58,868.14,3162.22607,157.39531
2015-04-10,916.17,1269.63,1117.91,759.66,879.03,3213.61914,156.26254
2015-04-13,923.91,1277.89,1114.15,761.63,880.66,3239.67188,156.71001
2015-04-14,920.04,1266.37,1104.65,770.52,882.13,3326.29248,157.91931
2015-04-15,932.77,1262.01,1094.98,791.08,898.14,3515.98975,162.73689
2015-04-16,940.38,1253.71,1101.13,779.51,902.33,3534.15015,167.26607
2015-04-17,923.66,1225.65,1092.86,768.54,891.83,3484.58618,164.66451
2015-04-20,924.12,1228.49,1089.12,783.6,895.52,3555.48633,159.92752
2015-04-21,925.91,1245.05,1094.73,772.74,896.87,3476.42871,161.99428
2015-04-22,930.97,1250.47,1113.15,764.9,916.17,3535.5752,164.06177
2015-04-23,949.03,1240.71,1112.69,775.14,926.42,3651.1311,160.04526
2015-04-24,930.61,1253.25,1124.13,771.65,924.25,3638.8147,161.15205
2015-04-27,922.74,1272.06,1125.35,762.99,920.63,3605.10767,157.51392
2015-04-28,931.42,1275.42,1131.67,761.27,930.43,3597.95264,158.71095
2015-04-29,924.03,1259.67,1128.58,760.18,914.11,3714.26489,165.23343
2015-04-30,910.26,1262.46,1101.17,749.72,903.99,3793.51147,175.01175
2015-05-01,914.85,1264.17,1101.91,742.05,901.76,3757.75806,176.35733
2015-05-04,915.11,1294.88,1115,738.35,880.69,3743.78174,179.21616
2015-05-05,907.29,1280.88,1121.49,733.95,863.89,3827.51782,176.16721
2015-05-06,892.64,1311.12,1105.93,730.04,877.38,3878.04224,176.68546
2015-05-07,894.68,1315.63,1093.01,721.5,858.87,3779.03833,175.29506
2015-05-08,907.24,1336.37,1097.37,719.73,876.76,3784.30103,183.51216
2015-05-11,907.44,1342.12,1094.11,738.7,852.48,3789.21533,179.1963
2015-05-12,903.15,1336.07,1092.96,745.74,855.92,3905.49609,186.24234
2015-05-13,912.33,1338.46,1086.86,745.29,866.46,3868.73291,187.6815
2015-05-14,913.06,1352.82,1097.15,748.76,870.21,3794.83521,190.629
2015-05-15,918.84,1362.41,1110.35,743.52,877.36,3781.83911,191.08772
2015-05-18,912.3,1370.34,1114.22,731.2,863.71,3784.25269,191.66415
2015-05-19,900.05,1367.76,1106.14,734.65,859.04,3653.88086,188.11807
2015-05-20,841.24,1374.68,1109.67,720.27,857.91,3756.61304,185.6651
2015-05-21,849.38,1379.7,1110.35,723.71,866.04,3856.91016,187.31931
2015-05-22,854.41,1372.27,1096.62,717.62,856.78,3790.42847,183.23788
2015-05-26,844.45,1355.67,1078.62,709.63,825.09,3708.69141,180.35374
2015-05-27,844.02,1366.17,1068.57,739.06,827.27,3676.86743,179.97534
2015-05-28,847.7,1353.97,1076.13,746.55,815.38,3681.71436,172.72398
2015-05-29,833.8,1356.61,1092.77,745.96,807.49,3840.44678,168.26634
2015-06-01,834.83,1323.87,1095.94,730.59,812.78,3828.70801,168.47588
2015-06-02,841.97,1337.44,1076.87,750.02,830.07,3900.48535,171.78436
2015-06-03,843.7,1349.45,1073.43,755.9,833.65,3823.52051,168.86574
2015-06-04,832.6,1331.76,1068.31,745.5,832.49,3708.90869,167.92404
2015-06-05,837.5,1309.28,1072.85,747.76,830.53,3789.03857,165.96667
2015-06-08,826.99,1290.21,1060.44,759.67,834.49,3724.94263,173.3053
2015-06-09,812.08,1278.61,1048.82,742.51,845.47,3847.96167,182.09676
2015-06-10,836.1,1306.04,1046.28,744.28,863.5,3919.36914,184.45216
2015-06-11,841.14,1301.01,1040.34,743.07,854.66,3888.79395,180.7774
2015-06-12,836.45,1303.24,1040.27,747.67,850.11,3839.28076,176.08443
2015-06-15,843.34,1271.41,1041.24,741.57,841.28,3811.79175,185.01791
2015-06-16,842.8,1280.03,1048.64,728.98,836.87,3851.06958,185.84283
2015-06-17,843.99,1286.55,1049.36,719.8,838.11,3844.14355,183.16138
2015-06-18,851.4,1304.18,1070.48,726.74,857.81,3845.56299,176.66052
2015-06-19,844.58,1296.8,1066.11,715.71,843.68,3781.60474,178.6445
2015-06-22,847.67,1335.89,1086.98,704.86,848.01,3787.34058,173.43837
2015-06-23,851.76,1331.09,1083.16,704.74,852.97,3878.58252,173.29973
2015-06-24,852.75,1315.77,1084.21,695.71,848.11,3828.98926,175.28093
2015-06-25,847.82,1327.61,1079.72,702.22,827.06,3792.57983,181.05281
2015-06-26,838.2,1322.12,1075.76,706.91,824.02,3789.99927,176.248
2015-06-29,815.11,1280.45,1043.91,687.48,800.31,3717.95996,178.79099
2015-06-30,817.26,1296.36,1048.5,677.73,809.03,3783.0354,180.1506
2015-07-01,818.49,1331.35,1046.89,632.18,803.82,3621.83008,176.95845
2015-07-02,817.67,1327.7,1051.81,626.41,794.52,3606.96533,178.79599
2015-07-06,800.14,1296.13,1028.5,606.76,768.2,3322.53833,174.31783
2015-07-07,794.11,1255.46,1034.85,635.31,756.23,3323.83423,172.51163
2015-07-08,772.86,1250.72,1018.26,593.12,734.87,3278.85571,170.44971
2015-07-09,782.81,1299.47,1023.91,596.89,742.11,3342.80542,172.65039
2015-07-10,794.17,1369.22,1037.18,595.52,762.98,3339.8501,175.41496
2015-07-13,807.34,1388.71,1056.15,607.71,770.19,3311.448,181.68558
2015-07-14,807.75,1384.01,1059.15,619.74,785.75,3357.6814,179.78535
2015-07-15,799.81,1382.87,1051.31,607.02,762.37,3263.74854,185.24835
2015-07-16,792.4,1401.74,1048.25,605.33,761.89,3229.88306,181.06631
2015-07-17,790.86,1393.25,1045.82,608.85,740.5,3229.82031,182.14943
2015-07-20,798.62,1406.47,1045.4,602.11,726.72,3191.0144,179.62579
2015-07-21,799.12,1401.81,1047.09,613.62,713,3201.54639,183.21796
2015-07-22,791.38,1422.47,1058.03,614.87,702.08,3131.51904,184.42795
2015-07-23,791.4,1428.29,1059.02,602.26,685.28,3092.93164,179.76668
2015-07-24,784.77,1423.74,1056.42,588.14,668.59,3085.46118,177.92355
2015-07-27,778.53,1390.98,1042.99,569.87,664.28,3043.62744,179.12381
2015-07-28,786.98,1387.63,1035,588.36,661.17,3059.97729,179.91238
2015-07-29,795.41,1407.62,1023.08,595.27,674.31,3114.16821,184.20761
2015-07-30,793.88,1341.13,1021.91,583.63,666.65,3110.37451,177.44264
2015-07-31,786.82,1353.36,1027.9,599.81,657.59,3014.64331,173.76425
2015-08-03,780.07,1390.77,1019.25,617.25,640.67,2893.00757,176.00143
2015-08-04,773.6,1392.02,1019.62,602.41,639.4,2913.94434,179.14323
2015-08-05,783.03,1407.86,1008.62,601.18,630.58,2877.55396,178.3255
2015-08-06,768.6,1401.49,988.49,551.58,627.4,2844.98047,179.19682
2015-08-07,764.73,1385.58,946.51,548.51,617.2,2796.2168,178.34088
2015-08-10,775.72,1404.37,953.23,581.95,632.26,2866.19556,181.17722
2015-08-11,764.68,1383.63,949.64,566.79,630.89,2772.54272,183.03415
2015-08-12,763.07,1355.57,935.45,568.49,633.53,2810.59009,190.25034
2015-08-13,759.43,1379.44,921,552.12,635.86,2759.3125,182.10286
2015-08-14,753.59,1390.08,924.28,559.89,640.65,2763.7749,182.14903
2015-08-17,761.83,1381.18,912.29,559.02,631.64,2738.60791,178.43138
2015-08-18,751.43,1388.15,895.25,563.97,615.5,2787.73584,176.86621
2015-08-19,741.19,1383.3,893.91,555.26,605.33,2660.38037,177.09787
2015-08-20,723.33,1297.4,873.65,533.07,580.55,2693.72388,180.38913
2015-08-21,699.04,1256.86,870.38,508.24,578.67,2678.31592,177.18599
2015-08-24,689.86,1202.49,808.58,476.16,554.19,2561.50635,177.51025
2015-08-25,692.53,1268.69,809.22,493.59,554.87,2598.68579,177.49864
2015-08-26,696.19,1260.12,820.33,481.26,556.92,2552.59473,178.08647
2015-08-27,716.88,1299.9,831.15,495.57,588.41,2809.69629,174.15364
2015-08-28,723.78,1294.24,839.51,514.92,592.73,2994.24219,179.77373
2015-08-31,722.64,1284.46,838.67,515.33,580.2,3266.59961,178.53427
2015-09-01,707.89,1264.23,826.24,510.6,566.09,3014.59277,179.37524
2015-09-02,714.72,1275.48,844.92,513.08,557.8,3060.28857,175.21393
2015-09-03,719.45,1286.17,836.66,506.68,574.02,3090.18433,180.12305
2015-09-04,708.61,1246.07,822.5,516.67,578.06,3073.84204,177.22151
2015-09-08,721.22,1270.09,805.1,520.87,598.16,3049.3042,179.87842
2015-09-09,719.15,1298.82,798.49,528.34,586.64,2935.00366,176.23318
2015-09-10,720.48,1295.88,784.37,541.91,579.75,3052.42188,178.34599
2015-09-11,718.09,1297.84,781.61,538.31,578.34,2961.86987,178.72095
2015-09-14,718.29,1297.19,802.34,524.41,582.56,2917.23511,182.8576
2015-09-15,726.72,1281.35,819.96,520.18,584.48,2959.89746,181.08546
2015-09-16,732.35,1294.37,839.33,527.07,596.48,3123.6875,176.22501
2015-09-17,730.6,1295.98,857.91,528.55,597.34,3107.125,175.69501
2015-09-18,724.04,1286.87,860.15,532.44,584.44,2938.26855,171.31131
2015-09-21,718.72,1280.47,849.09,555.83,572.18,3063.37036,168.85287
2015-09-22,708.09,1239.79,842.86,547.91,567.5,3019.73877,169.79852
2015-09-23,691.36,1238.45,826.57,527.32,552.65,2945.37671,170.11404
2015-09-24,687.88,1205.06,817.98,519.25,552.99,2976.0061,171.69521
2015-09-25,686.63,1233.99,813.21,498.88,567.65,3025.99341,169.77347
2015-09-28,673.7,1209.76,778.71,500.31,554.37,2942.27466,169.72878
2015-09-29,680.53,1229.21,775.01,466.42,553.73,2981.29468,170.45386
2015-09-30,697.34,1266.22,765.5,498.92,582.14,2954.63501,165.3914
2015-10-01,698.42,1281.24,777.1,500.39,581.72,2936.55469,159.69238
2015-10-02,721.99,1294.8,802.98,521.89,603.58,2987.3374,160.78094
2015-10-05,739.9,1332.27,817.53,562.14,612.68,3012.82593,159.56384
2015-10-06,746.48,1355.12,823.03,571.85,642.19,3163.64648,161.01807
2015-10-07,755.69,1385.53,837.93,584.65,659.68,3102.24756,160.53044
2015-10-08,767.25,1392.23,842.02,589.63,653.38,3210.30542,162.23636
2015-10-09,769.94,1424.13,851.44,605.18,675.58,3213.00146,161.97723
2015-10-12,765.59,1394.16,872.94,602.66,673.42,3050.24316,164.16913
2015-10-13,751.36,1395.81,852.9,589.68,649.43,3036.57202,162.56659
2015-10-14,764.72,1387.81,852.62,583.49,635.23,3027.56567,163.45219
2015-10-15,774.47,1410.47,874.95,606.07,637.56,3004.51489,158.90633
2015-10-16,768.76,1398,897.19,601.7,640.62,3061.62085,157.42148
2015-10-19,762.48,1402.83,897.59,613.56,633.77,2979.17871,158.53464
2015-10-20,769.48,1412.69,895.84,594.53,646.38,2959.80249,160.8885
2015-10-21,759.95,1422.6,887.28,578.54,631.24,2946.49756,156.71194
2015-10-22,762.87,1409.62,884.95,585.06,645.8,2955.73999,155.40758
2015-10-23,770.98,1414.84,904.45,581.44,648.55,2900.29346,148.6563
2015-10-26,765.79,1428.55,908.74,595.29,634.25,2850.37451,133.63966
2015-10-27,749.76,1418.87,889.83,576.49,627.24,2809.88794,136.07143
2015-10-28,761.99,1432.3,898.85,598.09,650.86,2980.38501,131.89209
2015-10-29,768.77,1436.26,882.96,592.66,636.45,3007.23438,147.3584
2015-10-30,755.43,1425.82,875.73,603.05,657.07,3047.49854,151.81892
2015-11-02,762.73,1429.72,877.84,640.83,652.42,3024.83228,147.89818
2015-11-03,768.17,1408.51,873.26,672.31,680.48,3138.56616,147.62399
2015-11-04,762.41,1391.7,877.52,685.21,671.89,3037.06348,148.31256
2015-11-05,757.76,1428.96,858.97,664.03,672.18,2977.1748,155.70888
2015-11-06,764.77,1430.38,829.37,654.7,658.92,2927.49365,156.71907
2015-11-09,752.49,1420.32,798.05,607.1,649.88,2916.67505,152.91435
2015-11-10,737.28,1410.06,795.53,550.76,653.61,2927.85156,153.64432
2015-11-11,731.4,1419.64,785.54,544.25,650.11,2842.89746,149.85971
2015-11-12,721.84,1420.5,778.21,533.51,648.62,2764.75586,149.66104
2015-11-13,730.36,1402.48,769.81,540.42,640.43,2692.34375,156.02905
2015-11-16,747.7,1425.37,756.91,543.9,635.07,2753.64624,157.34178
2015-11-17,738.68,1441.81,754.74,528.02,629.23,2683.46362,156.44189
2015-11-18,755.64,1436.95,758.78,529.95,640.18,2695.53906,155.24983
2015-11-19,756.54,1447.43,760,533.78,649.94,2678.55884,150.37987
2015-11-20,762.22,1445.04,764.13,533.38,651.84,2670.06177,141.79951
2015-11-23,761.96,1443.49,786.19,522.44,652.52,2770.01221,146.62819
2015-11-24,769.64,1434.64,789.31,534.46,665.08,2845.45337,146.0228
2015-11-25,771.58,1448.57,800.18,548.91,653.57,2853.56494,146.25847
2015-11-27,774.41,1480.92,793.31,553.47,653.03,2789.03101,147.91025
2015-11-30,772.65,1495.78,797.4,554.18,641.74,2772.61963,148.78284
2015-12-01,789.02,1498.89,804.23,559.22,657.34,2782.0498,148.30952
2015-12-02,798.24,1503.41,797.23,545.09,651.32,2658.4104,144.10262
2015-12-03,794.99,1518.8,791.6,535.91,666.59,2745.48315,145.7619
2015-12-04,800.34,1524.47,791.33,504.78,655.93,2666.89844,145.85539
2015-12-07,795.06,1525.78,783.36,486.05,643.95,2513.89038,138.0136
2015-12-08,784.54,1510.9,762.47,458.32,631.04,2506.84961,138.3412
2015-12-09,785.26,1518.7,760.7,471.66,651.6,2484.63281,137.87172
2015-12-10,778.4,1501.36,754.8,467.98,643.42,2452.65649,134.44241
2015-12-11,759.48,1456.06,735.43,452.05,626.69,2393.55713,133.72203
2015-12-14,769.62,1471.25,737.42,450.32,619.08,2434.42578,126.98437
2015-12-15,784.42,1491.05,742.63,454.53,619.11,2497.17627,121.81673
2015-12-16,823.22,1538.41,770.42,472.37,621.36,2364.37451,119.15063
2015-12-17,824.22,1547.83,782.71,464.9,623.1,2320.84082,116.54007
2015-12-18,826.76,1542.46,796.22,468.72,614.04,2301.44238,117.09326
2015-12-21,840.55,1548.73,793.78,478.24,611.69,2300.3855,126.54107
2015-12-22,837.13,1544.74,788.16,480.85,617.85,2392.97754,125.01222
2015-12-23,849.56,1554.11,791.66,487.29,626,2476.3313,130.94839
2015-12-24,852.94,1559.71,792.38,489.48,629.58,2517.08423,134.0463
2015-12-28,846.54,1550.7,799.05,496.67,637.07,2433.28076,147.27927
2015-12-29,848.23,1565.49,798.83,499.47,640.56,2510.00464,157.21498
2015-12-30,839.18,1563.61,797.8,492.69,624.25,2432.08838,147.12141
2015-12-31,832.18,1559.96,797.07,479.51,629.49,2453.28882,154.78769
2016-01-04,826.7,1539.09,775.36,480.98,602.09,2447.35938,155.39001
2016-01-05,825.35,1534.4,772.16,474.5,600.85,2390.53735,154.51764
2016-01-06,800.8,1518.46,779.35,466.31,585.2,2271.09839,151.56255
2016-01-07,764.56,1490.09,742.3,433.24,571.49,2219.02588,158.87344
2016-01-08,759.11,1472.43,744.9,447.76,565.74,2218.93457,165.41635
2016-01-11,745.33,1440.89,736.41,433.11,559.5,2098.20679,160.05424
2016-01-12,740.37,1466.38,727.48,418.65,542.3,2035.18494,150.90054
2016-01-13,721.69,1455.09,726.3,408.6,552.54,2035.7135,151.54311
2016-01-14,720.95,1424.5,726.04,405.05,549.94,2102.05933,144.11235
2016-01-15,691.76,1345.41,713.73,395.23,534.68,1997.37378,142.57257
2016-01-19,691.69,1422.63,726,377.14,519.62,1927.88037,141.64433
2016-01-20,688.48,1361.8,700.79,374.66,515.9,1808.77979,144.29362
2016-01-21,698.16,1332.96,696.13,397.47,518.67,2003.68726,145.06886
2016-01-22,715.99,1379.35,706.21,426.18,537.21,2175.5708,144.56496
2016-01-25,707.32,1384.95,703.61,411.3,528.82,2054.75537,146.14903
2016-01-26,727.6,1385.51,705.85,417.73,538.1,2130.00464,147.64421
2016-01-27,720.79,1395.91,695.34,421.07,544.46,2198.83545,149.01704
2016-01-28,714.25,1383.6,713.28,414.09,553.23,2260.46484,148.47484
2016-01-29,739.49,1457.5,724.13,424.61,570.24,2281.97095,155.97768
2016-02-01,738.36,1444.22,713.35,416.47,573.99,2146.78931,146.1066
2016-02-02,718.29,1404.01,707.67,395.66,557.45,2029.70361,137.55521
2016-02-03,720.67,1403.88,692.64,401.5,562.37,2191.52148,138.36186
2016-02-04,732.09,1403.3,706.7,414.03,569.91,2141.3125,133.12321
2016-02-05,709.29,1390.86,707.31,404.5,556.24,2094.94116,139.91142
2016-02-08,679.08,1286.9,703.3,391.48,548.9,2018.91699,145.51979
2016-02-09,671.38,1361.9,706.6,384.43,545.59,1897.90833,142.51294
2016-02-10,651.94,1378.67,706.66,388.71,541.82,1862.98486,138.85854
2016-02-11,631.45,1348.46,703.51,386.99,523.09,1794.8031,136.54474
2016-02-12,647.35,1328.95,706.06,394.21,528.14,2006.65979,134.00453
2016-02-16,680.55,1365.59,733.5,408.51,532.33,1987.86926,130.26567
2016-02-17,699.46,1395.16,746.02,417.51,547,2095.22168,132.71103
2016-02-18,701.61,1402.59,747.14,413.67,542.58,2108.90186,126.93163
2016-02-19,719.45,1387.23,754.72,406.3,537.89,2031.22327,123.62776
2016-02-22,728.28,1409.25,760.68,415.66,559.55,2157.08838,124.77947
2016-02-23,721.65,1416.25,756.43,409.83,556.26,2184.89258,122.1675
2016-02-24,730.03,1386.52,757.99,417.42,559.12,2203.03052,121.83479
2016-02-25,733.93,1410.14,767.33,420,567.35,2279.34985,117.93067
2016-02-26,739.22,1424.99,764.77,438.69,567.94,2257.34546,123.33453
2016-02-29,739.31,1429.66,766.71,454.85,575.51,2302.39795,116.72305
2016-03-01,750.38,1457.65,777.91,450.09,585.15,2326.32764,117.80415
2016-03-02,759.05,1455.57,798.66,466.89,604.77,2334.28174,113.00994
2016-03-03,763.94,1477.99,819.71,484.59,614.51,2322.58545,110.11622
2016-03-04,767.11,1470.07,831.2,466.27,622.64,2403.24561,111.46456
2016-03-07,773.64,1465.74,831.59,468.01,616.38,2535.71851,113.0703
2016-03-08,752.77,1436.68,832.86,459.4,603.88,2456.21265,115.20647
2016-03-09,762.13,1436.51,844.72,461.48,623.74,2568.99097,117.54694
2016-03-10,768.32,1430.94,852.47,454.87,628.29,2546.2915,120.31631
2016-03-11,784.77,1455.97,864.76,461.08,640.73,2577.43262,121.97616
2016-03-14,785.15,1464.78,840.23,467.07,643.72,2495.85254,122.10747
2016-03-15,778.58,1459.65,842.17,456.06,628.86,2448.05493,124.69317
2016-03-16,783.07,1469.31,832.77,465.46,625.2,2589.7041,125.78178
2016-03-17,793.14,1515.94,854.94,477.21,664.27,2671.35034,128.6501
2016-03-18,800.43,1508.79,852.71,484.44,666.33,2618.81592,126.6248
2016-03-21,803.25,1494.02,848.2,472.73,671.27,2656.54932,121.67808
2016-03-22,795.36,1497.49,848.67,472.42,678.35,2764.8186,124.26675
2016-03-23,775.15,1489.79,839.19,445.71,665.24,2660.17236,119.93841
2016-03-24,766.26,1482.3,841.68,458.91,656.35,2638.11011,120.74067
2016-03-28,763.8,1484.5,846.38,457.57,671.31,2623.20459,123.06886
2016-03-29,775.04,1472.43,859.47,466.32,671.76,2540.08081,126.27414
2016-03-30,792.72,1533.96,851.64,463.43,678.28,2537.96436,132.19667
2016-03-31,798.41,1525.84,848.66,460.97,683.42,2536.0874,129.58257
2016-04-01,800.4,1518.28,845.47,455.69,682.4,2436.04614,129.51634
2016-04-04,790.94,1514.53,844.91,453.61,638,2358.25269,131.98288
2016-04-05,784.68,1489.59,841.49,448.37,627.33,2385.85962,129.89606
2016-04-06,789.84,1499.7,840.76,449.98,626.68,2509.95972,127.06048
2016-04-07,779.9,1482.38,836.47,445.18,627.6,2486.26294,134.6559
2016-04-08,783.39,1499.08,822.61,446.17,643.14,2653.6853,132.95151
2016-04-11,787.94,1499.51,831.79,454.09,656.72,2676.84863,126.81207
2016-04-12,792.43,1488.67,848.45,470.49,666.35,2796.99683,132.9187
2016-04-13,806.6,1482.65,853.34,475.43,679.42,2778.25928,135.45345
2016-04-14,809.09,1495.57,858.31,480.43,682.26,2761.97021,131.1104
2016-04-15,806.48,1481.22,858.57,476.16,683.03,2686.09937,126.58475
2016-04-18,812.58,1482.13,866.9,479.17,682.36,2644.86475,128.98537
2016-04-19,808.48,1506.56,867.27,470.62,700.69,2730.65332,138.79269
2016-04-20,810.88,1474.06,859.48,471.76,701.69,2817.90259,136.76379
2016-04-21,807.75,1461.73,861.98,479.57,707.08,2870.2998,137.46596
2016-04-22,807.91,1459.09,867.68,490.09,693.67,2916.61597,142.72945
2016-04-25,797.73,1450.9,861.11,477.87,689.56,2843.08179,137.55341
2016-04-26,810.78,1466.65,871.39,481.28,689.19,2927.43579,135.07152
2016-04-27,815.91,1474.11,876.41,479.76,710.15,3011.52124,132.53882
2016-04-28,798.12,1484.43,866.81,482.32,707.35,3055.08936,137.92039
2016-04-29,783.93,1546.66,864,478.34,708.05,3050.35986,144.67953
2016-05-02,774.47,1530.69,855.27,471.13,698.13,2972.46069,135.54633
2016-05-03,755.96,1494.71,838.48,452.86,676.13,2903.47144,138.75467
2016-05-04,744.38,1488.56,849.29,452.01,682.51,2918.79077,142.7394
2016-05-05,735.57,1488.12,825.97,444.03,677.84,2950.97192,138.22693
2016-05-06,736.97,1485.38,829.61,440.47,688.22,2972.27026,139.82848
2016-05-09,734.94,1507.8,829.73,441.38,673.14,2897.81299,139.95422
2016-05-10,729.56,1519.87,850.37,437.7,690.52,2978.55396,143.92566
2016-05-11,735.58,1528.37,855.59,428.51,701.31,3076.21362,144.59468
2016-05-12,720.34,1519.63,866.51,424.86,709.22,3114.56299,143.72342
2016-05-13,716.29,1497.34,860.08,424.2,709.04,3097.20215,140.48335
2016-05-16,723.66,1508.61,863.91,431.59,710.11,3187.53857,135.5305
2016-05-17,722.28,1501.91,860.08,427.26,723.51,3226.32544,136.77322
2016-05-18,727.13,1489.7,852.53,421.66,716.03,3229.12524,134.0834
2016-05-19,719.95,1476.93,844.36,413.45,697.4,3254.13745,137.7738
2016-05-20,782.98,1487.42,835.97,415.52,721.18,3217.84863,138.95715
2016-05-23,795.91,1479.59,844.77,425.56,717.29,3244.87109,138.6899
2016-05-24,812.29,1497.06,848.71,422.52,727.33,3292.99365,134.10382
2016-05-25,817.43,1523.99,855.9,429.06,729.13,3334.37207,134.02077
2016-05-26,817.63,1530.24,852.09,429.41,726.62,3311.85962,131.39006
2016-05-27,827.72,1545.89,847.23,436.3,716.77,3302.87036,145.22453
2016-05-31,827.75,1554.25,848.44,459.92,723.06,3295.90625,153.58521
2016-06-01,826.8,1563.98,843.9,465.02,728.06,3306.59204,160.64059
2016-06-02,827.88,1563.12,842.95,460.94,735.33,3308.18213,161.8096
2016-06-03,820.63,1580.26,847.67,471.16,741.87,3251.63257,160.37465
2016-06-06,825.32,1585.16,862.8,484.46,761.07,3321.00122,164.81363
2016-06-07,826.98,1596.4,877.09,466.09,766.07,3357.32495,164.93292
2016-06-08,829.12,1582.38,874.39,466.05,779.6,3405.77051,164.07265
2016-06-09,827.44,1572.91,858.19,434.63,767.04,3373.30249,174.6031
2016-06-10,806.97,1522.35,842.36,423.03,738.43,3283.02832,171.00919
2016-06-13,794.02,1493.28,825.43,413.02,735.8,3284.37427,173.69287
2016-06-14,786.11,1460.66,816.05,406.33,712.66,3265.9082,175.38513
2016-06-15,786.64,1478.94,823.94,406,716.86,3222.91138,174.20235
2016-06-16,782.62,1445.87,817.92,404.11,718.24,3112.42383,173.77306
2016-06-17,781.12,1502.39,812.82,413.18,735.79,3219.07422,175.98232
2016-06-20,793.73,1537.66,821.37,418.22,748.27,3335.37305,185.58376
2016-06-21,793.7,1542.87,822.55,410.69,747.05,3308.79126,187.48688
2016-06-22,796.68,1549.2,839.26,406.66,742.51,3314.89453,180.62227
2016-06-23,809.51,1569.81,838.45,410.53,757.8,3372.75366,181.59428
2016-06-24,769.85,1459.56,817.28,390.88,728.26,3232.00244,180.59593
2016-06-27,741.33,1401.12,808.85,383.39,718.74,3147.61377,184.52232
2016-06-28,765.57,1445.2,818.7,403.62,746.13,3243.92383,197.75394
2016-06-29,786.45,1492.11,833.39,422.4,764.96,3363.2937,193.0455
2016-06-30,798.51,1513.16,831.89,418.62,787.9,3263.604,197.45041
2016-07-01,797.33,1534.55,836.11,423.87,790.87,3293.04907,200.78256
2016-07-05,788.06,1496.92,838.64,404.62,774.05,3141.40381,186.32704
2016-07-06,795.66,1464.54,835.05,397.28,776.89,3197.77808,187.8349
2016-07-07,794.24,1473.37,827.7,397.93,774.6,3046.19165,187.40085
2016-07-08,810.42,1486.44,833.77,403.84,789.34,3049.19067,188.08154
2016-07-11,819.86,1529.62,834.03,411.69,798.44,3005.16406,181.41093
2016-07-12,826.49,1544.88,844.57,409.18,800.95,3135.03369,183.14491
2016-07-13,830.51,1542.76,857.15,403.1,793.42,2999.59253,183.46111
2016-07-14,838.38,1545.47,857.87,405.15,814.5,3052.74878,182.24268
2016-07-15,841.15,1530.25,871.45,398.95,792.53,3083.97095,184.97115
2016-07-18,849.91,1529.1,877.37,454.96,801.12,3037.66235,182.77005
2016-07-19,843.21,1527.07,863.09,424.7,803.19,2999.50659,183.26213
2016-07-20,854.98,1544.17,868.26,436.17,804.63,3018.99292,178.55992
2016-07-21,845.02,1535.22,868.9,434.03,795.95,3005.76807,180.81625
2016-07-22,844.13,1540.34,873.12,440.35,788.59,2969.25879,186.59496
2016-07-25,847.62,1530.91,876.27,444.1,780.68,2908.2688,185.23103
2016-07-26,856.86,1536.28,880.45,442.09,790.59,2891.80786,182.72562
2016-07-27,858.53,1548.27,877.24,456.93,793.17,2814.12305,179.3735
2016-07-28,845.45,1570.22,876.03,451.45,800.86,2755.82056,192.45193
2016-07-29,839.39,1571.3,878.06,446.77,809.89,2778.85913,192.11536
2016-08-01,841.77,1567.56,882.79,449.48,791.06,2672.71509,184.87503
2016-08-02,833.99,1549.31,876.89,441.15,782.11,2633.93799,182.19572
2016-08-03,839.43,1560.42,898.52,440.78,774.55,2727.62354,189.65768
2016-08-04,833.86,1590.21,897.8,441.36,782.45,2800.37891,189.27435
2016-08-05,844.2,1594.01,898.77,442.21,806.77,2794.33838,185.30876
2016-08-08,846.72,1593.1,904.48,445.67,805.73,2873.85205,183.57382
2016-08-09,843.62,1615.83,914.17,435.23,821.47,2855.552,174.59126
2016-08-10,817.56,1611.21,913.74,423.83,821,2784.40942,170.96313
2016-08-11,825.41,1620,900.47,422.13,822.41,2903.86646,170.33257
2016-08-12,831.55,1619.59,900.82,420.07,816.26,2976.42554,173.00598
2016-08-15,837.7,1633.2,911.81,430.29,821.32,3060.05176,173.27359
2016-08-16,831.62,1622.67,919.36,427.5,824.87,3113.52832,174.92708
2016-08-17,829.91,1614.58,913.3,430.47,831.54,3128.73511,175.12625
2016-08-18,841.06,1710.35,927.39,446.91,835.06,3223.99878,178.78418
2016-08-19,871.68,1711.24,919.77,442.51,830.28,3256.90503,173.451
2016-08-22,860.29,1763.74,920.09,435.73,819.84,3161.51074,180.0146
2016-08-23,874.17,1753.45,921.82,442.08,828.34,3225.92749,185.17226
2016-08-24,866.51,1749.55,910.9,430.5,823.76,3139.72632,187.69884
2016-08-25,863.25,1749.02,919.87,434.86,826.45,3172.14185,190.74405
2016-08-26,870.11,1761.85,912.33,441.96,832.14,3192.28491,192.38141
2016-08-29,869.65,1728.49,916.28,442.52,827.47,3155.36011,191.61861
2016-08-30,870.26,1737.31,913.29,431.14,851.43,3112.37012,189.83107
2016-08-31,863.12,1725.68,912.21,427.75,845.47,2992.73193,193.28899
2016-09-01,868.65,1738.29,911.3,432.64,844.09,2884.48633,186.59605
2016-09-02,866.3,1754.53,926.82,433.19,856.3,2958.90405,185.89694
2016-09-06,872.25,1770.03,919.96,433.84,858.46,2971.55664,180.09634
2016-09-07,868.23,1781.09,921.91,422.14,866.9,3021.82788,177.72333
2016-09-08,868.13,1777.73,941.55,423.84,866.6,3173.76831,187.01373
2016-09-09,844.31,1760.58,910.19,407.52,834.3,3068.30762,187.05441
2016-09-12,855.11,1744.31,910.09,413.59,832.12,3091.39429,194.67303
2016-09-13,843.26,1738.96,900.69,399.11,812.91,2997.42969,194.19873
2016-09-14,835.59,1738.7,898.82,398.61,803.31,2912.68677,193.08746
2016-09-15,849.29,1740.42,900.4,410.88,808.97,2936.17383,195.72264
2016-09-16,844.86,1727.48,905.03,414.31,810.76,2887.58398,197.82938
2016-09-19,849.98,1757.44,914.06,426.45,830.1,2899.97412,196.50171
2016-09-20,850.96,1754.32,911.51,436.34,848.91,2910.30615,204.13681
2016-09-21,855.48,1746.31,913.99,447.59,863.39,3036.23853,204.71506
2016-09-22,859.4,1783.99,927.85,442.54,871.09,3085.20386,199.15283
2016-09-23,851.74,1765.82,924.68,441.05,864.38,2965.88184,197.03644
2016-09-26,844.97,1753.82,913.52,445.02,849.47,3058.46045,199.56903
2016-09-27,853.1,1732.43,915.69,455.72,853.69,2967.28076,199.01439
2016-09-28,858.91,1745.29,913.39,459.81,875.75,3127.98291,196.25516
2016-09-29,856.94,1749.09,901.35,454.13,877.52,3194.51782,197.62865
2016-09-30,864.56,1740.89,902.06,464.67,880.4,3214.24561,193.62766
2016-10-03,859.36,1749.41,906.27,486.54,887.36,3246.88989,194.44089
2016-10-04,851.45,1752.34,893.79,481.38,893.7,3243.24585,197.43234
2016-10-05,866.77,1757.34,891.21,480.79,919.19,3321.26904,202.68874
2016-10-06,867.73,1760.29,885.78,482.07,935.22,3364.14624,203.35611
2016-10-07,856.39,1728.87,874.43,468.63,934.66,3320.11035,212.83101
2016-10-10,855.8,1733.27,884.33,471.22,935.38,3413.46558,217.70399
2016-10-11,840.01,1671.66,877.04,455.97,931.45,3376.53955,215.19705
2016-10-12,838.58,1657.97,875.55,451.08,936.75,3335.98657,213.40208
2016-10-13,825,1640.94,872.83,444.75,945.78,3371.3894,223.3111
2016-10-14,830.13,1674.43,872.2,447.55,947.97,3358.34497,219.1095
2016-10-17,823.74,1674.08,872.36,437.4,945.94,3336.18677,216.71185
2016-10-18,830.34,1688.03,883.39,437.41,973.7,3355.66553,217.72792
2016-10-19,844.05,1705.3,886.26,441.75,974.17,3438.5105,211.24182
2016-10-20,841.26,1702.28,887.54,441.92,976.18,3370.61011,209.93628
2016-10-21,841.49,1698.03,878.67,443.09,988.46,3403.94482,200.35411
2016-10-24,846.84,1707.3,883.08,444.8,989.94,3379.13623,189.35738
2016-10-25,838.46,1690.85,874.53,420.41,989.68,3338.03247,185.34232
2016-10-26,837.15,1689.32,872,424.1,967.73,3288.49438,182.61241
2016-10-27,835.96,1686.33,863.86,410.28,975.37,3324.49292,184.81293
2016-10-28,830.24,1685.51,867.02,405.22,970.28,3253.0918,207.40965
2016-10-31,832.86,1693.69,873.99,391.81,977.74,3130.18237,202.13257
2016-11-01,827.33,1667.75,871.4,386.45,948.09,3114.3125,193.65192
2016-11-02,816.76,1621.11,848.84,387.73,943.71,3026.30908,186.35762
2016-11-03,798.57,1601.88,847.36,377.08,914.31,2978.04053,184.64384
2016-11-04,796.49,1599.12,844.18,376.83,912.64,2944.22852,184.85774
2016-11-07,820.17,1639.35,858.96,365.14,943.6,2995.9585,187.93983
2016-11-08,825.85,1640.88,859.67,371.68,948.79,2984.68384,174.71483
2016-11-09,806.09,1436.83,848.76,371.54,931.52,3009.64014,178.83658
2016-11-10,792.06,1406.66,838.4,364.22,882.61,2994.6853,176.48929
2016-11-11,800.86,1420.15,829.36,380.82,819.4,2937.0686,177.19839
2016-11-14,803.69,1398.49,819.65,384.56,836.74,2930.97925,185.99403
2016-11-15,815.51,1414.56,822.89,373.84,845.2,3107.94287,183.78993
2016-11-16,821.88,1408.22,819.6,375.55,835.58,3102.17773,188.1593
2016-11-17,828.71,1419.73,820.39,377.81,821.78,3085.42603,183.61749
2016-11-18,826.11,1402.07,823.94,375.37,848.99,3113.34399,193.72372
2016-11-21,834.65,1405.76,824.22,374.55,870.26,3240.95508,201.32275
2016-11-22,843.09,1392.35,820.26,373.34,875.48,3284.49805,203.92198
2016-11-23,850.07,1403.35,826.47,368.6,863.7,3302.52563,208.37036
2016-11-25,853.02,1473.4,832.22,373.55,872.02,3160.06152,211.65414
2016-11-28,853.33,1483.64,834.44,364.22,869.77,3229.3584,221.69258
2016-11-29,853.41,1487.55,827.22,350.71,863.87,3104.62329,227.54425
2016-11-30,855.33,1484.4,819.28,348.9,887.7,3389.58667,229.81178
2016-12-01,817.7,1449.7,815.22,347.17,863.18,3484.55396,239.19627
2016-12-02,838.53,1420.05,821.56,348.64,861.74,3515.49585,233.73149
2016-12-05,849.74,1420.77,819.55,352.96,855.31,3521.85474,248.48151
2016-12-06,852.54,1401.33,821.55,359.1,886.14,3449.55005,246.20291
2016-12-07,875.37,1406.75,840.57,358.64,892.57,3361.10254,243.32031
2016-12-08,878.4,1361.23,861.71,349.24,890.48,3427.77002,249.12688
2016-12-09,874.12,1328.93,870.16,342.35,898.19,3477.56836,252.9509
2016-12-12,866.56,1335.18,867.78,330.54,893.52,3567.37744,236.81229
2016-12-13,864.78,1367.78,875.96,329.05,880.16,3574.29565,234.37341
2016-12-14,862.15,1379.08,863.86,327.11,869.94,3443.82202,238.85442
2016-12-15,876.33,1368.96,860.02,324.57,870.25,3456.80225,233.2153
2016-12-16,872.04,1387.9,848.63,317.29,874.21,3521.07764,231.68555
2016-12-19,873.81,1377.88,853.26,332.39,870.07,3536.53491,230.15974
2016-12-20,873.26,1380.27,853.2,328.81,882.01,3548.76733,221.70453
2016-12-21,869.65,1401.55,853.97,318.7,892.54,3560.00293,240.22729
2016-12-22,876.15,1410.2,844.7,312.76,897.05,3594.93433,240.20543
2016-12-23,872.94,1405.31,850.38,317.08,909.85,3596.87671,248.43008
2016-12-27,886.52,1416.01,859.52,321.03,894.29,3665.25391,255.75175
2016-12-28,874.71,1415.57,869.05,312.68,915.34,3687.70288,268.08496
2016-12-29,869.66,1426.94,875.28,308.81,931.58,3653.80591,258.35541
2016-12-30,861.59,1454.29,872.49,299.4,929.17,3651.69214,253.14412
2017-01-03,864.12,1465.34,863.26,307.13,936.88,3578.97949,227.54185
2017-01-04,874.14,1468.72,872.21,318.7,943.83,3615.55518,221.78029
2017-01-05,873.97,1485.98,869.3,317.44,938.91,3642.23462,221.74542
2017-01-06,872.75,1491.89,870.46,319,925.48,3679.82886,223.89772
2017-01-09,887.05,1488.77,863.28,315.95,932.37,3541.35986,211.48651
2017-01-10,895.21,1493.93,873.06,313.21,928.22,3471.03638,223.88937
2017-01-11,902.57,1493.32,884.31,322.77,918.18,3565.05396,219.97578
2017-01-12,898.82,1496.79,875.24,320,930.8,3606.27026,230.34958
2017-01-13,911.74,1502.37,879.77,324.57,925.58,3569.27734,233.02194
2017-01-17,902.84,1505.66,882.9,329.65,937.86,3566.28882,231.86314
2017-01-18,908.7,1508.58,885.09,338.23,932.19,3481.90405,225.08315
2017-01-19,907.49,1493.77,880.57,329.33,929.87,3500.17212,229.48373
2017-01-20,910.19,1512.86,883.86,334.08,947.18,3569.55566,218.17734
2017-01-23,906.39,1503.29,885.75,323,948.15,3592.80249,220.88074
2017-01-24,910.29,1504.45,902.96,328.28,962.48,3623.95117,223.44745
2017-01-25,921.16,1518.81,913.31,327.64,958.54,3591.21997,226.84256
2017-01-26,912.74,1518.47,910.64,327.57,952.99,3661.34229,230.24657
2017-01-27,927.9,1543.2,909.43,324.44,956.45,3622.18506,231.01051
2017-01-30,911.02,1527.92,902.38,318.99,947.73,3567.82983,219.09987
2017-01-31,913,1539.95,895.08,318,953.81,3565.54102,210.44862
2017-02-01,926.86,1568.3,904.54,317.85,957.14,3631.03247,213.49501
2017-02-02,925.45,1580.78,910.38,311.65,969.05,3598.63745,214.21101
2017-02-03,934.06,1585.73,924.31,316.96,989.86,3613.27417,205.6002
2017-02-06,930.13,1567.91,921.63,317.47,982.08,3563.12549,205.00911
2017-02-07,935.45,1546.23,919.63,315.01,975.87,3515.8667,210.93852
2017-02-08,935.69,1572.02,914.49,308.24,972.54,3507.56519,209.48889
2017-02-09,935.29,1575.59,920.65,301.44,981.2,3537.12451,209.62468
2017-02-10,937.25,1568.12,929.33,337.56,988.9,3601.34888,202.86841
2017-02-13,943.67,1581.28,939.49,335.95,984.93,3546.44238,197.25536
2017-02-14,942.6,1586.22,940.58,336.4,989.15,3558.77148,194.32765
2017-02-15,951.33,1591.6,940.18,332.22,1008.14,3552.21997,195.63629
2017-02-16,943.52,1604.47,946.68,342.09,1008.6,3583.3374,191.65752
2017-02-17,954.13,1591.08,944.73,338.89,1002.45,3582.47241,190.12598
2017-02-21,976.59,1608.3,950.03,344.94,1000.68,3617.83032,171.58929
2017-02-22,968.83,1605.63,949.63,344.52,977.09,3589.99951,173.63834
2017-02-23,969.15,1599.22,957.96,340.25,972.23,3627.72046,174.3571
2017-02-24,972.12,1574.23,953.98,331.89,957.93,3597.073,175.02335
2017-02-27,976.22,1567.82,949.27,329.55,962.23,3606.05396,179.66888
2017-02-28,964.63,1578.89,938.33,322.36,964.77,3602.11597,185.00777
2017-03-01,973.7,1588.68,963.48,329.96,959.13,3591.5376,186.74928
2017-03-02,965.65,1578.82,953.81,330.94,959.23,3515.55811,187.37169
2017-03-03,967.98,1571.19,952.37,335.77,937.7,3560.98267,188.76614
2017-03-06,963.7,1586.32,953.55,334.21,951.64,3546.44507,193.38791
2017-03-07,965.01,1583.36,956.79,333.47,931.81,3540.10718,188.13065
2017-03-08,969.04,1583.95,951.99,331.22,920.2,3360.46875,193.88863
2017-03-09,971.24,1569.1,949.68,318.39,928.5,3284.7583,198.23196
2017-03-10,983.52,1587.14,943.47,326.93,929.92,3227.27124,200.19864
2017-03-13,990.59,1586.28,947.08,334.5,946.8,3221.28125,202.52808
2017-03-14,985.61,1585.03,944.39,331.96,923.71,3137.99561,193.19847
2017-03-15,999.42,1584.25,957.32,339.55,932.93,3202.28442,195.37474
2017-03-16,1006.04,1605.28,952.38,350.17,948.97,3187.82593,189.76555
2017-03-17,1005.61,1620.13,955.24,354.77,944.28,3196.06567,193.15295
2017-03-20,1007.3,1631.04,952.75,361.1,951.55,3149.00708,198.5925
2017-03-21,984.05,1634.84,934.15,350.55,919.42,3101.21973,202.62088
2017-03-22,984.27,1619.68,933.01,353.95,933.64,3142.43091,196.95795
2017-03-23,986.51,1653.6,935.4,366.5,913.29,3121.14453,199.63547
2017-03-24,987.45,1654.28,938.55,368.37,926.21,3137.47778,201.18578
2017-03-27,984.42,1657.84,942.13,372.12,928.71,3106.02979,198.6089
2017-03-28,986.54,1661.07,949.05,377.25,947.24,3145.83496,201.35425
2017-03-29,986.63,1646.66,949.73,376.27,951.43,3211.07007,205.92097
2017-03-30,987.32,1671.04,953.88,373.39,938.34,3261.9248,206.72893
2017-03-31,985.81,1669.68,948.43,368.9,938.43,3282.11841,206.91615
2017-04-03,983.64,1661.42,957.18,364.22,949.62,3267.66479,203.44856
2017-04-04,986.15,1675.47,949.22,374.45,939.34,3317.6543,214.09044
2017-04-05,973.74,1658.29,954.8,450.23,941.17,3325.92651,212.36511
2017-04-06,977.58,1671.45,957.21,460.19,939.2,3339.83032,215.18327
2017-04-07,983.51,1664.37,955.08,451.12,942.48,3358.52539,209.65067
2017-04-10,988.44,1672.51,957.7,498.58,935.92,3427.38086,209.07799
2017-04-11,975.14,1696.38,960.79,526.74,938.68,3452.84399,203.679
2017-04-12,966.22,1697.21,964.25,489.04,942.73,3439.40356,206.39012
2017-04-13,958.61,1694.02,954.08,493.58,936.96,3429.04639,208.07697
2017-04-17,967.05,1699.95,955.51,497.04,944.81,3390.97583,203.71617
2017-04-18,965.87,1688.79,953.11,489.11,935.85,3385.73315,203.16983
2017-04-19,984.96,1703.69,944.8,478.23,915.72,3260.70386,205.89496
2017-04-20,997.01,1710.45,946.6,476.48,907.7,3253.72583,204.46628
2017-04-21,994.36,1686.32,952.01,469.77,907.95,3208.33008,200.50446
2017-04-24,1010.31,1731.32,960.54,481.96,924.05,3175.50244,197.76743
2017-04-25,1021.52,1751.35,973.78,492.73,924.46,3188.29395,195.76228
2017-04-26,1024.77,1753.36,975.85,503.74,909.17,3182.54248,201.52254
2017-04-27,1036.52,1738.78,968.48,514.83,908.55,3139.22192,207.63609
2017-04-28,1024.53,1754.16,972.46,513,920.6,3170.68091,210.56458
2017-05-01,1042.93,1764.16,967.5,509.99,925.51,3139.45972,206.6618
2017-05-02,1049.71,1769.89,975.52,488.48,933.26,3058.57568,205.0388
2017-05-03,1052.97,1752.75,964.97,485.02,920.58,3068.59985,207.14012
2017-05-04,1051.28,1771.14,945.29,454.71,897.66,2923.77246,204.63837
2017-05-05,1059.91,1828.62,946.11,479.45,916.72,2973.56372,210.1181
2017-05-08,1054.39,1821.22,943.9,473.2,919.8,2988.8894,204.19464
2017-05-09,1066.11,1815.86,944.91,462.14,931.4,2967.24316,208.703
2017-05-10,1082.05,1814.17,943.3,467.2,946.43,3061.2666,212.92392
2017-05-11,1090.55,1812.45,948.82,460.57,941.96,3080.14673,217.40697
2017-05-12,1087.49,1818.3,947.02,462.98,943.45,3069.10352,219.66159
2017-05-15,1106.9,1823.81,948.26,464.26,957.93,3127.62622,214.42006
2017-05-16,1118.72,1826.45,943.01,458.63,976.15,3116.4248,206.86502
2017-05-17,1070.66,1786.98,948.44,423.6,951.89,3146.61865,204.68732
2017-05-18,1088.83,1809.38,946.02,439.98,863.38,3205.77588,206.70271
2017-05-19,1099.83,1818.87,950.7,448.69,878.65,3249.30469,210.20737
2017-05-22,1113.02,1828.61,957.65,453.39,872.76,3273.86572,214.90189
2017-05-23,1117.5,1822.86,961.91,445.33,886.17,3340.34644,208.90956
2017-05-24,1117.72,1803.53,964.56,440.33,892.4,3326.83887,207.86266
2017-05-25,1125.79,1810.58,967.48,439.46,899.75,3157.17969,205.57178
2017-05-26,1130.17,1807.73,977.21,446.21,910.17,3215.83496,208.96471
2017-05-30,1135.79,1774.46,970.36,438.98,895.61,3206.19849,203.05063
2017-05-31,1139.04,1785.69,977.53,444.18,892.98,3117.31641,198.1225
2017-06-01,1144.33,1778.97,981.54,442.52,905.46,3114.14697,193.70045
2017-06-02,1159.23,1764.5,989.42,448.06,899.7,3063.34644,192.76073
2017-06-05,1157.56,1761.79,973.64,444.75,877.25,3050.52173,191.91257
2017-06-06,1154.13,1807.01,977.8,450.14,877.22,3105.25269,196.01949
2017-06-07,1163.2,1807.28,988.02,468.53,873.56,2946.58081,194.63417
2017-06-08,1170.36,1809.21,992.49,491.54,855.99,2932.87671,194.58261
2017-06-09,1117.62,1821.56,997.69,476.69,850.8,2949.8479,195.60524
2017-06-12,1107.99,1809.11,996.42,487.56,843.6,2971.65308,195.01474
2017-06-13,1119.58,1820.98,1010.6,500.3,837.26,2990.71851,190.92706
2017-06-14,1101.68,1819.94,1007.49,507.17,838.97,2866.07471,187.93198
2017-06-15,1082.21,1783.93,1001.39,502.33,836.58,2872.73389,197.46008
2017-06-16,1084.94,1775.89,999.37,520.35,829.2,2883.78369,195.75439
2017-06-19,1111.23,1779.1,998.39,524.76,833.4,2850.01611,186.60512
2017-06-20,1092,1756.15,993.56,512.28,813.84,2794.90601,187.94336
2017-06-21,1102.57,1763.42,980.14,503.06,800.8,2746.82129,186.84586
2017-06-22,1106.88,1749.59,982.6,512.16,803.82,2761.42285,186.98076
2017-06-23,1127.03,1747.25,990.45,518.61,824.47,2773.06543,188.84698
2017-06-26,1115.71,1745.3,992.35,510.24,835.83,2798.10986,195.24846
2017-06-27,1090.2,1741.39,986.1,505.39,843.89,2852.30762,195.80602
2017-06-28,1108.14,1753.86,989.38,508.93,859.2,2885.94922,197.83653
2017-06-29,1081.91,1743.96,977.78,495.69,866.77,2911.40552,197.11765
2017-06-30,1081.76,1777.22,979.74,492.59,876.75,2975.1001,196.1214
2017-07-03,1077.7,1785.53,979.2,492.14,875.5,3052.26367,191.35818
2017-07-05,1091.61,1780.07,974.15,487.38,857.08,2923.1604,183.95248
2017-07-06,1090.29,1785.3,966.85,489.02,855.99,2946.28198,186.9258
2017-07-07,1119.74,1784.97,969.9,482.88,851.41,2858.80615,185.11464
2017-07-10,1134.87,1788.71,937.72,485.18,853.53,2862.68555,188.84698
2017-07-11,1156.62,1789.54,941.37,489.82,855.77,2907.03467,196.66374
2017-07-12,1163.85,1803.88,956.59,500.59,872.77,2930.23828,192.27878
2017-07-13,1161.76,1803.61,951.21,503.29,894.29,2970.30762,190.86546
2017-07-14,1184.7,1815.35,959.74,498.43,902.88,2991.84717,191.57079
2017-07-17,1186.64,1820.78,967.79,496.87,903.64,2961.5481,194.34756
2017-07-18,1200.33,1823.97,968.03,499.04,907.61,2983.70557,198.57076
2017-07-19,1218.38,1821.68,973.98,507.2,917.7,3028.17163,197.0368
2017-07-20,1220.86,1838.69,969.52,507.26,915.86,3011.17041,195.83226
2017-07-21,1209.16,1836.72,977.54,530.14,913.21,2947.13037,191.2383
2017-07-24,1210.53,1819.84,970.33,524.53,908.74,2984.06885,186.6814
2017-07-25,1202.68,1833.91,967.25,522.67,912.58,3086.03149,189.71136
2017-07-26,1220.9,1854.54,961.51,525.03,910.98,3136.09229,188.10121
2017-07-27,1195.3,1814.9,957.24,516.94,916.91,3146.89673,190.52074
2017-07-28,1191.01,1811.41,965.88,526.96,916.24,3187.16162,188.56252
2017-07-31,1175.78,1819.13,968.46,524.84,923.76,3219.63477,179.30356
2017-08-01,1175.92,1816.91,971.03,529.67,913.33,3150.91016,180.68381
2017-08-02,1144.69,1812.62,975.11,511.36,915.77,3155.65967,178.87799
2017-08-03,1144.36,1796.99,950.27,513.59,907.15,3123.4856,178.37569
2017-08-04,1149.81,1805.45,1012.69,510.65,913.67,3160.60107,176.83557
2017-08-07,1175.23,1807.93,1010.97,524.56,926.5,3153.18115,178.82285
2017-08-08,1168.92,1815.66,1004.51,512.8,910.2,3131.71094,179.73741
2017-08-09,1164.57,1818,1004.49,506.45,901.54,3167.62744,184.26695
2017-08-10,1126.48,1802.65,991.27,488.31,890.14,3115.34302,191.38298
2017-08-11,1145.61,1805.55,982.14,485.28,890.29,3127.77539,191.11336
2017-08-14,1162.76,1821.64,989.65,497.49,898.15,3049.09131,189.58313
2017-08-15,1166.59,1806.95,985.12,499.09,900.2,3048.43042,188.16286
2017-08-16,1178.8,1832.01,988.03,493.26,896.29,3002.57422,185.49464
2017-08-17,1148.84,1777.48,975.42,490.69,888.48,3020.53149,187.8772
2017-08-18,1171.42,1797.3,979.03,493.56,895.17,3108.7876,185.39935
2017-08-21,1144.05,1795.01,981.76,493.79,887.07,3039.96973,190.08635
2017-08-22,1167.09,1794.01,984.84,505.97,892.18,3052.4187,188.30937
2017-08-23,1160.75,1795.98,982.12,513.96,895.96,3100.41846,187.52376
2017-08-24,1158.27,1787.99,984.74,512.69,906.05,3037.13257,188.83627
2017-08-25,1148.54,1800.18,977.1,508.27,917.09,3065.06812,185.17188
2017-08-28,1155.04,1812.79,1003.12,510.99,916.08,2970.677,186.58429
2017-08-29,1162.43,1811.77,999.74,509.27,914.19,2969.21118,189.31598
2017-08-30,1188.77,1803.74,999.44,514.29,916.77,2940.98047,188.0666
2017-08-31,1182.52,1803.25,1006.65,531.98,931.23,3021.77539,194.49921
2017-09-01,1189.43,1804.75,1007.52,547.02,941.96,3017.92969,195.91972
2017-09-05,1178.53,1814.96,1016.09,538.71,954.24,3119.34937,190.52007
2017-09-06,1184.8,1809.34,1015.63,557.49,952.41,3149.60742,192.20551
2017-09-07,1194.73,1823.97,1017.09,574.82,958.5,3140.28735,190.69456
2017-09-08,1176.88,1815.67,1019.6,571.56,955.07,3035.87109,184.78661
2017-09-11,1200.84,1829.83,1022.31,595.62,962.24,3073.18726,188.59793
2017-09-12,1201.88,1824.6,1017.41,603.37,961.71,3088.1958,192.15584
2017-09-13,1207.86,1801.46,1022.9,680.07,970.26,3161.80615,196.12177
2017-09-14,1233.31,1790.68,1021.52,645.8,968.55,3203.38696,197.12163
2017-09-15,1235.55,1781.5,1028.93,657.08,976.66,3199.24609,193.91702
2017-09-18,1249.13,1794.34,1032.2,687.28,974.19,3202.51514,201.8656
2017-09-19,1255.38,1824.71,1052.91,685.62,977.04,3181.56885,200.74492
2017-09-20,1235.52,1835.81,1056.61,732.07,983.77,3243.63647,199.08374
2017-09-21,1230.78,1821.15,1045.93,694.55,984.65,3281.63525,191.2502
2017-09-22,1247.71,1810.1,1049.17,706.96,969.56,3286.06079,191.93553
2017-09-25,1206.56,1813.33,984.23,723.17,958.61,3407.64209,190.4808
2017-09-26,1196.26,1797.79,914,719.43,951.39,3394.81958,190.94225
2017-09-27,1256.61,1814.62,963.32,711.3,930.35,3416.26489,194.85945
2017-09-28,1286.99,1838.05,1011.01,683.11,920.88,3373.95752,197.42494
2017-09-29,1313.09,1842.11,986.89,699.07,929.3,3376.63452,196.50745
2017-10-02,1316.9,1841.84,979.47,719.72,942.58,3303.39502,190.44484
2017-10-03,1315.74,1842.94,984.81,722.51,959.46,3302.00073,189.59326
2017-10-04,1312.9,1860.08,984.03,721.92,968.44,3252.44849,191.3205
2017-10-05,1309.16,1867.66,987.65,731.38,966.76,3308.20654,190.3896
2017-10-06,1327.09,1863.07,980.66,767.21,952.95,3227.60767,187.47496
2017-10-09,1327.21,1881.4,985.81,752.61,942.73,3240.57349,185.16629
2017-10-10,1330.46,1915.98,991.45,771.24,962.05,3320.79883,188.53946
2017-10-11,1340.21,1944.99,986.08,752.74,958.78,3343.22095,188.27612
2017-10-12,1344.81,1909.74,983.15,753.16,957.82,3291.77783,194.4491
2017-10-13,1359.17,1909.04,995.32,746.36,972.88,3328.80981,194.0997
2017-10-16,1378.77,1859.4,1000.12,737.01,961.34,3355.99414,190.60649
2017-10-17,1388.31,1857.43,999.93,726.99,947.09,3373.75122,192.61856
2017-10-18,1393.82,1858.35,1012.48,723.03,955.48,3386.2168,185.70836
2017-10-19,1391.87,1849.44,1007.22,711.81,951.37,3336.92749,186.91737
2017-10-20,1406.34,1831.92,1009.2,733,946.75,3348.63818,189.6499
2017-10-23,1421.3,1821.7,1008.61,724.61,925.13,3374.53809,194.47482
2017-10-24,1419.56,1812.76,1010.33,732.84,920.14,3421.25903,193.91699
2017-10-25,1399.97,1806.95,1000.14,708.26,917.37,3388.30835,189.54526
2017-10-26,1415.73,1821.81,1006.84,709.15,913.25,3418.70996,187.69135
2017-10-27,1449,1791.65,1017.79,723.28,913.8,3501.90991,178.79881
2017-10-30,1440.7,1819.96,1008.54,723.77,903.27,3513.38745,192.4415
2017-10-31,1441.5,1839.72,1034.18,743.2,907.79,3516.23804,187.25681
2017-11-01,1434.91,1848.09,1031.01,744.17,904.33,3503.89209,186.68066
2017-11-02,1447.03,1809.9,1044.35,786.79,898.35,3520.01172,189.4249
2017-11-03,1457.7,1738,1042.59,793.04,891.61,3597.68237,192.94543
2017-11-06,1457.91,1745.38,1046.96,822.82,895.29,3704.14478,202.42004
2017-11-07,1456.75,1703.44,1047.92,801.5,883.48,3729.12549,205.49306
2017-11-08,1465.11,1743.13,1021.09,739.62,895.82,3689.32666,206.18927
2017-11-09,1432.5,1612.81,1025.95,714.15,893.69,3724.05371,208.448
2017-11-10,1453.52,1604.44,1023.56,728.33,880.98,3708.52637,210.00168
2017-11-13,1464.51,1586.64,1014.99,695.88,875.77,3715.79346,207.32765
2017-11-14,1455.82,1574.51,1021.93,680.76,852.05,3643.08643,202.88786
2017-11-15,1437.91,1610.01,1017.36,653.83,843,3616.92212,201.3396
2017-11-16,1477.83,1624.12,1024.94,666.24,859.33,3595.12793,199.0556
2017-11-17,1451.05,1621.14,1020.55,668.6,875.34,3672.49829,201.12692
2017-11-20,1479.33,1579.24,1024.21,671.74,881.96,3650.75781,198.32161
2017-11-21,1498,1558.51,1024.37,679.27,891.47,3683.33984,195.54173
2017-11-22,1478.65,1571.3,1029.55,672.78,896.02,3757.46802,192.21243
2017-11-24,1485.72,1554,1037.09,695.76,893.1,3806.54883,181.64244
2017-11-27,1463.17,1549.17,1039.18,678.53,886.62,3748.12402,188.85747
2017-11-28,1475.1,1608.89,1039.78,682.01,889.63,3736.38257,198.06242
2017-11-29,1386.34,1641.34,1041.93,658.92,885.69,3693.27148,204.90245
2017-11-30,1387.73,1672.87,1045.89,675.08,873.67,3706.31812,195.32425
2017-12-01,1364.47,1632.92,1024.91,687.64,872.48,3768.01343,197.63347
2017-12-04,1315.57,1597.09,1019.59,666.19,876.55,3700.74048,192.21698
2017-12-05,1327.77,1588.12,1019.55,663.53,868.01,3708.96484,187.57243
2017-12-06,1343.37,1579.5,1017.66,669.12,859.39,3612.6377,188.63701
2017-12-07,1377.38,1622.02,1024.1,676.84,859.2,3657.07202,178.24113
2017-12-08,1372.41,1631.61,1029.37,684.74,845.73,3700.86719,178.84944
2017-12-11,1376.26,1637.81,1030.3,688.31,853.58,3732.72925,182.03412
2017-12-12,1351.43,1629.74,1025.86,673.15,855.9,3689.41553,172.9131
2017-12-13,1357.55,1630.13,1028.23,674.9,888.06,3642.9458,174.74554
2017-12-14,1367.71,1673.21,1014.54,672.21,885.09,3667.10156,172.55437
2017-12-15,1391.52,1669.43,1007.1,680.22,894.38,3668.34595,167.22025
2017-12-18,1412.44,1701.69,1018.85,687.13,904.06,3666.81396,176.09175
2017-12-19,1400.84,1685.41,1014.01,687.97,903.41,3680.80151,172.44548
2017-12-20,1404.9,1694.87,1019.92,686.06,919.99,3716.88867,168.72844
2017-12-21,1388.95,1691.26,1028.51,685.79,928.21,3735.62354,166.29797
2017-12-22,1391.38,1695.11,1034.02,673.87,927.62,3743.0564,170.73254
2017-12-26,1371.34,1699.83,1036.8,666.8,932.78,3840.38281,169.25349
2017-12-27,1388.51,1719.03,1043.83,675.03,939.69,3825.75684,175.63585
2017-12-28,1390.83,1706.23,1041.28,673.8,950.06,3833.02124,186.65482
2017-12-29,1378.47,1718.57,1042.12,663.56,947.86,3857.90771,188.55348
2018-01-02,1421.77,1739.43,1051.49,677.02,966.19,3830.12646,193.88548
2018-01-03,1444.29,1716.61,1036.17,675.01,970.28,3907.18799,190.69968
2018-01-04,1445.58,1725.1,1041.93,664.42,969.2,3929.72876,182.5128
2018-01-05,1452.12,1725.19,1045.56,644.82,970.74,3889.45923,176.93747
2018-01-08,1476.43,1744.32,1046.81,649.24,968.72,3917.47852,179.91335
2018-01-09,1457.87,1738.05,1048.59,660.51,956.1,4007.53003,186.05479
2018-01-10,1429.79,1736.2,1046.91,660.36,945.81,4055.13037,185.37373
2018-01-11,1445.32,1760.3,1046.55,677.45,959.02,4065.65503,196.52789
2018-01-12,1445.72,1772.6,1053.73,669.42,970.39,4086.90796,203.392
2018-01-16,1456.56,1815.34,1057.08,647.34,945.36,4080.12842,200.32515
2018-01-17,1505.71,1818.28,1062.28,640.76,965.64,4083.74878,206.32603
2018-01-18,1504.34,1818.87,1054.57,644.77,976.26,4086.80151,203.79688
2018-01-19,1506.87,1805.67,1058.33,641.55,977.53,4043.82983,203.2444
2018-01-22,1504.64,1834.1,1053.99,634.38,975.35,4057.85547,206.05647
2018-01-23,1506.61,1842.45,1048.43,630.92,976.3,4112.18652,219.67381
2018-01-24,1488.77,1824.34,1057.63,622.2,1003.18,4173.38672,223.20398
2018-01-25,1474.8,1805.34,1076.96,582.27,1013.89,4157.39551,218.75351
2018-01-26,1498.96,1789.02,1082.3,560.77,1027.42,4197.37646,222.43431
2018-01-29,1463.51,1775.55,1082.64,616.64,1027.21,4175.0249,231.23116
2018-01-30,1423.49,1826.25,1084.34,585.15,1002.69,4113.64893,203.76912
2018-01-31,1429.41,1839.48,1090.06,588.64,995.1,4122.62109,190.75005
2018-02-01,1420.78,1843.47,1078.06,579.01,997.28,4209.12744,182.69403
2018-02-02,1366.68,1777.76,1068.41,568.66,976.56,4197.79932,182.53532
2018-02-05,1312.02,1747.74,1038.24,535.68,959.64,4108.48682,175.93161
2018-02-06,1334.44,1727.04,1043.05,545.49,961.21,4064.87109,176.92032
2018-02-07,1312.87,1758.36,1047.05,551.2,963.47,3974.64185,173.80615
2018-02-08,1247.9,1732.13,1037.7,521.44,947.4,3943.56348,173.92953
2018-02-09,1285.06,1753.3,1030.98,518.82,949.48,3816.91992,166.60339
2018-02-12,1318.47,1789.86,1028.88,531.91,952.91,3809.92798,163.98947
2018-02-13,1329.57,1787.78,1019.81,534.02,952.07,3803.50195,166.68837
2018-02-14,1377.48,1822.04,1022.05,546.12,966.01,3879.76343,165.62621
2018-02-15,1422.66,1829.14,1024.89,551.97,975.6,3922.59497,164.98688
2018-02-16,1443.86,1832.49,1025.71,553.55,974.77,3971.76025,164.7173
2018-02-20,1475.78,1849.25,1021.07,547.3,1013.56,4012.35791,169.56912
2018-02-21,1472.84,1854.52,1016,573.62,1024.77,3996.55566,172.2899
2018-02-22,1470.29,1856.01,1003.41,564.97,1017.35,4079.57935,171.19025
2018-02-23,1480,1868.34,1009.38,575.09,1008.71,4124.07715,170.34938
2018-02-26,1520.52,1877.31,1012.51,577.1,1008.57,4144.02051,171.11671
2018-02-27,1495.78,1878.64,1010.4,569.66,978.74,4102.26611,174.67671
2018-02-28,1490.23,1866.16,1005.85,574.94,960.16,4017.57202,173.82973
2018-03-01,1474.29,1849.25,962.19,542.4,967.32,3978.22534,175.9838
2018-03-02,1494.16,1810.2,965.42,548.41,970.27,3995.30688,175.7935
2018-03-05,1494.85,1808.18,958.37,542.03,973.08,4069.34644,175.85924
2018-03-06,1549.15,1829.2,948.79,536.17,980.99,4057.85718,178.19568
2018-03-07,1540.22,1849.49,936.79,522.2,973.76,3972.30396,180.39392
2018-03-08,1541.63,1866.95,936.02,532.75,957.98,3915.41724,179.48918
2018-03-09,1585.17,1851.59,942.18,545.14,991.3,4030.42871,177.48438
2018-03-12,1579.51,1870.83,959.51,561.8,995.5,3985.54688,180.44083
2018-03-13,1555.39,1849.43,959.81,551.8,974.64,3931.79199,180.43111
2018-03-14,1562.95,1874.21,956.93,544.09,961.28,3956.4563,177.24873
2018-03-15,1561.95,1861.12,941.84,544.56,960.43,3977.68652,174.27974
2018-03-16,1547.17,1854.65,931.14,553.78,970.45,4057.30542,174.94444
2018-03-19,1535.23,1853.39,942.57,547.46,958.8,4052.20776,173.09705
2018-03-20,1552.31,1870.57,949.07,558.66,953.52,4138.53027,174.61464
2018-03-21,1580.48,1883.47,951.52,551.17,961.3,4247.78076,171.94484
2018-03-22,1538.2,1865.27,958.12,540.91,939.1,4186.89453,170.40596
2018-03-23,1466.51,1858.64,942.3,535.23,933.09,4282.2002,168.41499
2018-03-26,1533.79,1868.02,948.13,562.96,946.21,4241.2749,169.3922
2018-03-27,1472.58,1860.07,944.5,544.97,920.54,4231.4624,174.51135
2018-03-28,1429.09,1860.29,945.98,538.94,902.88,4193.87402,175.75447
2018-03-29,1461.66,1856.27,940.03,546.62,921.45,4230.19141,178.02762
2018-04-02,1412.82,1858.76,934.48,522.48,905.49,4104.47119,174.77061
2018-04-03,1431.09,1874.51,939.32,520.93,903.54,4128.89307,175.33655
2018-04-04,1454.77,1842.8,938.14,523.73,902.71,4119.3667,176.68359
2018-04-05,1444.52,1858.9,949.02,535.65,905.73,4119.7749,173.44031
2018-04-06,1404.68,1879.29,929.62,532.93,889.41,4029.36963,175.36783
2018-04-09,1414.24,1894.51,922.3,537.28,875.44,4113.104,174.65451
2018-04-10,1449.67,1890.9,924.71,552.42,878.31,4255.52295,172.53349
2018-04-11,1447.93,1861.63,927.45,558.26,892.13,4355.99561,174.38326
2018-04-12,1477.4,1844.35,933.27,563.01,903.07,4379.00684,175.3692
2018-04-13,1464.9,1861.9,925.15,565.07,890.31,4395.84961,178.40405
2018-04-16,1474.97,1862.59,941.81,562.72,875.23,4335.39014,180.17206
2018-04-17,1501.65,1854,956.4,583.01,891.28,4368.90039,179.82637
2018-04-18,1461.07,1853.8,964.56,581.48,892.81,4501.59424,180.07692
2018-04-19,1401.39,1861.78,964.42,579.56,875.04,4518.41455,175.99916
2018-04-20,1395.67,1846.5,950.96,569.53,870.56,4525.38818,181.26701
2018-04-23,1376.9,1836.67,954.36,562.18,863.6,4567.17529,182.31439
2018-04-24,1347.99,1833.33,941.35,560.47,878.35,4495.61182,184.67203
2018-04-25,1347.26,1824.75,939.86,547.2,868.7,4556.2876,186.53664
2018-04-26,1376.79,1868.09,947.03,545.05,883.9,4560.06982,188.64873
2018-04-27,1361.75,1881.64,954.62,539.85,884.21,4538.17041,184.65889
2018-04-30,1354.95,1872.07,944.54,537.44,874.32,4569.49121,184.12576
2018-05-01,1369.12,1849.35,945.38,542.55,872.05,4481.52637,186.72472
2018-05-02,1366.13,1864.72,944.97,532.35,863.21,4534.55176,183.83859
2018-05-03,1365.39,1868.34,948,528.31,834.39,4563.59668,181.79694
2018-05-04,1399.88,1862.16,958.16,526.23,831.29,4658.2373,181.13139
2018-05-07,1405.69,1888.62,959.08,528.38,831.2,4750.40381,184.09241
2018-05-08,1419.95,1877.49,917.06,524.67,827.25,4632.19971,183.2489
2018-05-09,1436.97,1858.35,912.99,537.91,835.98,4793.94678,184.43959
2018-05-10,1477.42,1866.55,927.92,544.67,841.49,4784.15283,188.65759
2018-05-11,1465.56,1867.55,921.46,554.06,859.57,4762.37305,189.013
2018-05-14,1479.88,1871.99,888.97,557.4,867.2,4795.58301,192.06662
2018-05-15,1459.17,1868.64,880.97,551.71,864.28,4864.05518,193.44356
2018-05-16,1479.71,1855.16,874.49,559.23,867.27,4839.08643,190.54454
2018-05-17,1458.62,1891.05,886.95,565.28,873.8,4848.09424,193.88309
2018-05-18,1377.8,1893.95,875.18,563.25,869.96,4846.61963,193.57921
2018-05-21,1391.56,1895.39,882.51,565.67,886.58,4921.3501,191.43124
2018-05-22,1394.59,1899.57,880.61,554.87,894.78,4906.70801,197.81932
2018-05-23,1382.54,1868.4,867.99,558.6,904.37,4911.70068,199.23018
2018-05-24,1384.09,1809.73,876.55,558.96,895.32,4830.02344,200.82405
2018-05-25,1382.3,1785.42,874.62,535.95,886.07,4602.26416,199.26421
2018-05-29,1399.6,1740.12,866.68,536.03,866.77,4524.07373,194.91551
2018-05-30,1393.3,1747.35,878.46,537.34,878.85,4602.47656,194.66566
2018-05-31,1371.27,1752.08,870.68,525.36,884.14,4519.83691,199.02383
2018-06-01,1392.97,1763.2,871.27,527.9,874.76,4406.89404,198.34708
2018-06-04,1375.56,1769.74,866.8,530.27,877.16,4342.1543,196.48668
2018-06-05,1373.79,1767.71,866.76,521.02,871.6,4397.66943,193.97536
2018-06-06,1361.06,1753.71,863.43,524.99,871.79,4326.79248,193.57936
2018-06-07,1337.76,1761.12,868.22,516.82,847.42,4449.18506,197.6666
2018-06-08,1331.01,1723.47,866.38,519.54,850.11,4441.26953,195.2429
2018-06-11,1307.93,1742.58,859.43,521.56,863.91,4462.08057,199.07225
2018-06-12,1329.07,1732.42,861.84,540.78,851.03,4479.79785,198.40454
2018-06-13,1334.05,1718.63,853.61,548.11,853.05,4494.36816,199.83212
2018-06-14,1314,1723.36,857.86,533.96,840.51,4532.19873,200.89655
2018-06-15,1295.22,1724.6,853.36,527.74,825.95,4436.7666,206.0853
2018-06-18,1282.17,1711.71,854.24,526.04,838.67,4484.91162,200.98671
2018-06-19,1282.83,1692.95,858.18,516.65,833.81,4431.72266,197.5103
2018-06-20,1282.85,1691.67,863.24,520.92,837.69,4507.39697,201.7506
2018-06-21,1286.74,1686.31,864.96,506.57,821.88,4446.43018,201.83293
2018-06-22,1273.39,1703.79,865.24,513.94,830.05,4654.69629,199.88451
2018-06-25,1245.17,1682.44,870.86,498.28,826.54,4636.58838,199.07091
2018-06-26,1243.42,1674.29,874.61,505.52,834.05,4819.49121,200.82922
2018-06-27,1213.07,1664.4,866.14,497.75,810.23,5010.7627,206.32553
2018-06-28,1214.08,1650.29,865.05,496.47,806.49,5055.56348,202.3602
2018-06-29,1231.86,1681.84,867.63,513.04,808.42,5077.42139,200.2209
2018-07-02,1225.35,1654.85,868.2,514.77,795.99,5082.63574,196.73389
2018-07-03,1205.93,1683.95,861.39,512.91,798.35,5084.76562,196.83408
2018-07-05,1220.06,1693.33,873.4,519.33,801.29,5020.0957,195.25653
2018-07-06,1237.21,1713.92,875.61,517.81,809.46,5074.73877,196.5258
2018-07-09,1248.93,1736.09,843.21,525.48,820.93,5070.06104,194.1521
2018-07-10,1253.03,1729.7,845.89,519.95,831.44,5087.94775,191.40735
2018-07-11,1221.5,1720.58,854.28,516.04,819.64,4841.08838,194.59276
2018-07-12,1231.1,1718.83,863.77,531.16,830.88,4803.53906,191.0351
2018-07-13,1234.26,1712.26,870.96,519.43,833.73,4862.47363,188.44568
2018-07-16,1236.45,1722.38,858.33,515.83,825.93,4663.70947,189.05634
2018-07-17,1248.44,1732.48,847.42,519.33,833.58,4657.35303,187.44341
2018-07-18,1266.16,1723.97,852.68,520.69,844.51,4705.93457,186.22523
2018-07-19,1238.58,1701.01,856.75,531.67,836.02,4794.87256,191.14601
2018-07-20,1233.39,1742.01,854.44,521.74,864.39,4844.01953,189.53961
2018-07-23,1226.87,1741.32,856.55,526.71,840.25,4681.11719,187.61703
2018-07-24,1220.35,1729.56,853.79,520.92,851.54,4719.0752,188.15694
2018-07-25,1228.97,1712.43,862.93,520,865.12,4760.73682,190.63556
2018-07-26,1247.17,1730.29,863.3,520.86,859.55,4781.22559,190.94681
2018-07-27,1259.62,1703.21,858.39,519.61,860.23,4713.67969,193.65269
2018-07-30,1251.37,1712.74,865.13,510.92,854.09,4812.53076,191.93854
2018-07-31,1269.44,1719.58,872.96,521.97,838.91,4707.021,190.44403
2018-08-01,1261.06,1699.15,871.03,513.26,842.47,4622.53125,188.42656
2018-08-02,1264.03,1684.05,866.66,516.83,857.52,4728.5874,193.09312
2018-08-03,1264.86,1675.46,857.95,510.02,872,4694.62646,195.55803
2018-08-06,1277.39,1661,857.23,508.33,865.07,4749.54443,196.83664
2018-08-07,1282.39,1660.43,848.06,503.58,888.13,4747.24072,198.82545
2018-08-08,1290.37,1669.43,825.41,508.86,879.03,4596.05371,202.47627
2018-08-09,1272.99,1730.94,990.72,507.49,859.6,4594.31641,203.20619
2018-08-10,1245.53,1708.45,973.26,507.61,842.84,4674.24756,203.47456
2018-08-13,1240.18,1690.3,965.87,500.61,832.76,4714.08008,205.53951
2018-08-14,1237.59,1671.96,958.6,492.13,845.45,4695.98438,207.27055
2018-08-15,1215.35,1667.94,954.11,478.85,832.88,4575.30615,206.9128
2018-08-16,1216.95,1665.66,966.07,495.32,840.77,4585.14551,203.69086
2018-08-17,1155.8,1691.48,967.14,491.94,823.98,4615.34766,206.29366
2018-08-20,1161.52,1710.45,972.19,492.6,832.89,4638.47461,205.35533
2018-08-21,1167,1748.26,975.99,500.59,826.17,4701.54883,208.02695
2018-08-22,1156.97,1758.91,985.92,507.22,836.89,4738.66357,206.41748
2018-08-23,1149.72,1757.36,981.96,512.53,835.79,4759.83447,207.99277
2018-08-24,1152.49,1769.32,983.34,508.1,833.9,4797.34326,203.63577
2018-08-27,1171.08,1801.5,988.39,505.7,852.51,4816.42334,201.13306
2018-08-28,1163.28,1815.38,984.09,503.17,829.72,4803.95312,199.9252
2018-08-29,1162.17,1803.97,986.19,531.53,837.33,4902.8877,204.19882
2018-08-30,1157.82,1790.75,991.25,536.64,823.05,4986.87207,204.01808
2018-08-31,1157.32,1780.04,988.96,542.62,830.86,4946.37695,206.64233
2018-09-04,1147.86,1743.51,975.72,552.43,832.69,4986.20264,201.46057
2018-09-05,1139.12,1739.2,976.83,552.05,826.88,4916.70996,199.97386
2018-09-06,1098.41,1741.55,984.78,551.63,819.36,4877.40674,199.50084
2018-09-07,1083.07,1750.03,984.8,548.05,828.58,4877.66113,199.85812
2018-09-10,1077.9,1758.21,1004.8,546.16,830.32,4902.05322,203.51431
2018-09-11,1072.84,1748.13,1008.15,529.31,817.06,5026.85742,205.28452
2018-09-12,1063.21,1739.62,1013.34,529.96,828.61,5064.29688,203.5938
2018-09-13,1073.96,1717.91,1016.76,520.89,822.47,4915.98242,201.90002
2018-09-14,1077.65,1718.21,1019.5,552.18,815.07,4963.48535,199.07181
2018-09-17,1066.56,1725.55,1008.84,551.9,825.64,4992.28809,203.86446
2018-09-18,1082.21,1736.51,1016.36,565.91,823.31,5080.01611,213.30975
2018-09-19,1079.55,1742.42,1021.91,586.22,819.72,5130.09912,209.76277
2018-09-20,1092.97,1747.97,1033.36,613.45,823.04,5082.30713,213.62918
2018-09-21,1097.38,1779.39,1038.24,597.23,827.43,5117.04004,215.22221
2018-09-24,1085.68,1779.34,1013.44,583.34,829.93,5251.02783,221.3183
2018-09-25,1073.65,1756.52,1003.74,576.62,822.15,5256.38232,224.13075
2018-09-26,1064.74,1750.77,995.31,571.57,826.61,5193.96387,219.23941
2018-09-27,1058.75,1766.27,996.4,569.19,825.32,5234.83008,221.81976
2018-09-28,1061.45,1773.45,1004.83,584.39,829.32,5314.25098,218.2289
2018-10-01,1056.66,1747.33,1005.01,592.59,813.33,5512.33643,226.49628
2018-10-02,1070.7,1727.68,1007.38,577.87,829.07,5517.74414,232.21027
2018-10-03,1066.83,1723.72,1007.15,589.13,854.33,5614.22461,237.32425
2018-10-04,1043.62,1686.64,985.1,582.38,836.24,5490.38525,233.78273
2018-10-05,1024.63,1663.34,981.47,577.8,855.95,5514.92041,233.16377
2018-10-08,1010.24,1641.49,987.31,582.15,881.91,5497.83154,241.77434
2018-10-09,991.9,1644.94,983.09,575.61,875.4,5556.41016,242.09225
2018-10-10,959.16,1630.41,972.93,535.28,849.89,5431.22607,243.76311
2018-10-11,923.36,1609.18,953.81,528.29,848.07,5239.36035,237.86415
2018-10-12,944.37,1615.01,958.91,530.31,841.48,5255.26123,232.85507
2018-10-15,943.31,1625.54,968.4,533.77,847.12,5292.37549,239.03429
2018-10-16,973.32,1646.44,982.66,549.1,869.21,5268.85938,237.28914
2018-10-17,973.4,1652.13,980.31,542.71,882.69,5117.45264,243.58342
2018-10-18,950.5,1654.11,977.49,534.16,890.22,5058.23486,235.63344
2018-10-19,953.28,1656.13,988.78,529.53,901.16,5075.79248,238.66212
2018-10-22,936.85,1658.03,988.65,517.21,899.08,5095.26953,231.1545
2018-10-23,925.88,1630.65,1030.65,505.66,895.55,4875.43066,235.73511
2018-10-24,887.25,1635.53,980.22,500.78,848.52,4895.2334,231.94116
2018-10-25,904.37,1632.3,962.02,498.38,850.92,4931.58594,234.53049
2018-10-26,889.63,1618.47,990.78,498.12,857.33,4943.80273,232.96364
2018-10-29,868.37,1638.56,990.56,500.69,843.27,4929.78662,234.20897
2018-10-30,901.52,1615.71,963.43,517.55,848.67,4874.48779,234.73848
2018-10-31,916.75,1624.15,955.78,520.69,846.91,4836.8584,241.50966
2018-11-01,962.67,1662.72,973.35,485.31,863.46,4657.97461,236.73831
2018-11-02,965.19,1653.89,981.34,472.13,856.64,4607.32568,239.63348
2018-11-05,957.45,1661.52,997.58,486.66,890.3,4604.40723,260.284
2018-11-06,963.57,1731.97,950.34,495.59,886.26,4543.16504,259.61987
2018-11-07,979.15,1810.43,986.37,499.27,859.1,4460.28271,257.11539
2018-11-08,966.47,1855.16,990.67,498.06,846.81,4405.52148,257.27316
2018-11-09,947.19,1844.81,980.51,481.64,840.24,4371.90088,270.12958
2018-11-12,915.25,1825.86,968.08,484.62,825.58,4369.19678,276.16415
2018-11-13,927.53,1824.13,960.63,491.08,814.13,4032.26221,296.93497
2018-11-14,926.92,1817.31,958.1,478.23,819.58,4060.125,349.13467
2018-11-15,957.5,1804.86,967.45,476.41,818.46,4057.06323,290.15979
2018-11-16,966.94,1808.98,973.38,474.96,838.55,4053.87305,306.73303
2018-11-19,950.09,1795.87,972.8,471.24,822.34,4051.88647,335.51562
2018-11-20,962.19,1772.93,974.8,457.73,820.98,3817.22095,323.13849
2018-11-21,957.95,1782.6,983.13,462.9,819.19,3883.64673,316.4216
2018-11-23,957.15,1775.2,978.44,456.12,802.53,3557.38306,303.95093
2018-11-26,983.74,1816.26,991.08,463.02,791.46,3652.12549,300.48865
2018-11-27,989.75,1840.23,993.47,457.92,800.93,3655.34619,302.15448
2018-11-28,1017.24,1815.18,999.32,465.92,816.11,3543.93628,332.26605
2018-11-29,1005.29,1813.64,1007.47,469.59,831.49,3590.14502,324.19464
2018-11-30,1007.3,1803.24,1011.89,466.92,836.02,3551.83276,321.63858
2018-12-03,1034.51,1824.24,1022.37,467.13,858.64,3732.94849,305.89734
2018-12-04,977.23,1833.67,1001.26,465.86,843.84,3759.51392,314.66956
2018-12-05,975.08,1823.66,1001.47,464.19,829.79,3736.14966,315.69016
2018-12-06,959.64,1809.83,972.85,450.34,824.23,3634.42163,305.4213
2018-12-07,934.75,1840.71,967.98,444.25,827.03,3749.96704,319.89835
2018-12-10,941.09,1806.83,973.68,426.76,812.36,3701.50342,329.86929
2018-12-11,936.29,1827.9,961.72,427.05,807.38,3736.69678,318.83102
2018-12-12,945.86,1854.86,967.44,431.09,817.12,3671.6748,296.89243
2018-12-13,939.78,1887.43,965.34,428.01,807.01,3761.59961,295.03302
2018-12-14,912.68,1861.72,953.74,422.31,801.27,3681.02393,275.14215
2018-12-17,903.82,1862.67,914.21,410.85,787.56,3571.63257,252.62068
2018-12-18,913.09,1838.51,909.63,398.67,782.98,3259.58716,270.55136
2018-12-19,879.57,1843.95,912.66,399.13,786.3,3318.04199,261.9285
2018-12-20,856.49,1793.89,914.31,376.58,764.8,3209.18213,250.62117
2018-12-21,844.65,1793.58,905.62,373.76,749.98,3196.42896,267.54929
2018-12-24,815.97,1787.68,883.52,366.29,745.41,2976.88745,242.67267
2018-12-26,854.14,1790.06,917.96,407.21,755.69,3243.14185,248.60345
2018-12-27,867.46,1732.93,932.75,406.69,759.01,3128.83398,255.44078
2018-12-28,884.19,1753.3,925.82,406.47,776.19,3168.7937,230.89621
2018-12-31,890.84,1766.49,931.48,393.36,778.4,3164.6228,204.8886
2019-01-02,905.38,1748.58,922.93,421.42,812.53,3258.56787,207.10881
2019-01-03,869.95,1750.44,904.1,420.24,814.85,3302.30396,206.52548
2019-01-04,923.36,1772.79,933.19,440.91,827.69,3335.61792,211.71021
2019-01-07,936.42,1785.75,942.75,470.82,828.06,3384.94922,205.38522
2019-01-08,916.8,1794.37,953.44,472.18,836.58,3491.6936,208.11279
2019-01-09,946.02,1828.43,967.57,468.57,866.75,3695.69971,210.61818
2019-01-10,958.25,1826.34,970.64,462.42,873.19,3702.50439,209.0271
2019-01-11,958.8,1816.94,976.29,456.95,861.32,3630.67212,218.09367
2019-01-14,942.97,1793.45,959.16,460.15,864.03,3573.86035,254.08301
2019-01-15,943.1,1807.37,963.42,457.55,873.17,3706.32373,249.00862
2019-01-16,947.54,1802.58,976.54,455.84,897.08,3713.98389,240.26231
2019-01-17,965.62,1807.7,986.33,458.04,909.36,3701.88013,242.64485
2019-01-18,984.11,1825.25,998.04,455.75,910.61,3832.28149,248.02983
2019-01-22,954.27,1831.63,979.11,450.73,885.95,3744.11426,216.51337
2019-01-23,954.41,1855.65,987.47,456.96,895.36,3748.08057,212.26302
2019-01-24,1023.69,1869.71,1006.21,458.22,913.42,3775.68335,220.23044
2019-01-25,1054.87,1857.91,1003.26,465.37,915.57,3805.84253,225.27412
2019-01-28,1052.87,1863.01,997.41,481.45,914.71,3694.85132,206.8804
2019-01-29,1042.09,1926.14,1003.58,486.45,925.88,3806.73389,210.65213
2019-01-30,1070.7,1921.44,1013.87,476.76,943.65,3863.37231,203.32039
2019-01-31,1073.77,1947.18,1040.63,474.08,957.66,3817.12671,199.69128
2019-02-01,1070.2,1990.15,1024.24,469.29,957.2,3947.77441,195.31696
2019-02-04,1066.83,1960.44,1026.78,467.65,957.77,3910.17871,190.63554
2019-02-05,1072.59,1984.24,1026.12,467.15,980.85,3839.10474,190.45279
2019-02-06,1096.92,1961.52,1024.56,468.63,958.87,3864.82056,190.48607
2019-02-07,1084.5,1934.69,1027.94,455.05,945.5,3754.28491,181.93732
2019-02-08,1077.12,1923.73,1026.31,448.94,937.98,3754.16479,183.93414
2019-02-11,1084.68,1943.36,1028.83,458.7,929.27,3730.30786,188.04567
2019-02-12,1101.4,1960.97,1030.24,459.28,937.39,3747.66528,189.71233
2019-02-13,1107.02,1964.23,1028.7,460.85,933.01,3819.59644,182.47609
2019-02-14,1107.3,1974.38,1024.9,492.79,935.44,3864.92188,182.76868
2019-02-15,1075.88,1966.49,1029.28,491.04,950.64,3967.73633,187.35938
2019-02-19,1092.06,1985.37,1038.5,509.52,959.27,3995.82349,189.63954
2019-02-20,1087.99,1982.19,1042.67,529.69,965.93,4039.7832,187.08482
2019-02-21,1090.12,1992.03,1038.89,507.1,954.93,4056.66284,192.07899
2019-02-22,1108.92,1986.25,1048.6,515.05,970.99,4066.03271,192.93417
2019-02-25,1109.51,1982.61,1042.67,508.99,965.55,3930.48071,200.91643
2019-02-26,1106.89,2004.21,1027,515.87,964.89,3939.7229,202.66502
2019-02-27,1094.93,1994.87,991.75,519.11,963.15,4050.17065,199.09427
2019-02-28,1087.65,1988.38,1009.66,518.03,953.28,4053.06421,199.1824
2019-03-01,1094.68,1992.37,1008.15,517.49,935.93,3959.84692,202.88893
2019-03-04,1100.93,1996.47,1004.24,513.9,935.49,4013.33447,202.617
2019-03-05,1094.67,2001.82,1001.64,508.61,931.21,3993.04541,203.60579
2019-03-06,1070.82,1990.02,984.05,496.94,905.5,3940.76904,199.14131
2019-03-07,1055.96,1994.06,980.21,488.54,887.1,3973.16919,200.97252
2019-03-08,1055.46,1986.02,991.32,477.61,892.62,3924.50757,200.52994
2019-03-11,1079.4,1996.94,1008.1,497.14,921.41,3963.23218,193.45094
2019-03-12,1083.18,2042.71,1000.21,513.6,930.98,3958.67529,193.79201
2019-03-13,1085.71,2051.94,993.55,522.97,932.23,4052.92676,196.17668
2019-03-14,1090.43,2067.24,990.15,529.7,924,4064.66211,197.9971
2019-03-15,1111.21,2065.05,994.98,502.38,932.83,4035.41626,192.73734
2019-03-18,1110.56,2102.26,995.63,524.73,923.08,4056.82397,195.66675
2019-03-19,1121.64,2092.17,993.77,533.85,941.09,4075.40161,198.41953
2019-03-20,1108.31,2097.22,998.17,537.07,929.79,4115.93311,193.99852
2019-03-21,1128.68,2088.01,993.33,525.83,928.85,4125.87402,194.04953
2019-03-22,1089.28,2042.72,982.51,512.97,889.23,4086.63062,190.55716
2019-03-25,1077.45,2037.11,981.16,501.86,879.49,4053.90381,189.87598
2019-03-26,1079.65,2039.86,994.23,504.04,879.35,4134.94873,189.01836
2019-03-27,1069.05,2046.91,995.27,498.01,855.7,4103.99512,187.41187
2019-03-28,1065.07,2059.54,990.06,503.91,853.44,4101.33643,187.5687
2019-03-29,1087.09,2058.75,988.63,502.52,868.71,4169.10303,184.53862
2019-04-01,1117.21,2077.34,985.66,500.36,884.71,4262.70557,187.42339
2019-04-02,1118.51,2089.06,989.93,506.56,884.8,4312.98242,184.97993
2019-04-03,1150.17,2124.82,991.76,515.88,902.32,4276.10547,183.27144
2019-04-04,1155.92,2117.76,1006.94,535.07,905.18,4282.13672,182.24939
2019-04-05,1169.99,2130.58,1012.85,542.89,925.58,4363.81152,184.29286
2019-04-08,1171.94,2125.86,1008.15,562.69,928.36,4481.75684,188.4565
2019-04-09,1151.5,2129.34,1000.27,552.73,921.74,4432.31055,186.97728
2019-04-10,1163.13,2124.64,1008.7,552.72,944.56,4467.00635,186.67261
2019-04-11,1164.28,2110.88,1020.37,553.3,925.64,4388.60938,183.8826
2019-04-12,1173.86,2107.23,1024.46,555.85,907.33,4422.37012,184.12122
2019-04-15,1171.01,2136.74,1031.05,551.34,914.59,4399.23096,179.71622
2019-04-16,1191.58,2128.67,1027.5,551.69,930.11,4453.30029,178.8273
2019-04-17,1196.1,2119.61,1026.49,556.84,908.28,4426.50635,174.74147
2019-04-18,1194.46,2108.12,1034.86,555.98,926.49,4443.26416,172.87074
2019-04-22,1193.58,2109.7,1026.49,549.4,934.1,4577.05615,175.83699
2019-04-23,1200.65,2109.73,1037.05,556.6,941.28,4624.95557,171.25589
2019-04-24,1211.2,2121.27,1040.74,553.9,927.55,4612.62939,172.35231
2019-04-25,1210.83,2112.43,1030.37,533.74,919.69,4581.65479,176.63364
2019-04-26,1214.38,2129.65,1036.92,539.74,924.25,4418.43506,179.11064
2019-04-29,1207.57,2120.01,1041.42,547.96,932.31,4434.83984,181.09512
2019-04-30,1197.64,2136.52,1035.52,553.81,933.65,4447.68848,179.20198
2019-05-01,1190.84,2155.77,1024.82,551.35,930.58,4424.11133,182.25113
2019-05-02,1192.21,2093.23,1024.52,554.16,924.52,4290.31885,179.70612
2019-05-03,1207.87,2110.47,1045.11,564.14,910.39,4282.72998,177.4906
2019-05-06,1184.58,2082.46,1042.34,553.28,903.21,4317.56641,175.06085
2019-05-07,1179.76,2096.99,1072.13,551,882.7,4273.04102,176.55872
2019-05-08,1165.23,2095.34,1076.97,545.01,896.43,4330.22998,181.93657
2019-05-09,1141.44,2072.5,1076.21,538.23,882.51,4323.75098,181.84981
2019-05-10,1144.67,2096.59,1087.77,549.63,891.98,4317.18652,183.3719
2019-05-13,1102.08,2048.74,1077.81,540.43,861,4306.55518,184.91942
2019-05-14,1121.18,2061.31,1076.93,553.22,865.05,4343.97412,186.96387
2019-05-15,1150.84,2047.98,1079.21,573.17,861.2,4356.4707,182.70204
2019-05-16,1163.33,2066.7,1082.84,582.49,858.39,4413.15967,185.2446
2019-05-17,1169.98,2060.95,1057.8,593.24,833.73,4413.69092,185.02902
2019-05-20,1126.76,2042.42,1036.15,598.98,843.99,4403.30713,186.52995
2019-05-21,1153.04,2090.23,1051.06,600.41,863.78,4387.15283,181.99127
2019-05-22,1141.08,2100.41,1057.32,618.61,872.41,4281.43457,177.26617
2019-05-23,1117.57,2064.42,1032.5,606.42,860.4,4035.34253,179.64278
2019-05-24,1116.81,2100.64,1041.9,613.36,850.04,4068.21851,180.27002
2019-05-28,1113.28,2128.37,1031.94,646.79,863.65,4116.55811,179.72528
2019-05-29,1115.14,2056.91,1029.41,612.99,864.88,4109.23096,183.97562
2019-05-30,1128.82,2057.38,1026.57,628.27,866.29,3949.75562,177.77042
2019-05-31,1104.96,2052.03,1031.57,611.91,872.71,3723.00073,170.77092
2019-06-03,1110.99,2074.11,1055.67,618.29,877.34,3683.74438,166.23546
2019-06-04,1147.88,2069.94,1073.4,622.9,894.05,3711.51196,167.67039
2019-06-05,1154.07,2076.26,1069.2,616.39,876.6,3586.25098,165.0175
2019-06-06,1166.63,2102.52,1069.72,612.07,875.71,3638.80737,160.80222
2019-06-07,1173.53,2147.75,1080.65,617.87,876.31,3743.61255,162.04524
2019-06-10,1204.03,2144.95,1092.44,636.58,873.06,3701.58057,163.81197
2019-06-11,1218.18,2164.75,1080.99,633.29,891.37,3698.00342,166.53857
2019-06-12,1170.22,2178.61,1091.53,610.45,884.97,3547.78638,165.52637
2019-06-13,1184.79,2176.66,1102.28,610.15,892.5,3636.1001,161.70491
2019-06-14,1171.23,2168.19,1103.27,600.81,871.58,3666.95703,166.69257
2019-06-17,1157.31,2164.08,1078.07,582.06,863.51,3627.64795,166.67761
2019-06-18,1202.35,2177.6,1084.21,569.15,880.23,3748.36768,161.8961
2019-06-19,1209.3,2164.87,1091.86,563.49,885.02,3747.36768,158.64972
2019-06-20,1225.19,2202.33,1110.87,580.5,893.48,3940.0415,151.96806
2019-06-21,1218.09,2195.01,1098.18,588.56,891.62,3995.26147,152.07455
2019-06-24,1209.09,2246.29,1088.22,579.71,889.2,4011.24243,159.54907
2019-06-25,1193.55,2259.94,1091.14,580.18,863.98,4006.32349,159.8927
2019-06-26,1221.99,2233.89,1077.94,591.2,871.73,4108.35352,158.50856
2019-06-27,1252.34,2188.17,1096.65,611.44,877.05,4102.60156,160.43153
2019-06-28,1261.61,2187.78,1114.01,620.39,881.11,4030.15576,159.08328
2019-07-01,1280.38,2202.71,1123.5,609.87,897.48,4071.62598,156.20877
2019-07-02,1267.37,2229.94,1123.72,619.53,880.16,3874.8938,154.30688
2019-07-03,1267.94,2265.52,1105.97,613.14,887.73,3944.67651,157.5394
2019-07-05,1259.53,2228.38,1118.96,631.75,902.21,3942.77051,165.77324
2019-07-08,1247.58,2249.12,1108.42,626.58,902.83,3955.3894,164.84219
2019-07-09,1254.93,2240.68,1103.54,620.48,904.83,3966.13745,166.31305
2019-07-10,1264.46,2275.09,1091.65,615.97,927.63,4132.6084,167.1371
2019-07-11,1263.53,2278.28,1106,602.19,921.35,4120.11816,165.35225
2019-07-12,1285.41,2254.67,1107.99,605.17,927.77,4128.72021,168.20712
2019-07-15,1281.88,2264.98,1106.1,603.9,934.94,4083.16626,165.02626
2019-07-16,1276.25,2260.66,1106.99,596.61,925.16,3958.93774,158.43996
2019-07-17,1281.27,2269.73,1102.22,598.05,915.02,3909.07593,158.62119
2019-07-18,1312.81,2270.6,1106.98,589.61,924.09,3807.54321,157.46567
2019-07-19,1309.12,2288.8,1105.31,588.11,917.05,3831.59961,155.041
2019-07-22,1355.73,2281.5,1097.13,593.26,918.53,3873.81104,159.30721
2019-07-23,1355.84,2277.47,1103.1,594.28,910.87,3918.94653,158.77361
2019-07-24,1373.96,2273.92,1121.56,602.98,921.26,3852.95947,153.07033
2019-07-25,1349.51,2273.77,1123.56,602.46,904.28,3867.72168,154.92979
2019-07-26,1351.17,2249.91,1130.18,597.32,912.14,3870.52222,149.38011
2019-07-29,1354.45,2264.26,1133.59,602.43,900.54,3908.81738,147.15628
2019-07-30,1354.46,2177.54,1158.47,594.08,920.93,3999.52881,147.23503
2019-07-31,1344.69,2173.54,1154.92,584.02,921.97,4034.60962,153.79453
2019-08-01,1349.18,2193.09,1150.96,589.46,910.89,3714.75415,151.61981
2019-08-02,1330.69,2174.71,1153.57,605.56,889.6,3874.88232,147.65765
2019-08-05,1270.2,2142.94,1131.27,587.7,858.82,3880.1189,146.86133
2019-08-06,1287.97,2174.73,1136.3,594.7,855.65,3809.95557,149.96861
2019-08-07,1321.41,2209.96,1145.33,592.21,857.77,3632.29468,148.09297
2019-08-08,1343.74,2209.45,1252.71,605.09,888.62,3701.0752,149.90271
2019-08-09,1318.82,2223.54,1243.39,600.16,893.08,3871.09131,150.51088
2019-08-12,1301.27,2196.89,1235.4,598.63,869.26,3913.76245,149.98125
2019-08-13,1330.43,2204.82,1261.43,606.62,867.79,4057.12622,152.5508
2019-08-14,1286.12,2169.71,1245.84,572.45,819.44,3953.22534,153.39058
2019-08-15,1288.85,2168.22,1255.33,552.44,806.53,3895.72168,159.63376
2019-08-16,1297.61,2192.73,1271.73,568.33,818.6,3909.16382,156.73701
2019-08-19,1315.6,2204.24,1276.27,599.08,823.74,4020.92603,158.09013
2019-08-20,1312.03,2173.46,1262.68,596.54,812.43,4028.87915,158.60941
2019-08-21,1322.53,2205.11,1257.41,599.8,819.92,3976.78247,154.98596
2019-08-22,1314.36,2168.53,1260.64,598.54,811,3981.75171,155.31349
2019-08-23,1270.46,2183.86,1239.52,588.91,793.02,3884.23267,154.30809
2019-08-26,1287.95,2183.61,1260.54,590.43,782.53,3849.47998,160.03618
2019-08-27,1281.35,2196.26,1260.28,591.15,770.76,3928.97803,157.50246
2019-08-28,1289.76,2176.99,1263.99,598.61,791.41,4003.68213,161.56845
2019-08-29,1311.16,2144.51,1280.74,602.41,802.19,4063.8103,164.53021
2019-08-30,1318.74,2155.48,1293.3,601.95,810.54,3940.64185,163.41862
2019-09-03,1298.3,2166.61,1255.33,600.2,800.81,3893.55103,170.20752
2019-09-04,1341.95,2202.47,1259.69,611.3,820.62,4050.37671,176.02509
2019-09-05,1349.13,2201.46,1263.05,610.72,840.51,4044.198,174.91336
2019-09-06,1340.42,2213.63,1257.21,621.81,848.17,4046.26685,178.68864
2019-09-09,1339.55,2182.39,1252.28,665.34,859.02,4149.06006,185.39879
2019-09-10,1332.39,2185.56,1251.21,666.37,866.48,4124.73535,185.39751
2019-09-11,1367.72,2221.04,1267.92,671.34,891.23,3987.95923,182.55196
2019-09-12,1352.29,2239.75,1274.94,690.62,902.04,3910.23315,182.69995
2019-09-13,1363.37,2237.13,1270.87,722.69,905.23,3893.70288,185.56316
2019-09-16,1364.46,2214.95,1272.25,738.61,907.01,4506.67822,192.0891
2019-09-17,1387.43,2235.14,1288.6,734.21,892.63,4244.07373,190.81883
2019-09-18,1398.76,2212.83,1292.7,735.94,891.7,4133.24805,187.56453
2019-09-19,1409.49,2228.26,1283.94,721.44,892.01,4147.96484,181.1033
2019-09-20,1396.54,2192.08,1282.57,729.17,885.98,4126.27783,179.99635
2019-09-23,1411.47,2187.55,1296.78,740.35,872.32,4151.84668,178.91742
2019-09-24,1381.96,2211.84,1288.9,727.4,874.11,4065.04053,177.60162
2019-09-25,1397.82,2182.44,1305.8,717.64,884.55,4012.51294,177.71831
2019-09-26,1379.52,2185.51,1307.78,686.63,888.76,4004.34839,172.35522
2019-09-27,1319.07,2188.96,1292.71,677.18,881.46,3950.1814,169.84862
2019-09-30,1327.95,2161.99,1295.11,664.69,877.23,3821.0459,164.65761
2019-10-01,1319.58,2142.59,1284.59,657.89,873.12,3811.0415,162.26422
2019-10-02,1304.61,2112.43,1271.88,644.73,862.46,3748.38916,160.00438
2019-10-03,1310.26,2112.45,1270.23,647.02,874.41,3725.5498,165.43004
2019-10-04,1341.78,2136.7,1306.22,666.24,887.8,3740.71704,166.60039
2019-10-07,1332.91,2133.51,1296.01,675.47,862.95,3748.07202,163.63622
2019-10-08,1312.15,2108.04,1278.46,673.57,861.99,3748.62427,162.96509
2019-10-09,1332.68,2122.68,1291.11,685.24,868.24,3739.28052,158.84299
2019-10-10,1342.69,2116.11,1290.65,693.73,878.15,3795.7312,157.21628
2019-10-11,1359.34,2142.3,1304.8,694.88,895.27,3878.28467,156.97481
2019-10-14,1361.38,2148.51,1274.94,699.77,892.93,3815.79565,162.34398
2019-10-15,1371.83,2154.54,1276.07,699.46,898,3775.88867,167.23734
2019-10-16,1346.06,2137.41,1292.5,705.76,896.54,3809.13037,164.4008
2019-10-17,1358.17,2150.89,1298.12,726.87,903.61,3836.76904,164.91063
2019-10-18,1351.36,2154.43,1315.15,756.86,898.83,3823.08569,164.923
2019-10-21,1377.61,2171.91,1335.39,763.08,907.03,3780.02563,158.68875
2019-10-22,1351.02,2176.61,1346.05,750.02,918.92,3833.30933,160.80647
2019-10-23,1332.98,2186.17,1354.25,761.37,919.28,3957.58276,161.35794
2019-10-24,1406.95,2171.98,1321.75,791.3,921.32,3989.88403,164.33525
2019-10-25,1412.43,2179.51,1318.36,770.87,928.31,4012.71777,162.88831
2019-10-28,1435.42,2173.72,1299.41,774.77,934.5,3946.9668,172.98479
2019-10-29,1414.27,2094.41,1304.4,778.31,930.13,3936.09204,184.0481
2019-10-30,1383.89,2124.2,1336.58,759.86,941.79,3908.18628,191.00853
2019-10-31,1371.64,2124.17,1323.36,741.75,929.46,3850.35596,187.11678
2019-11-01,1390.99,2139.82,1325.05,760.45,952.9,3964.80322,191.46754
2019-11-04,1390.27,2135.03,1306.2,783.16,967.92,4003.93652,199.77194
2019-11-05,1400.58,2070.79,1317.68,767.58,967.72,4051.45483,202.60814
2019-11-06,1394.75,2084.62,1318.82,774.63,966.62,4005.13257,201.00293
2019-11-07,1395.81,2121.64,1327.67,757.87,966.86,4054.59253,196.6637
2019-11-08,1394.67,2162.31,1317.11,780.49,966.38,4081.15479,198.85291
2019-11-11,1409.07,2185.1,1296.76,811.23,979,4069.38501,188.72614
2019-11-12,1403.8,2185.69,1294.43,835.2,949.14,4076.90527,188.12621
2019-11-13,1404.02,2200.88,1305.87,846.89,959.46,4120.09424,187.53931
2019-11-14,1404.29,2201.86,1308.31,862,969.77,4087.67847,190.59512
2019-11-15,1488.96,2219.39,1314.61,894.98,971.25,4134.16602,192.52666
2019-11-18,1487.98,2221.41,1314.09,946.37,974.92,4103.63525,184.57367
2019-11-19,1472.01,2221.59,1315.14,876.79,961.24,3966.06567,180.30836
2019-11-20,1444.3,2222.11,1309.05,898.99,964.33,4101.15479,183.76562
2019-11-21,1391.18,2204.48,1304.63,872.89,980.2,4203.15039,184.18379
2019-11-22,1385.45,2190.32,1310.64,876.99,993.28,4145.35547,191.23027
2019-11-25,1433.28,2228.42,1320.84,911.86,992.22,4158.73682,181.44739
2019-11-26,1421.94,2244.83,1323.56,921.62,974.28,4176.00537,176.5919
2019-11-27,1443.59,2245,1330.74,928.48,985.77,4140.78516,178.21552
2019-11-29,1430.75,2257.61,1319.52,906.32,994.22,3959.55078,163.70737
2019-12-02,1408.86,2250.98,1318.21,900.78,1012.04,4009.72998,166.881
2019-12-03,1395.73,2251.45,1310.73,846.48,1008.37,4024.27734,175.10269
2019-12-04,1410.55,2269.96,1312.17,855.23,1027.78,4177.27734,171.50931
2019-12-05,1398.13,2277.57,1316.31,832.23,1026.64,4161.82275,172.86914
2019-12-06,1418.8,2280.86,1311.39,843.3,1048.01,4220.19043,166.38387
2019-12-09,1416.97,2283.7,1292.57,814.25,1041.18,4190.59717,158.4787
2019-12-10,1415.22,2300.95,1293.76,799.8,1046.47,4196.61475,160.3838
2019-12-11,1461.48,2321.32,1298.48,809.39,1072.15,4157.82812,158.71356
2019-12-12,1490.58,2342.56,1301.95,820.58,1089.44,4178.06641,164.35516
2019-12-13,1488.66,2363.8,1310.24,826.72,1088.69,4247.72998,162.35704
2019-12-16,1502.76,2403.63,1323.25,873.04,1108.8,4270.93604,166.05649
2019-12-17,1516.7,2412.28,1332.58,852.5,1129.72,4328.05029,164.69885
2019-12-18,1509.35,2410.85,1324.62,852.19,1143.59,4327.28516,162.35309
2019-12-19,1517.18,2401.86,1305.16,840.72,1133.47,4359.99658,161.87965
2019-12-20,1535.95,2406.52,1320.38,850.39,1141.52,4296.98193,165.50916
2019-12-23,1527.86,2415.09,1294.07,863.56,1155.75,4311.10596,157.71297
2019-12-24,1537.3,2409.72,1294.45,879.4,1154.63,4355.9209,154.82016
2019-12-26,1537.78,2411.04,1287.97,884.68,1162.99,4397.50635,163.55188
2019-12-27,1528.18,2450.16,1286.62,876.1,1172.75,4412.88721,154.29376
2019-12-30,1521.12,2445.46,1296.83,881.8,1163.15,4396.70459,155.82355
2019-12-31,1524.66,2452.72,1287.22,902.9,1162.98,4348.96777,155.91043
2020-01-02,1562.4,2428.43,1291.76,982.26,1187.62,4365.22363,151.40576
2020-01-03,1544.78,2403.65,1292.39,967.27,1201.12,4522.86035,152.79448
2020-01-06,1520.07,2392.8,1295.82,1037.16,1198.19,4546.78467,153.42793
2020-01-07,1553.32,2360.04,1289.75,1044.11,1196.82,4505.18311,155.34619
2020-01-08,1558.45,2329.87,1297.79,1073.32,1184.6,4253.91846,152.78711
2020-01-09,1570.04,2330.03,1306.19,1108.43,1179.03,4240.37402,154.20837
2020-01-10,1559.5,2339.86,1295.77,1150.65,1191.46,4187.64795,156.18565
2020-01-13,1578.37,2347.99,1316.19,1213.95,1199.7,4108.05664,154.33504
2020-01-14,1591.88,2357.55,1318.57,1235.97,1214.27,4125.79932,154.9566
2020-01-15,1575.75,2409.76,1338.54,1280.4,1193.93,4087.36938,149.89142
2020-01-16,1599.45,2421.12,1352.99,1328.96,1209.43,4153.61523,147.42068
2020-01-17,1597.37,2438.54,1354.6,1392.49,1210.79,4160.36182,142.3506
2020-01-21,1598.56,2451.42,1376.86,1346.24,1210.18,4152.26221,134.87378
2020-01-22,1604.72,2472.81,1388.08,1255.73,1229.09,4033.39136,135.41788
2020-01-23,1606.69,2479.42,1399.83,1163.78,1238.97,3968.98706,137.51158
2020-01-24,1579.64,2522.29,1400.13,1227.84,1229.32,3864.12622,134.98415
2020-01-27,1505.69,2488.19,1385.86,1168.36,1192.56,3795.79028,135.85986
2020-01-28,1540.29,2509.89,1384.6,1263.7,1212.44,3807.8562,137.7037
2020-01-29,1534.44,2538.31,1379.23,1246.81,1201.27,3805.09546,133.92395
2020-01-30,1541.54,2468.41,1394.97,1229.28,1191.85,3733.64111,130.97104
2020-01-31,1490.38,2490.44,1360.17,1221.78,1176.39,3689.89136,131.75116
2020-02-03,1524.69,2500.42,1379.36,1258.13,1210.39,3572.3418,129.67651
2020-02-04,1602.49,2493,1424.14,1316.49,1213.22,3527.84155,133.12073
2020-02-05,1619.85,2524.01,1474.94,1317.3,1226.03,3612.94336,132.48645
2020-02-06,1618.04,2502.25,1463.24,1348.47,1214.65,3627.05396,132.55299
2020-02-07,1587.34,2499.38,1447.64,1336.43,1179.43,3598.10645,132.85536
2020-02-10,1613.39,2493.45,1448.74,1417.67,1181.18,3534.48975,125.9211
2020-02-11,1657.9,2520.72,1452.47,1437.17,1222.61,3559.823,127.45222
2020-02-12,1701.93,2485.66,1467.76,1423.66,1233.48,3648.41577,131.47702
2020-02-13,1720.82,2485.55,1479.77,1421.26,1228.42,3665.80884,130.17828
2020-02-14,1710.89,2512.74,1473.96,1431.12,1241.03,3723.42285,131.41072
2020-02-18,1685.78,2546.39,1473.62,1544.39,1203.16,3725.39551,141.78691
2020-02-19,1787.5,2575.93,1481.26,1732.82,1225.06,3813.77881,139.91251
2020-02-20,1795.3,2572.36,1478.49,1606.93,1213.05,3869.55176,138.14688
2020-02-21,1735.33,2596.98,1475.35,1633.07,1208.96,3833.27124,136.79996
2020-02-24,1660.12,2507.78,1426.02,1436.22,1193.59,3709.51733,131.77695
2020-02-25,1599.74,2465.69,1368.46,1413.44,1178.69,3584.9707,132.6942
2020-02-26,1611.32,2453.19,1247.68,1330.99,1134.25,3491.72388,130.48285
2020-02-27,1537.68,2400.99,1231.58,1111.43,1074.4,3366.67603,125.25836
2020-02-28,1551.63,2365.89,1198.17,1156.48,1067.93,3243.57812,122.03275
2020-03-02,1594.07,2434.42,1239.86,1302.28,1108.04,3396.36401,127.57253
2020-03-03,1566.19,2490,1213.95,1384.92,1105.99,3445.3667,131.44679
2020-03-04,1620.78,2574.55,1259.82,1393.08,1118.9,3443.70972,134.4946
2020-03-05,1603.47,2559.62,1227.96,1369.02,1052.33,3397.65576,131.16876
2020-03-06,1555.32,2475.86,1218.11,1257.18,1026.91,3062.56323,126.71652
2020-03-09,1379.68,2359.42,1103.71,1150.4,869.61,2319.1228,132.45744
2020-03-10,1460.17,2298.27,1133.73,1286.06,920.56,2537.76099,142.98909
2020-03-11,1361.67,2209.21,1069,1184.42,825.28,2441.14673,139.00768
2020-03-12,1170.85,1979.44,996.32,999.75,688,2338.52856,136.674
2020-03-13,1264.62,2043.35,1077.01,1054.04,786.61,2348.47998,138.3331
2020-03-16,1042.3,1990.21,1017.54,959.37,668.46,2126.97144,134.51056
2020-03-17,1136.4,2149.95,1175.21,1006.37,702.36,1996.19995,128.0679
2020-03-18,1005.05,1999.17,1126.43,902.12,608.39,1528.94165,120.39384
2020-03-19,1038.06,1917.09,1173.75,943.19,639.55,1891.26038,124.03429
2020-03-20,1002.29,1962.63,1115.15,996.35,680.22,1694.09302,121.14691
2020-03-23,1028.33,1880.08,1076.76,989.64,648.09,1782.92859,122.27105
2020-03-24,1160.01,2014.43,1213.2,1088.95,712.64,1827.34106,125.80569
2020-03-25,1180.38,2146.74,1137.73,1102.6,743.51,1858.1665,125.87579
2020-03-26,1263.91,2222.49,1135.51,1100.08,792.02,1690.33313,122.43696
2020-03-27,1163.86,2157.11,1074.48,1049.85,726.05,1618.35864,122.93807
2020-03-30,1199.31,2184.24,1121.49,1042.69,727.77,1513.93213,127.35417
2020-03-31,1181.98,2167.05,1149.57,1038.75,718.5,1543.65332,123.61287
2020-04-01,1116.3,2098.24,1088.03,979.39,673.63,1555.22815,121.52374
2020-04-02,1120.71,2101.32,1077.86,1036.75,674.97,1930.5741,118.33534
2020-04-03,1093.77,2087.88,1060.17,1011.15,657.47,2161.99902,123.66269
2020-04-06,1195.69,2086.49,1088.23,1113.35,700.1,1981.96265,131.54822
2020-04-07,1229.94,2140.84,1059.02,1144.37,722.85,1787.92847,140.1288
2020-04-08,1310.53,2156.1,1053.17,1182.54,736.76,1905.82385,135.43579
2020-04-09,1292.09,2190.12,1066.64,1191.13,746.15,1727.33606,131.52344
2020-04-13,1291.17,2173.38,1070.72,1216.12,741.84,1711.70947,131.6817
2020-04-14,1356.26,2272.03,1035.76,1321.84,747.89,1528.39014,125.40247
2020-04-15,1301.15,2200.83,989.51,1213.38,737.27,1520.14441,122.25419
2020-04-16,1328.22,2193.82,1032.39,1318.58,736.73,1526.17493,129.49829
2020-04-17,1362.16,2239.6,1045.05,1339.47,731.82,1398.83337,134.21758
2020-04-20,1316.43,2226.15,1012.74,1320.15,751.55,-2881.46069,147.32741
2020-04-21,1253,2206.92,987.27,1253.96,740.99,771.08032,140.27345
2020-04-22,1331.65,2225.19,1004.67,1319.89,762.33,1053.43005,148.22937
2020-04-23,1327.62,2255.68,1009.11,1304.89,763.69,1251.89624,137.70859
2020-04-24,1330.08,2232.5,1012.35,1306.14,719.2,1293.97034,133.36908
2020-04-27,1332.4,2242.17,1033.43,1343.46,744.87,973.54077,138.56578
2020-04-28,1338.65,2269.41,1046.41,1333,777.34,938.40643,136.42635
2020-04-29,1443.5,2262.16,1110.36,1352.89,806.72,1134.78601,140.83102
2020-04-30,1348.82,2232.33,1069.42,1317.05,789.49,1417.14478,146.60378
2020-05-01,1280.51,2219.1,1054.99,1236.35,771.04,1500.6394,143.38768
2020-05-04,1293.1,2173.36,1046.88,1264.25,761.89,1542.70337,150.78998
2020-05-05,1316.65,2211.17,1066.31,1316.12,782.04,1858.67627,161.49899
2020-05-06,1379.47,2184.28,1057.48,1316.02,759.83,1824.57141,147.8519
2020-05-07,1385.11,2206.54,1061.55,1318.55,739.4,1782.55835,143.36159
2020-05-08,1449.28,2233.86,1076.51,1337.03,782.35,1868.12976,137.65564
2020-05-11,1456.91,2236.93,1187.58,1297.86,774.16,1831.89771,138.56857
2020-05-12,1419.7,2257.76,1157.03,1323,769.81,1937.68921,129.2795
2020-05-13,1390.44,2269.84,1114.63,1293.3,741.72,1906.21606,121.80487
2020-05-14,1432.52,2240.04,1100.86,1275.71,737.73,2081.07202,126.93332
2020-05-15,1396.27,2228.22,1105.76,1325.56,747.31,2231.60327,124.81207
2020-05-18,1475.95,2309.18,1181.01,1378.97,793.5,2409.09229,134.99094
2020-05-19,1509.71,2293.66,1162.88,1390.5,803.99,2458.84277,138.45177
2020-05-20,1533.95,2339.14,1191.1,1414.38,834.8,2530.37036,133.80968
2020-05-21,1492.38,2335.96,1169.77,1369.03,849.54,2565.53931,129.33585
2020-05-22,1465.73,2329.14,1168.34,1382.89,832.73,2526.73389,131.54214
2020-05-26,1503.24,2440.83,1174.26,1554.79,867.7,2592.02344,135.29834
2020-05-27,1521.02,2411.3,1212.92,1513.32,898.4,2490.2627,130.69894
2020-05-28,1483.51,2467.85,1214.91,1562.97,881.89,2549.79736,138.19283
2020-05-29,1520.41,2542.6,1231.8,1563.13,886.1,2682.38745,139.7502
2020-06-01,1529.99,2550.47,1196.28,1680.59,932.78,2678.16528,134.0594
2020-06-02,1528.39,2569.75,1166.72,1682.32,963.52,2765.44336,133.50157
2020-06-03,1564.51,2602.38,1196.64,1790.96,999.35,2809.13403,137.17975
2020-06-04,1557.33,2601.92,1176.65,1911.45,973.73,2822.77539,137.47919
2020-06-05,1611,2600.63,1211.26,1923.16,999.29,2989.58447,134.70139
2020-06-08,1620.01,2584.65,1234.87,1845.76,1006.14,2881.15283,134.96681
2020-06-09,1604.76,2580.99,1211.24,1787.19,995.59,2939.27295,133.37688
2020-06-10,1591.73,2596.85,1210.54,2102.14,964.78,2997.08643,134.71751
2020-06-11,1486.36,2499.18,1159.51,1777.12,919.55,2768.98071,138.14426
2020-06-12,1514.29,2475.72,1173.4,1936.68,904.83,2756.10815,131.57262
2020-06-15,1537.31,2499.12,1177.38,1938.07,904.95,2820.06201,126.79643
2020-06-16,1579.43,2484.05,1174.01,2020.81,920.3,2925.48853,123.02602
2020-06-17,1559.32,2489.64,1167.85,1938.68,922.28,2892.51416,124.81396
2020-06-18,1586.48,2463.97,1173.75,1932.43,925.21,2967.7644,125.15958
2020-06-19,1603.11,2453.3,1158.33,1893.14,920.27,3031.56958,127.28779
2020-06-22,1605.97,2532.35,1162.22,1830.78,938.87,3063.22656,125.98144
2020-06-23,1609.55,2558.72,1155.67,2023.6,937.72,3050.76099,123.70809
2020-06-24,1589.49,2514.01,1088.81,2049.06,899.28,2875.89355,120.83141
2020-06-25,1578.55,2497.23,1070,2047.75,904.08,2925.52832,111.97399
2020-06-26,1533.78,2488.2,1037.91,1953.55,875.27,2909.55542,113.01079
2020-06-29,1566.62,2535.82,1083.25,2201.94,904.87,2997.56836,129.03889
2020-06-30,1593.79,2533.45,1086.27,2194.59,918.73,2966.94678,132.29243
2020-07-01,1590.31,2563.05,1085.02,2309.82,962.24,3006.70874,126.17303
2020-07-02,1619.15,2611.62,1087.07,2448.11,959.35,3039.80688,129.66852
2020-07-06,1687.89,2639.72,1066.49,2726,991.45,3032.28198,136.57582
2020-07-07,1683.54,2659.5,1043.84,2660.19,965.87,3040.10229,140.40453
2020-07-08,1735.56,2747.9,1068.66,2735.42,976.4,3063.40991,136.6176
2020-07-09,1747.12,2765.83,1081.42,2714.79,959.9,2977.44312,133.69185
2020-07-10,1736.65,2796.15,1063.45,2761.14,960.21,3048.80444,135.71127
2020-07-13,1709.17,2843.34,1059.93,2554.95,950.79,3014.19678,130.71541
2020-07-14,1772.19,2808.1,1065.52,2583.27,954.98,3038.13184,131.65993
2020-07-15,1784.62,2922.36,1054.14,2731.97,1005.26,3095.44653,133.58505
2020-07-16,1773,2940.62,1055.94,2653.24,997.07,3063.17749,129.51791
2020-07-17,1783.71,2958.74,1079.51,2636.52,1027.73,3041.65625,128.74022
2020-07-20,1837.59,2998.83,1054.71,2549.46,1048.89,3051.95557,122.72137
2020-07-21,1824.78,3060.39,1072.71,2570.48,1063.2,3126.62842,124.81179
2020-07-22,1845.39,3108.88,1075.6,2491.31,1077.69,3124.92285,125.36982
2020-07-23,1846.03,3146.9,1079.78,2307.82,1061.84,3072.01538,133.51711
2020-07-24,1776.64,3112.89,1068.44,2234.12,1051.35,3087.73633,135.20531
2020-07-27,1840.49,3138.44,1050.7,2278.88,1074.78,3111.25977,129.68568
2020-07-28,1789.24,3136.46,1053.33,2196.09,1063.24,3071.53613,134.71651
2020-07-29,1803.56,3138.45,1037.36,2218.88,1077.31,3089.90552,138.80991
2020-07-30,1821.79,3156.5,1012.31,2137.28,1100.37,2988.25146,136.91162
2020-07-31,1823.36,3146.22,1021.74,2097.89,1106.07,3017.09692,134.78413
2020-08-03,1853.06,3169.53,1005.51,2321.73,1084.48,3084.83374,158.04037
2020-08-04,1916.57,3134.15,1021.27,2288.8,1080.55,3130.0188,164.60745
2020-08-05,1965.78,3185.41,1026.21,2326.19,1117.93,3157.90039,163.99525
2020-08-06,1924.37,3156.63,1008.34,2433.2,1100.89,3142.89404,162.2018
2020-08-07,1951.82,3187.76,1024.83,2478.02,1107.9,3092.99219,167.93102
2020-08-10,1980.91,3163.73,1046.75,2547.06,1120.28,3141.62891,161.27628
2020-08-11,1932.27,3267.03,1041.63,2438.61,1107.62,3103.8772,161.94466
2020-08-12,2006.58,3266.56,1098.77,2404.22,1112.91,3189.82568,160.87427
2020-08-13,2015.15,3319.41,1081.49,2503.14,1133.83,3160.9248,163.28452
2020-08-14,2038.78,3289.67,1078.62,2460.05,1124.9,3143.18823,176.27592
2020-08-17,2044.63,3313.15,1033.15,2611.59,1115.77,3206.54224,174.86832
2020-08-18,2037.73,3298.63,1040.42,2714.06,1127.45,3200.58472,180.36403
2020-08-19,2038.13,3292.36,1057.43,2792.35,1114.09,3212.6665,181.54971
2020-08-20,1981.26,3257.61,1039.44,2682.87,1092.65,3194.6709,176.46468
2020-08-21,1963.09,3281.56,1042.17,2708.92,1086.22,3174.12402,183.52045
2020-08-24,2001.98,3340.34,1064.96,2664.85,1109.27,3161.06152,186.38544
2020-08-25,2024.5,3324.26,1060.55,2686.57,1101.04,3218.19556,184.77713
2020-08-26,2023.95,3347.7,1056.2,2727.73,1088.1,3221.07837,182.69357
2020-08-27,1999.32,3289.09,1060.68,2699.87,1075.21,3177.83691,190.41917
2020-08-28,2055.95,3296.88,1057.14,2723.42,1116.64,3145.23218,194.48177
2020-08-31,2028.95,3310.69,1045.08,2742.37,1080.09,3126.27441,192.96179
2020-09-01,2047.64,3292.98,1022.01,2875.89,1114.59,3124.4519,184.64662
2020-09-02,2085.75,3348.19,1013.82,2690.87,1100.32,3041.23022,182.1368
2020-09-03,1942.29,3294.08,1006.57,2384.67,1068.26,3038.81274,182.68134
2020-09-04,1914.72,3168.1,1024.86,2401.48,1063.95,2912.83423,189.55029
2020-09-08,1826.68,3175.35,1055.37,2428.06,1043.94,2706.96973,176.7336
2020-09-09,1849.94,3264.04,1048.37,2495.11,1095.13,2790.03516,176.42116
2020-09-10,1830.75,3244.12,1021.04,2457.88,1072.49,2743.13525,170.83923
2020-09-11,1827.19,3234.07,1004.65,2390.93,1049.73,2741.36206,166.62605
2020-09-14,1892.34,3247.43,1006.19,2455.7,1071.94,2734.62329,169.53783
2020-09-15,1929.84,3265.14,952,2523.63,1099.62,2817.48462,173.84793
2020-09-16,1925.15,3312.83,980.28,2622.87,1109.46,2949.85229,166.51682
2020-09-17,1870.32,3281.93,954.67,2637.32,1124.17,3016.07202,150.3251
2020-09-18,1869.83,3281.89,953.93,2732.02,1126.76,3023.04443,150.60071
2020-09-21,1890.94,3223.78,943.19,2680.84,1078.16,2892.44946,135.02022
2020-09-22,1907.76,3214.6,969.2,2632.3,1084.86,2911.88696,134.85861
2020-09-23,1903.65,3244.89,954.81,2471.35,1024.05,2936.86743,156.2946
2020-09-24,1901.29,3197.77,986.53,2341.92,1030.14,2971.51221,165.71469
2020-09-25,1953.3,3219.02,984.44,2391.12,1011.45,2967.55591,157.70441
2020-09-28,2029.94,3255.65,1001,2582.83,1009.97,2996.30029,155.05486
2020-09-29,2059.82,3315,1009.92,2610.33,1018.28,2898.05005,188.90063
2020-09-30,2088.46,3342.84,1013.08,2610.08,1042.5,2958.98145,185.91113
2020-10-01,2161.29,3486.02,1024.07,2766.23,1062.01,2835.54297,185.05727
2020-10-02,2113.93,3502.53,1036.23,2763.9,1051.59,2715.83911,178.71028
2020-10-05,2222.23,3579.83,1060.09,2989.97,1074.96,2867.06055,191.16173
2020-10-06,2229.94,3583.21,1096.6,3041.47,1077.43,2987.37427,185.10408
2020-10-07,2319.98,3681.9,1171.96,3301.27,1077.47,2929.85303,191.11884
2020-10-08,2308.32,3717.07,1201.14,3228.3,1081.65,3020.44214,192.6366
2020-10-09,2356.38,3718.64,1233.23,3325.35,1087.52,2963.21948,200.0538
2020-10-12,2337.49,3848.32,1271.27,3272.54,1087.45,2892.60449,211.35159
2020-10-13,2360.6,3791.34,1259.64,3208.42,1075.73,2951.2749,209.59926
2020-10-14,2363.07,3876.63,1232.19,3232.36,1082.75,3007.16089,193.14999
2020-10-15,2345.61,3812.75,1208.14,3150.75,1080.23,3007.79517,203.77519
2020-10-16,2334.85,3788.88,1236.64,3050.46,1069.04,3002.00244,203.63387
2020-10-19,2345.64,3777.16,1241.58,3022.85,1082.3,2995.00293,205.02164
2020-10-20,2376.89,3758.39,1236.04,2976.19,1095.62,3046.16992,214.02539
2020-10-21,2260.25,3671.07,1196.71,2779.43,1087.95,2945.64746,222.45049
2020-10-22,2255.17,3597.98,1211.02,2806.02,1097.64,2993.74561,221.51065
2020-10-23,2245.78,3622.45,1225.15,2832.46,1081.11,2942.64355,219.38756
2020-10-26,2199.37,3566.16,1207.49,2705.93,1054.48,2852.07104,223.66866
2020-10-27,2148.84,3560.52,1198.03,2729.41,1069.88,2917.45654,222.58784
2020-10-28,2155.72,3490.21,1165.19,2642.2,1018.41,2774.80542,222.34065
2020-10-29,2188.22,3580.35,1191.31,2661.54,1019.38,2690.79492,245.57129
2020-10-30,2150.4,3634.99,1200.98,2580.09,1000.25,2669.50464,250.16815
2020-11-02,2211.86,3642.1,1221.93,2784.71,1002.02,2742.65796,241.70557
2020-11-03,2189.89,3749.38,1231.69,3006.48,1026.58,2812.10986,228.41859
2020-11-04,2223.32,3721.39,1150.06,2938.95,1027.42,2905.47803,226.05585
2020-11-05,2433.36,3893.03,1237.93,3202.45,1103.22,2868.94727,217.59326
2020-11-06,2453.91,3883.09,1280.54,3144.95,1088.64,2747.24585,213.62537
2020-11-09,2433.94,3835.16,1349.52,3312.92,1127.8,2983.91772,211.7404
2020-11-10,2353.69,3890.71,1314.58,3220.38,1164.59,3072.09668,219.04288
2020-11-11,2439.58,4026.92,1357.98,3579.71,1163.21,3087.25,225.75282
2020-11-12,2393.98,4021.86,1339.01,3605.13,1137.94,3067.75757,222.02448
2020-11-13,2439,3993.65,1354.16,3633.62,1163.96,2991.00928,223.22633
2020-11-16,2484.7,3951.71,1383.68,3881.49,1196.07,3075.94824,200.67325
2020-11-17,2509.98,3956.48,1392.71,3752.62,1203.79,3083.5105,200.35748
2020-11-18,2522.58,3930.81,1275.97,3843.29,1198.43,3100.47217,201.06361
2020-11-19,2590.1,3974.58,1241.66,4005.97,1196.37,3093.81055,192.12163
2020-11-20,2617.1,4085.91,1237.34,4158.31,1202.07,3123.9895,196.40739
2020-11-23,2718.12,4046.21,1212.83,4725.29,1241.44,3196.01221,201.21666
2020-11-24,2792.4,3926.57,1262.59,4558.66,1241.49,3325.69775,205.49568
2020-11-25,2798.2,3993.62,1290.82,4594.32,1261.03,3370.51831,213.54236
2020-11-27,2843.09,4122.66,1351.6,4686.9,1267.08,3369.03345,210.37035
2020-11-30,2810.95,4175.27,1347.71,4746.6,1211.26,3354.97412,213.25618
2020-12-01,2806.48,4149.49,1300.3,4490.27,1221.36,3274.35815,211.67567
2020-12-02,2807.91,4051.56,1325.73,4260.47,1219.93,3338.20923,204.95189
2020-12-03,2801.25,4011.93,1310.07,4203.81,1219.92,3370.3999,185.13568
2020-12-04,2852.36,3988.63,1314.84,4392.69,1225.27,3411.98022,189.92325
2020-12-07,2872.12,4038.29,1313.64,4417.68,1201.51,3373.68799,177.38403
2020-12-08,2919.13,4041.09,1360.08,4914.26,1210.65,3360.47827,176.79358
2020-12-09,2819.21,4036.78,1298.9,4625.52,1185.32,3359.19385,180.20984
2020-12-10,2838.67,4059.14,1308.8,4629.11,1207.11,3450.25879,188.29651
2020-12-11,2888.83,4077.71,1314.9,4533.1,1222.63,3434.09497,191.06163
2020-12-14,2913.52,4096.76,1307.15,4375.89,1196.79,3461.75342,197.58295
2020-12-15,3037.96,4112.79,1387.42,4738.47,1257,3501.02246,197.18063
2020-12-16,3043.57,4163.34,1383.75,4790.87,1262.42,3521.24951,197.12224
2020-12-17,3029.23,4246.69,1409.5,5063.86,1307.49,3555.76562,193.81717
2020-12-18,3032.68,4290.11,1481.2,5247.23,1303.34,3610.66675,198.5499
2020-12-21,3088.83,4332.55,1414.94,5290.67,1294.96,3530.80273,200.0591
2020-12-22,3144.3,4466.01,1460.5,5809.53,1341.84,3473.62598,205.37389
2020-12-23,3127.95,4499.57,1468.7,6073.27,1324.61,3550.7749,192.44432
2020-12-24,3133.32,4514.79,1477.41,5987.69,1310.58,3545.61401,185.11002
2020-12-28,3096.43,4768.06,1498.66,5727.37,1334.08,3500.48901,169.43779
2020-12-29,3030.57,4760.34,1548.07,5575.33,1320.91,3524.15991,181.12714
2020-12-30,3110.15,4717.32,1520.67,5873.54,1356.41,3541.44263,177.21846
2020-12-31,3109.36,4706.26,1539.24,5835.77,1333.3,3544.64307,185.48741
2021-01-04,3128.05,4904.45,1560.41,5630.74,1361.15,3481.25537,188.68375
2021-01-05,3202.03,4871.33,1615.74,5687.01,1397.16,3652.50928,197.65833
2021-01-06,3396.07,5026.08,1778.33,6093.48,1461.07,3703.50854,198.67133
2021-01-07,3569.88,5174.04,1906.26,7563.89,1505.96,3733.90576,200.4688
2021-01-08,3553.26,5148.88,1955.06,8222.72,1480.24,3832.58765,198.08549
2021-01-11,3559.91,4968.8,1904.88,8207.49,1473.47,3839.78467,201.87346
2021-01-12,3604.16,4808.13,1861.17,9785.13,1505.7,3898.32422,201.69304
2021-01-13,3536.51,4738.96,1871.11,10363.95,1534.89,3866.3772,199.27443
2021-01-14,3689.49,4665.04,1907.15,9927.21,1574.06,3912.16357,194.69531
2021-01-15,3487.88,4518.23,1831.04,8988.15,1546.94,3829.27002,200.1664
2021-01-19,3696.84,4634.55,1821.69,10027.35,1583.51,3875.85791,186.25772
2021-01-20,3672.9,4695.87,1778.56,9565.52,1578.99,3882.60693,185.16039
2021-01-21,3797.49,4817.17,1820.63,9770.85,1548.35,3877.17773,181.78148
2021-01-22,3776.96,4820.76,1824.81,10198.79,1553.39,3815.48535,178.54749
2021-01-25,3758.57,4802.59,1848.69,10059.89,1518.54,3852.08862,189.94002
2021-01-26,3685.9,4688.39,1940,11092.88,1525.58,3840.40894,193.8819
2021-01-27,3490.21,4459.23,1943.84,10043.16,1476.81,3859.88379,201.57578
2021-01-28,3582.57,4560.51,1926.08,10022.14,1481.63,3817.16675,194.28606
2021-01-29,3438.28,4488.16,1940.88,9697.25,1449.41,3804.55518,186.87509
2021-02-01,3528.77,4493.66,1977.99,9935.42,1505.65,3919.13696,208.58153
2021-02-02,3637.45,4524.53,1925.84,10049.76,1541.23,3995.84277,207.59993
2021-02-03,3610.58,4520.84,1953.87,10510.95,1591.22,4055.90259,203.12286
2021-02-04,3647,4427.86,1986.13,10652.83,1590.64,4103.50781,214.18808
2021-02-05,3620.7,4437.98,2030.24,10523.54,1600.62,4139.43066,208.46419
2021-02-08,3753.23,4359.34,2095.31,10779.41,1734.54,4226.58105,210.12604
2021-02-09,3806.25,4215.84,2078.15,10916.93,1742.45,4252.65234,206.58447
2021-02-10,3799.94,4125.22,2144.26,10326.68,1784.92,4274.14551,212.032
2021-02-11,3941.87,4252.74,2120.34,10325.93,1752.06,4234.68848,208.53514
2021-02-12,4027.71,4262.6,2024.21,10245.98,1772.86,4316.55273,211.36374
2021-02-16,3979.78,4328.63,2007.25,9642.36,1753.11,4375.84326,228.01022
2021-02-17,3888.71,4250.11,1978.07,9106.59,1722.67,4451.03467,234.34546
2021-02-18,3714.69,4143.37,1850.95,8187.71,1666.06,4396.18506,223.87709
2021-02-19,3858.36,4161.73,1920.31,8981.81,1753.5,4303.27637,222.93646
2021-02-22,3628.52,4028.94,1796.31,7993.94,1700.55,4455.33789,213.96346
2021-02-23,3635.9,3997.38,1766.01,7690.39,1668.26,4467.55957,208.5634
2021-02-24,3787.33,3922.24,1775.57,8174.65,1681.16,4575.59814,206.56053
2021-02-25,3562.44,4047.74,1553.05,7261.82,1584.33,4625.25098,202.17726
2021-02-26,3689.55,3953.47,1476.31,7762.21,1532.41,4544.48096,204.76027
2021-03-01,3855.87,3969.67,1460.62,8401.58,1613.73,4449.28418,203.75432
2021-03-02,3689.22,3873.5,1433.76,7894.3,1670.85,4379.0835,208.07059
2021-03-03,3564.92,3706.67,1401.4,7156.59,1569.18,4471.26465,205.46803
2021-03-04,3343.8,3670.52,1351.12,6544.3,1597.39,4648.54736,199.98294
2021-03-05,3380.1,3541.39,1382.74,6323.61,1605.02,4838.06543,197.72455
2021-03-08,3151.38,3572.83,1364.31,6125.73,1591,4771.69092,195.41559
2021-03-09,3435.83,3774.59,1448.91,6864.31,1632.9,4663.25635,193.93202
2021-03-10,3417.42,3775.52,1470.46,6940.67,1638.68,4688.46094,195.86185
2021-03-11,3618.92,3889.7,1498.7,7748.96,1684.4,4801.72021,194.0471
2021-03-12,3563.93,3850.46,1503.69,7614.02,1723.43,4770.02393,189.02702
2021-03-15,3587.42,3845.02,1449.6,7463.21,1763.03,4743.07031,180.17719
2021-03-16,3599.37,3882.76,1420.15,6966.97,1726.23,4698.11035,185.74936
2021-03-17,3606.59,3742.03,1373.32,6611.99,1743.78,4689.66943,183.52142
2021-03-18,3419.68,3714.43,1331.23,6200.65,1681.92,4359.99023,180.28558
2021-03-19,3461.86,3769.07,1317.98,6435.13,1721.36,4449.87305,183.66049
2021-03-22,3584.69,3830.28,1381.14,6516.71,1741.12,4454.10254,186.84798
2021-03-23,3483.08,3877.01,1342.02,6147.3,1686.23,4188.47217,181.86787
2021-03-24,3500.68,3785.45,1284.53,5632.01,1615.52,4442.09033,182.82417
2021-03-25,3470.89,3766.55,1291.55,5772.92,1641.12,4255.65479,186.76627
2021-03-26,3672.24,3897.8,1305.57,5809.7,1637.15,4427.44043,185.68091
2021-03-29,3525.88,3926.85,1304.13,5383.82,1583.99,4470.28418,187.78679
2021-03-30,3636.03,3953.02,1324.77,5842.5,1655.82,4447.08887,192.64597
2021-03-31,3810.02,4088.82,1363.81,6215.09,1661.28,4328.23438,190.80519
2021-04-01,3933.1,4081.26,1371.47,6137.9,1703.4,4497.09521,193.12994
2021-04-02,3933.1,4080.92,1371.47,6137.9,1703.4,4497.09521,193.12994
2021-04-05,3886.1,4100.16,1360.87,5966.25,1662.38,4295.39111,183.89987
2021-04-06,3866.75,4043.97,1352.31,6119.44,1682.05,4360.75488,180.51601
2021-04-07,3797.82,4020.3,1300.83,5698.79,1621.66,4444.29395,187.37863
2021-04-08,3804,4106.33,1311.93,5819.17,1610.58,4444.92627,188.08899
2021-04-09,3786.08,4093.39,1326.93,5746.88,1605.66,4433.15576,188.7753
2021-04-12,3704.74,4015.48,1306.62,5353.87,1573.61,4478.65234,192.12442
2021-04-13,3722.06,4008.14,1331.03,5329.56,1562.83,4513.92139,196.44333
2021-04-14,3689.87,3974.55,1367.21,5231.75,1596.35,4736.8501,196.37488
2021-04-15,3656.03,3974.62,1371,4874.8,1590.76,4743.47656,198.67885
2021-04-16,3688.51,3988.22,1398.19,5036.24,1590.27,4707.63574,199.84894
2021-04-19,3585.35,3912.14,1299.54,4733.3,1566.17,4744.84863,205.79976
2021-04-20,3550.44,3833.7,1314.49,4616.05,1565.1,4708.63184,205.64444
2021-04-21,3720.17,3849.55,1313.2,4849.32,1576.72,4627.78369,203.06429
2021-04-22,3726.61,4088.84,1311.49,4867.52,1591.95,4614.7627,206.5112
2021-04-23,3821.11,4104.04,1328.46,5153.17,1588.71,4658.23193,204.65036
2021-04-26,3898.39,4124.62,1323.45,5356.75,1617.34,4625.63672,208.45624
2021-04-27,3875.39,4151.52,1310.7,5310.02,1609.98,4694.78906,214.30138
2021-04-28,3775.31,4069.13,1298.59,5315.73,1617.26,4756.43945,217.86073
2021-04-29,3737.69,3910.79,1289,5229.06,1608.22,4815.97998,215.64862
2021-04-30,3630.88,3877.92,1260.15,5191.63,1575.94,4704.79932,216.88843
2021-05-03,3612.96,3842.83,1271.45,4908.11,1576.4,4760.16797,218.92787
2021-05-04,3441.17,3642.6,1219.11,4349.41,1567.2,4846.77246,218.91267
2021-05-05,3467.11,3740.7,1196.87,4251.55,1556.07,4841.51221,216.73567
2021-05-06,3480.52,3621.25,1215.86,3928.85,1511.42,4762.11914,215.4765
2021-05-07,3517.33,3775.09,1205.06,4076.12,1561.49,4755.93701,216.7652
2021-05-10,3327.89,3669.2,1148.9,3661.09,1497.38,4766.06299,215.25102
2021-05-11,3327.94,3586.95,1165.76,4013.18,1501.5,4790.76855,216.86154
2021-05-12,3136.72,3539.4,1117.93,3824.12,1453.52,4866.19727,218.64012
2021-05-13,3199.8,3546.16,1126.16,3737.14,1464.65,4699.38574,218.91685
2021-05-14,3340.23,3583.28,1151.39,4073.61,1530.94,4790.60791,216.99541
2021-05-17,3302.35,3586.36,1135.35,4072.46,1566.66,4862.16357,228.10422
2021-05-18,3297.03,3720.46,1146.27,4351.31,1572.03,4783.81543,220.01605
2021-05-19,3391.72,3671.26,1164.76,4413.38,1573.93,4637.57812,216.94731
2021-05-20,3548.91,3742.42,1168.05,4461.3,1562.81,4532.13184,213.642
2021-05-21,3528.99,3771.97,1169.8,4601.08,1546.43,4632.65479,211.74104
2021-05-24,3612.21,3773.88,1201.95,4488.28,1572.7,4814.5498,210.36775
2021-05-25,3644.02,3816.32,1185.13,4526.73,1545.47,4808.60742,212.0096
2021-05-26,3678.15,3829.59,1221.87,4810.9,1587.45,4818.39941,217.1591
2021-05-27,3688.41,3764.04,1212.56,4890.09,1615.48,4857.91602,214.95461
2021-05-28,3687.65,3833.83,1197.81,4990.39,1607.17,4803.54443,216.27538
2021-06-01,3681.59,3831.38,1205.08,5034.2,1694.64,4933.63916,226.13727
2021-06-02,3687.37,3659.35,1198.5,5019.53,1732.25,5023.0415,224.40581
2021-06-03,3604.29,3590.18,1192.88,4909.61,1725.44,5026.81152,222.1557
2021-06-04,3677.45,3646.12,1191.92,4967,1738.07,5073.96143,225.71184
2021-06-07,3653.64,3606.68,1197.95,5303.32,1786.28,5040.80957,223.53438
2021-06-08,3622.63,3601.82,1234.65,5432.94,1795.94,5110.49756,228.20325
2021-06-09,3588.34,3595.67,1219.48,5277.21,1804.75,5106.31738,228.38289
2021-06-10,3668.79,3531.53,1228.49,5091.46,1807.35,5135.94287,230.09082
2021-06-11,3682.14,3522.78,1236.01,5149.46,1803.21,5194.58301,241.45178
2021-06-14,3725.05,3645.83,1217.91,4986.29,1801.59,5186.71484,245.28595
2021-06-15,3673.83,3661.29,1179.93,4772.77,1784.64,5290.61523,237.68153
2021-06-16,3694.73,3763.06,1179.39,4836,1786.62,5289.24414,238.32756
2021-06-17,3756.27,3679.76,1187.92,4839.77,1785.66,5280.04785,241.77922
2021-06-18,3658.16,3579.68,1139.77,4714.61,1759.79,5310.88818,238.3376
2021-06-21,3712.72,3626.72,1178.78,4896.47,1778.92,5463.62012,236.68764
2021-06-22,3739.29,3638.38,1174.06,5018.09,1787.02,5431.23633,242.19777
2021-06-23,3817.29,3612.01,1177.98,5136.31,1796.26,5421.07422,247.24194
2021-06-24,3992.57,3673.06,1192.11,5189.39,1822.1,5439.1167,253.62756
2021-06-25,4091.16,3690.71,1199.98,5238.14,1792.68,5491.42188,259.25742
2021-06-28,4097.94,3720.28,1216.7,5400.45,1780.45,5416.40381,268.70294
2021-06-29,4222.86,3826.81,1200.7,5459.02,1752.76,5418.21777,269.50027
2021-06-30,4216.93,3763.72,1209.11,5274.34,1739.39,5463.00879,271.40305
2021-07-01,4059.39,3805.3,1218.75,5262.62,1761.22,5609.30664,272.97186
2021-07-02,3942.31,3735.81,1212.2,5280.72,1749.1,5600.91553,275.72363
2021-07-06,3962.1,3802.89,1196.65,5178,1700.88,5485.40527,271.91522
2021-07-07,4256.05,3787.99,1209.01,4819.08,1671.57,5400.95703,269.00058
2021-07-08,4266.49,3736.15,1181.49,4693.49,1665.39,5453.19873,275.72522
2021-07-09,4317.94,3689.57,1204.35,4703.29,1692.3,5557.62061,273.85593
2021-07-12,4310.08,3767.46,1201.4,4682.66,1723.95,5522.41357,279.39984
2021-07-13,4224.33,3734.29,1208.6,4592.81,1704.04,5610.67773,275.57562
2021-07-14,4112.23,3688.32,1209.34,4521.83,1707.72,5451.35156,272.82849
2021-07-15,4349.32,3458.11,1185.68,4373.35,1699.87,5341.3999,269.41827
2021-07-16,4163.19,3427.59,1192.21,4215.46,1675.5,5356.52344,274.05469
2021-07-19,4114.89,3412.09,1132.85,4116.59,1658.58,4981.16797,283.4061
2021-07-20,4193.46,3404.62,1194.26,4212.92,1681.51,5025.08252,288.8938
2021-07-21,4365.92,3504.46,1216.04,4476.2,1728.83,5240.79492,295.1395
2021-07-22,4354.81,3587.18,1196.33,4472.98,1747.93,5353.83594,298.03094
2021-07-23,4308.89,3472.89,1210.81,4365.54,1731.24,5365.64014,302.26862
2021-07-26,4130.19,3467.93,1206.24,4277.68,1701.2,5345.50195,304.92627
2021-07-27,3915.05,3425.93,1222.76,4221.71,1669.88,5338.76318,295.88596
2021-07-28,4007.6,3481.35,1251.04,4308.24,1715.73,5392.40332,301.24161
2021-07-29,4218.24,3496.06,1238.54,4290.91,1725.23,5467.021,301.42133
2021-07-30,4066,3496.22,1231.97,4299.67,1662.36,5498.24902,291.00943
2021-08-02,4079.59,3565.29,1252.19,4258.08,1653.58,5296.96973,292.50037
2021-08-03,4026.83,3565.86,1254.5,4221.97,1634.22,5238.30371,298.96045
2021-08-04,4317.87,3623.75,1231.72,3998.06,1593.96,5056.28711,308.49658
2021-08-05,4369.24,3625.71,1231.3,3947.49,1629.21,5119.56885,306.77399
2021-08-06,4304.3,3650.92,1199.75,4047.79,1617.4,5066.73096,307.20953
2021-08-09,4147.15,3665.73,1180.62,4185.17,1626.84,4950.3335,302.32181
2021-08-10,4124.13,3648.08,1195.62,4234.65,1635.47,5082.96143,304.35245
2021-08-11,4064.2,3616.13,1217.72,4061.4,1600.99,5141.95117,301.38885
2021-08-12,4106.18,3549.38,1211.8,4089,1569.88,5132.10889,292.14914
2021-08-13,3977.14,3620.06,1198.91,3981.77,1536.36,5075.51025,286.33176
2021-08-16,3999.43,3611.36,1185.48,3803.37,1531.27,4990.22656,292.63535
2021-08-17,3994.91,3558.27,1187.85,3729.54,1494.63,4953.40381,285.42139
2021-08-18,3881.46,3623.07,1182.98,3903.27,1460.49,4862.69629,286.14581
2021-08-19,3795.86,3641.75,1185.93,3722.22,1433.21,4732.00781,284.55942
2021-08-20,3749.71,3662.08,1183.23,3703.05,1475.64,4629.81494,286.09464
2021-08-23,3841.49,3694.22,1190.95,3833.55,1502.45,4866.45117,292.47638
2021-08-24,3991.99,3746,1201.4,3986.7,1546.09,5007.29395,288.84244
2021-08-25,4166.66,3733.8,1211.68,4049.53,1584.03,5070.67139,289.06387
2021-08-26,4073.31,3738.92,1196.72,3988.6,1554.83,4998.229,310.18378
2021-08-27,4288.72,3731.2,1227.62,3999.23,1610.78,5049.05615,320.98306
2021-08-30,4575.46,3751.6,1233.26,4007.25,1570.43,5068.0752,315.24438
2021-08-31,4241.9,3727.06,1247.36,4012.58,1570.27,4998.75342,319.40939
2021-09-01,4055.12,3776.64,1240.38,4159.85,1578.4,5003.33203,336.64349
2021-09-02,4193.46,3865.44,1261.73,4203.42,1575.12,5110.70459,338.88815
2021-09-03,4077.79,3856.53,1256.36,4141.89,1532.5,5057.82373,343.95245
2021-09-07,4161.52,3808.47,1255.61,4162.44,1529.93,5018.46191,335.39627
2021-09-08,4028.2,3659.77,1247.5,3983.9,1482.15,5114.54785,362.66794
2021-09-09,3949,3638.3,1259.05,3949.9,1538.03,5011.35645,370.00488
2021-09-10,3994.51,3593.66,1229.31,3848.07,1505.81,5126.61621,363.09854
2021-09-13,3902.54,3666.98,1239.77,3829.92,1543.18,5185.89502,385.05914
2021-09-14,3921.16,3671.27,1245.73,3844,1546.99,5188.9917,387.37006
2021-09-15,4011.49,3604.35,1202.49,3731.34,1559.73,5337.92432,401.39191
2021-09-16,3870.78,3586.7,1168.53,3674.38,1564.51,5342.38965,392.53064
2021-09-17,3838.8,3516.8,1209.89,3675.07,1551.1,5300.64795,375.98734
2021-09-20,3815.94,3501.72,1174.02,3617.5,1496.12,5179.45947,367.32968
2021-09-21,3818.77,3532.38,1191.7,3552.13,1531.56,5202.57227,354.28516
2021-09-22,3821.99,3582.46,1199.76,3723.83,1525.91,5332.43018,354.73248
2021-09-23,3817.93,3675.07,1229.42,3834.32,1562.85,5410.63965,367.30344
2021-09-24,3870.88,3613.79,1214.88,3840.65,1567.94,5459.72412,379.332
2021-09-27,3935.15,3611.33,1228.32,3902.58,1610.53,5572.26172,421.40921
2021-09-28,3864.03,3546.71,1193.1,3678.78,1541.13,5587.87305,433.50732
2021-09-29,3831.08,3595.25,1201.26,3667.21,1535.61,5564.77051,407.29984
2021-09-30,3907.12,3516.47,1188.11,3618.32,1558.3,5570.90234,435.6189
2021-10-01,3904.64,3418.31,1212.11,3604.38,1597.58,5628.22461,416.7764
2021-10-04,3878.98,3295.02,1244.27,3403.19,1551.55,5785.44531,429.7717
2021-10-05,3882.42,3297.25,1249.07,3527.85,1563.76,5882.49512,470.42075
2021-10-06,3885.72,3298.5,1250.48,3482.49,1532.23,5794.66748,424.70282
2021-10-07,3908.41,3296.52,1272.35,3570.16,1591.8,5859.06348,424.80081
2021-10-08,3788.17,3223.04,1265.99,3584.89,1596.36,5965.95361,418.40619
2021-10-11,3764.25,3260.16,1240.94,3728.82,1583.81,6070.2417,402.94885
2021-10-12,3761.57,3350.26,1245.15,3915.38,1594.03,6085.21533,415.41556
2021-10-13,3992.48,3453.04,1309.51,4121.94,1594.28,6059.14307,421.06674
2021-10-14,3941.43,3437.17,1282.74,4144.03,1609.61,6099.99805,426.64728
2021-10-15,4061.06,3472.44,1283.18,3996.88,1600.93,6173.05713,405.88525
2021-10-18,4107.26,3417.57,1292.4,3942.08,1602.19,6208.78711,375.73557
2021-10-19,4106.67,3485.07,1310.27,4057.62,1621.35,6243.48682,382.91779
2021-10-20,4218.69,3633.04,1274.88,4068.51,1624.1,6273.81152,386.73669
2021-10-21,4074.12,3664.71,1277.53,4440.28,1612.56,6173.33496,382.74677
2021-10-22,4073.54,3672.02,1283.54,4216.14,1621.53,6281.79053,395.98679
2021-10-25,4236.24,3633.69,1259.41,4869.67,1670.64,6284.63867,442.5358
2021-10-26,4159.05,3670.06,1276.51,5139.71,1672.77,6345.5332,440.92648
2021-10-27,4264.36,3678.76,1265.26,5140.06,1639.4,6196.60693,464.93292
2021-10-28,4309.28,3791.2,1302.12,5321.02,1725.57,6193.70752,432.46005
2021-10-29,4697.33,3742.99,1294.67,5511.25,1746.28,6265.91162,406.83063
2021-11-01,4812.56,3735.17,1342.81,5792.5,1766.48,6292.06689,388.22916
2021-11-02,4781.38,3630.61,1317.88,5666.16,1738.14,6260.60889,413.49417
2021-11-03,4406.52,3225.62,1326.06,5547.18,1757.79,6028.97803,422.75916
2021-11-04,4477.81,3224.54,1358.99,5511.52,1729.15,5871.479,425.85172
2021-11-05,4357.39,3136.06,1344.59,5688.64,1764.25,6054.75293,410.95139
2021-11-08,4432.93,3272.7,1390.78,6070.83,1760.6,6052.68506,400.92667
2021-11-09,4488.82,3270.3,1422.87,5968.52,1570.58,6237.70312,369.07336
2021-11-10,4540.77,3351.33,1396.53,5892.69,1542.89,6042.49658,362.52008
2021-11-11,4613.94,3328.32,1444.47,5911.66,1570.54,6061.23975,382.51407
2021-11-12,4603.16,3380.9,1449.85,5955.67,1549.06,6010.16992,356.41446
2021-11-15,4501.69,3338.15,1409.64,5554.58,1527.21,6017.22949,373.24976
2021-11-16,4394.76,3325.04,1422.4,5527.53,1513.64,6010.60352,385.30081
2021-11-17,4442.35,3328.47,1412.59,5640.35,1461.99,5824.72607,357.98724
2021-11-18,4347.24,3317.72,1404.49,5330.59,1459.82,5862.06787,363.69897
2021-11-19,4455.74,3280.79,1421.43,5402.52,1449.02,5644.79346,375.70145
2021-11-22,4457.97,3220.55,1447.01,5244.18,1429.06,5713.96094,356.53625
2021-11-23,4462.85,3176.2,1447.08,5033.7,1407.1,5847.42578,369.98935
2021-11-24,4375.39,3182.58,1435.12,4961.81,1412.68,5840.69775,377.60754
2021-11-26,4207.81,3302.23,1372.02,4963.4,1387,5108.45605,408.30167
2021-11-29,4247.14,3294.17,1367.61,5034.98,1382.23,5254.67188,364.63443
2021-11-30,4192.18,3256.36,1329.14,5093.15,1365.39,4972.83154,343.16895
2021-12-01,4029.67,3238.94,1344.15,4902.96,1316.51,4917.15967,319.31168
2021-12-02,3985.16,3126.31,1388.11,4849.67,1325.79,4985.37207,304.07022
2021-12-03,3927.39,3081.45,1355.29,4617.79,1284.44,4985.64111,310.90656
2021-12-06,3916.59,3080.21,1385.18,4518.99,1292.14,5236.55811,275.58054
2021-12-07,4020.15,3190.09,1412.63,4805.32,1333.72,5435.85547,279.75229
2021-12-08,4034.57,3195.21,1392.07,4733.31,1373.58,5456.86279,287.69946
2021-12-09,4065.56,3141.18,1365.4,4575.02,1320.9,5362.99316,288.33459
2021-12-10,4133.52,3070.01,1366.82,4486.23,1315.16,5423.41943,297.013
2021-12-13,4178.34,3056.4,1397.57,4260.01,1283.32,5407.31104,287.77301
2021-12-14,4104.4,2969.16,1350.78,4109.03,1265.95,5379.22852,284.97058
2021-12-15,4055.18,2973.76,1369.77,4118.37,1281.12,5417.58643,290.64008
2021-12-16,4040.16,3018.52,1356.81,4137.57,1236.49,5518.57715,287.13678
2021-12-17,3883.12,2977.67,1334.33,4081.12,1264.18,5385.22559,280.43298
2021-12-20,3791.51,2927.08,1293.58,3909.16,1217.21,5168.32031,290.41974
2021-12-21,3837.58,2955.55,1327.62,4078.87,1236.57,5383.96875,292.89337
2021-12-22,3794.33,2992.79,1342.95,4182.81,1240.86,5491.48828,300.08463
2021-12-23,3804.35,3014.06,1322.49,4194.74,1239.12,5535.9248,279.9097
2021-12-27,3711.55,3037.4,1362.12,4281.34,1255.68,5663.52588,304.27304
2021-12-28,3852.07,3001.31,1371.16,4168.49,1240.78,5674.30029,302.8335
2021-12-29,3875.54,3025.3,1381.42,4099.25,1229.16,5708.58154,300.04352
2021-12-30,3845.05,3065.81,1412.03,4204.62,1255.32,5733.6377,265.19656
2021-12-31,4062.74,3072.51,1428.23,4223.97,1251.66,5602.8291,277.86932
2022-01-03,4069.88,3050.42,1420.3,4346.93,1259.18,5664.38428,284.03821
2022-01-04,3990.34,3052.21,1416.13,4216.01,1234.84,5738.9502,277.07077
2022-01-05,3821.3,3034.85,1373.61,4086.72,1186.88,5782.89258,288.36465
2022-01-06,3774.9,2943.14,1376.44,3837.34,1166.33,5911.26758,283.58612
2022-01-07,3770.33,2919.59,1362.16,3833.39,1165.54,5858.28564,290.76105
2022-01-10,3742.97,2859.37,1353.63,3734.55,1150.22,5791.64062,301.98264
2022-01-11,3676.69,2884.67,1385.94,3823.27,1197.83,5998.09717,313.78864
2022-01-12,3776.3,2906.9,1377.56,3811.32,1233.7,6096.06348,358.28391
2022-01-13,3725.87,2944.05,1368.93,3728.44,1217.97,6068.01123,315.51883
2022-01-14,3725.55,2890.64,1378.82,3655.24,1220.27,6211.40576,315.83167
2022-01-18,3715.45,2824.72,1367.72,3466.93,1202.61,6371.00195,319.40771
2022-01-19,3661.39,2823.75,1388.05,3413.79,1227.14,6468.85889,299.86166
2022-01-20,3655.39,2899.05,1338.59,3494.88,1230.22,6458.71191,282.57794
2022-01-21,3543.45,2701.08,1307.11,3307.08,1185.99,6326.4043,297.14929
2022-01-24,3579.99,2666.25,1344.25,3172.38,1179.84,6221.44922,300.72952
2022-01-25,3478.23,2593.62,1318.76,3016.82,1174.85,6399.71289,303.01443
2022-01-26,3592.47,2679.74,1218.26,3033.95,1185.27,6530.5918,319.76349
2022-01-27,3431.09,2696.02,1166.7,2833.27,1193.3,6516.62305,471.38486
2022-01-28,3251.25,2663.41,1189.13,2858.37,1200.78,6513.19287,348.01547
2022-01-31,3270.01,2762.69,1237.88,3089.03,1256.64,6575.85791,363.59308
2022-02-01,3274.88,2704.65,1251.18,3139.54,1270.46,6594.36133,355.21326
2022-02-02,3265.29,2738.98,1234.67,3179.85,1242.62,6600.20654,411.37247
2022-02-03,3246.76,2704.83,1221.95,3006.99,1218.49,6744.78467,365.2211
2022-02-04,3257.55,2667.77,1242.64,3095.2,1209.53,6888.93848,341.20059
2022-02-07,3385.63,2640.31,1240.9,3162.29,1197.34,6817.66797,315.948
2022-02-08,3328.34,2586.08,1263.27,3129.83,1184,6677.24707,317.42331
2022-02-09,3314.96,2662.3,1278.62,3345.74,1221.36,6706.64893,299.8768
2022-02-10,3190.72,2614.28,1258.58,3273.76,1227.69,6756.26172,297.59723
2022-02-11,3032.72,2606.89,1280.52,3390.88,1218.49,7015.33643,296.965
2022-02-14,3039.47,2549.83,1274.18,3330.06,1207.99,7217.11035,317.15668
2022-02-15,3201.73,2666.85,1308.42,3653.85,1245.88,6924.30859,323.84134
2022-02-16,3183.11,2648.18,1292.68,3583.76,1263.25,7026.84131,353.89291
2022-02-17,3233.09,2643.84,1257.8,3557.9,1240.71,6885.34912,336.61374
2022-02-18,3186.41,2567.23,1250.52,3469.72,1201.18,6800.60693,330.88272
2022-02-22,3195.73,2539.89,1239.99,3273,1162.44,6898.40625,335.99387
2022-02-23,3329.05,2543.71,1230.46,3280.84,1187.19,6878.3042,345.25952
2022-02-24,3402.43,2668.51,1369.18,3547.42,1205.01,7024.62207,345.74368
2022-02-25,3478.35,2786.08,1424.88,3727.67,1230.65,6879.37061,335.74393
2022-02-28,3636.37,3043.82,1450.59,4233.19,1301.51,7231.11963,332.54688
2022-03-01,3745.62,2974.16,1466.86,4078.46,1298.83,7813.60791,345.5336
2022-03-02,3724.74,2872.85,1475.84,4136.06,1330.46,8358.48438,359.88339
2022-03-03,3650.06,2803.03,1505.35,3973.49,1366.37,8176.78271,358.60284
2022-03-04,3609.79,2757.98,1459.09,3760.94,1340.27,8837.54688,383.20483
2022-03-07,3585.36,2894.03,1481.92,3894.18,1316.87,9186.67188,371.85248
2022-03-08,3663.75,3058.49,1548.97,4436.07,1337.75,9524.14551,348.55139
2022-03-09,3682.49,2986.26,1535.51,4620.93,1392.82,8292.85352,345.29398
2022-03-10,3838.5,2891.31,1621.28,4462.6,1358.4,8098.60254,353.75052
2022-03-11,3772.21,2930.25,1645.21,4514.5,1339.99,8381.17188,362.21567
2022-03-14,3702.04,2836.44,1534.24,4185.69,1308.99,7883.66455,356.49072
2022-03-15,3602.26,2779.17,1573.02,4099.63,1290.55,7369.09619,349.04636
2022-03-16,3795.55,2852.97,1591.46,4353.37,1310.17,7243.01758,361.84604
2022-03-17,3795.58,2904.54,1646.92,4491.53,1368.71,7821.79443,379.01297
2022-03-18,3789.55,2886.54,1683.12,4560.82,1416.93,7952.48828,369.36917
2022-03-21,3876.25,2853.07,1704.16,4468.31,1417.37,8549.59863,373.64459
2022-03-22,3790.9,2836.68,1708.61,4614.65,1438.55,8505.99805,394.77997
2022-03-23,3782.35,2765.95,1708.69,4553.58,1460.39,8798.35156,400.53052
2022-03-24,3716.15,2742.52,1717.69,4499.58,1494.09,8569.96973,412.02069
2022-03-25,3579.39,2699.57,1696.79,4323.78,1499.86,8689.43066,425.0116
2022-03-28,3567.22,2681.62,1694.47,4311.35,1484.86,8064.29785,419.19736
2022-03-29,3507.68,2734.42,1691.86,4451.53,1493.92,7876.89551,403.21484
2022-03-30,3540.76,2835.83,1660.75,4435.91,1485.33,8174.70752,424.96045
2022-03-31,3401.52,2815.18,1705.53,4361.72,1470.86,7612.56543,428.3017
2022-04-01,3414.41,2873.57,1745.44,4393.8,1498.44,7539.45703,434.42828
2022-04-04,3433.75,2803.88,1728.45,4627.88,1526.92,7791.57764,430.92072
2022-04-05,3413.26,2938.53,1714.92,4570.91,1497.93,7688.75244,454.87012
2022-04-06,3235.84,2875.4,1731.94,4355.62,1480.15,7309.12061,457.93088
2022-04-07,3238.1,2844.72,1783.6,4264.66,1459.49,7291.06836,482.80643
2022-04-08,3179.42,2894.69,1775.14,4199.91,1466.96,7460.90137,476.68979
2022-04-11,3089.56,2873.2,1721.94,4281.22,1463.34,7155.48877,504.12463
2022-04-12,3125.97,2818.06,1755.84,4177.7,1480.53,7654.08057,508.24313
2022-04-13,3117.66,2785.54,1800.59,4285.23,1476.13,7930.24561,532.2583
2022-04-14,3116.55,2775.72,1831.27,4199.54,1473.24,8137.30127,555.4212
2022-04-18,3204.22,2768.8,1866.5,4160.67,1470.22,8251.62891,596.31958
2022-04-19,3204.21,2802.88,1886.97,4274.5,1458.17,7834.40479,548.16388
2022-04-20,3075.86,2866.04,1871.61,4307.77,1470.98,7839.54736,529.27435
2022-04-21,2859.62,2806.41,1741.4,3984.59,1453.14,7920.47461,530.90607
2022-04-22,2813.71,2712.38,1701.33,3833.44,1401.28,7810.60059,499.99475
2022-04-25,2566.36,2668.36,1654.34,3773.78,1357.11,7556.16553,511.38693
2022-04-26,2585.86,2557.34,1648.71,3695.95,1326.61,7799.01709,525.30255
2022-04-27,2755.26,2531.69,1691.99,3641.52,1322.18,7812.64062,556.50323
2022-04-28,2875.99,2515.05,1719.85,3546.88,1322.13,8076.47607,528.00653
2022-04-29,3023.32,2551.83,1643.52,3535.35,1300.49,8013.65332,554.50287
2022-05-02,3033.73,2439.26,1625.7,3477.82,1272.23,8047.3457,571.96832
2022-05-03,3047.41,2487.25,1683.8,3550.49,1270.24,7836.56689,608.65204
2022-05-04,3063.91,2497.36,1676.08,3690.31,1293.23,8221.21289,641.69843
2022-05-05,3086.72,2442.09,1617.6,3520.59,1243.84,8284.83496,672.13843
2022-05-06,2966.65,2396.79,1580.2,3125.34,1203.13,8447.43848,618.95551
2022-05-09,3015.37,2289.3,1503.32,2859.52,1129.87,7979.57812,543.84052
2022-05-10,2970.25,2261.41,1519.65,2776.23,1109.56,7710.24072,570.77112
2022-05-11,3073.24,2278.98,1482.73,2724.66,1123.98,8171.5415,590.58344
2022-05-12,2982.02,2213.12,1474.64,2644.69,1142.28,8211.3418,598.77106
2022-05-13,3006.09,2238.19,1550.61,2950.46,1187.37,8555.03125,593.33154
2022-05-16,2924.06,2257.56,1540.45,2943.45,1187.72,8845.93164,616.27179
2022-05-17,3055.69,2334.2,1620.57,3044.55,1229.75,8710.25781,643.50519
2022-05-18,3080.3,2416.73,1602.71,3050.19,1176.73,8518.37598,650.44043
2022-05-19,3261.84,2454.35,1618.1,3211.37,1181.89,8691.54004,643.51941
2022-05-20,3364.82,2468.61,1574.47,3156.09,1197.99,8817.14062,629.41754
2022-05-23,3343.69,2560.65,1613.53,3275.7,1230.9,8551.25781,677.9599
2022-05-24,3233.21,2617,1611.92,3129.91,1230.53,8511.07227,682.00226
2022-05-25,3268.94,2586.66,1631.74,3136.29,1241.29,8556.2793,695.71631
2022-05-26,3292.3,2591.32,1651.4,3242.09,1288.67,8858.86035,691.68835
2022-05-27,3323.9,2594.1,1702.98,3554.63,1334.34,8933.05664,677.49011
2022-05-31,3511.91,2654.99,1707.97,3489.21,1334.27,8901.21289,632.25238
2022-06-01,3467.07,2648.93,1708.56,3399.28,1329.91,8941.88281,674.63654
2022-06-02,3547.41,2653.7,1722.18,3541.98,1361.45,9047.15234,656.84167
2022-06-03,3545.89,2645.52,1710.06,3503.42,1332.23,9233.22754,662.02405
2022-06-06,3792.65,2650.08,1656.76,3580.84,1303.48,9217.16699,725.0838
2022-06-07,3791.65,2686.45,1676.76,3582.8,1254.91,9271.99512,721.58661
2022-06-08,3748.38,2675.48,1660.65,3567.85,1244.35,9484.36914,675.65741
2022-06-09,3791.35,2641.26,1648.85,3344.15,1217.51,9458.16797,697.66736
2022-06-10,3780.75,2599.59,1598.63,3187.07,1183.49,9423.80859,691.14697
2022-06-13,3715.92,2475.14,1513.71,2947.63,1129.42,9442.81934,672.23376
2022-06-14,3626.13,2420.69,1512.6,2898,1112.21,9278.87109,560.88293
2022-06-15,3601.53,2437.19,1530.05,3066.91,1131.16,9010.01172,579.77875
2022-06-16,3661.33,2434.44,1474.15,2964.24,1135.77,9165.31738,581.76654
2022-06-17,3747.33,2446.22,1474.54,3113.4,1110.88,8548.45215,541.80768
2022-06-21,3870.67,2578.23,1485.6,3279.1,1117.95,8644.01074,531.84302
2022-06-22,3847.81,2576.4,1511.76,3300.39,1103.91,8307.41406,536.51233
2022-06-23,3885.79,2515,1484.51,3365.44,1081.86,8148.68994,487.57724
2022-06-24,4005.75,2511.51,1495.7,3438.73,1096.36,8421.78125,486.74484
2022-06-27,4061.63,2547.44,1509.78,3429.22,1115.8,8595.63477,509.99564
2022-06-28,4016.72,2550.46,1519.54,3291.1,1113.61,8828.34668,517.4884
2022-06-29,3850.58,2446.16,1507.71,3125.93,1093.65,8667.53711,513.04114
2022-06-30,3929.04,2394.98,1499.95,3141.67,1063.4,8348.7998,428.17599
2022-07-01,3831.21,2415.21,1494.31,3239.42,1040.52,8558.05469,452.25171
2022-07-05,3803.29,2417.7,1455.43,3265.55,1022.81,7879.80322,437.38846
2022-07-06,3792.16,2414.31,1431.38,3291.04,1006.99,7788.45166,435.5462
2022-07-07,3948.38,2489.3,1395.55,3547.83,1049.96,8129.22021,498.29358
2022-07-08,3957.03,2512.32,1381.57,3638.58,1063.44,8307.99219,478.3894
2022-07-11,3813.88,2493.53,1370.43,3439.71,1026.71,8273.375,510.75711
2022-07-12,3719.41,2526.16,1385.9,3378.43,1000.82,7613.91309,489.61337
2022-07-13,3786.44,2526.98,1386.7,3394.86,1001.32,7669.32227,532.7113
2022-07-14,3838.44,2458.3,1345.68,3301.11,990.4,7654.8335,527.47858
2022-07-15,3857.38,2414.39,1361.86,3018.41,967.76,7784.70557,559.66284
2022-07-18,3894.4,2496.12,1369.77,3281.35,981.58,8210.46191,598.49951
2022-07-19,3958.33,2502.08,1384.26,3414.59,992.29,8325.25,580.25922
2022-07-20,4034.43,2566.34,1364.88,3502.21,1015.66,8179.12305,640.42871
2022-07-21,4034.67,2503.58,1345.01,3514.67,1012.27,7695.00244,633.48999
2022-07-22,3996.72,2572.98,1324.58,3420.69,989.85,7560.79102,662.58716
2022-07-25,3992.56,2507.54,1345.62,3367.74,1004.94,7715.66406,696.32471
2022-07-26,3977.42,2423.81,1328.71,3206.34,1000.02,7582.36719,717.922
2022-07-27,4197.36,2425.45,1321.38,3353.02,1042.05,7776.30664,694.55865
2022-07-28,4322.45,2657.89,1298.95,3976.93,1060.83,7680.47949,647.92596
2022-07-29,4402.71,2723.99,1314.53,3933.66,1071.4,7831.01953,653.43195
2022-08-01,4372.8,2708.3,1317.3,3863.82,1075.85,7412.95361,653.97266
2022-08-02,4348.53,2689.19,1327.21,4122.33,1077.94,7411.62061,604.89252
2022-08-03,4285.48,2646.7,1300.39,4149.08,1077.06,7169.8916,653.72076
2022-08-04,4341.82,2711.52,1307.48,4262.83,1112,7011.88086,643.21771
2022-08-05,4364.18,2752.86,1324.69,4412.99,1124.74,7066.23682,640.17676
2022-08-08,4306.35,2717.15,1329.36,4498.17,1150.65,7223.04395,603.96295
2022-08-09,4242.25,2685.06,1345.95,4322.47,1143.37,7201.17529,623.27966
2022-08-10,4393.69,2837.34,1346.56,4871.13,1227.11,7269.01562,648.54199
2022-08-11,4372.28,2875.57,1343,4790.31,1192.44,7506.11475,706.05536
2022-08-12,4479.04,2788.58,1333.59,4962.2,1253.48,7331.23877,698.01611
2022-08-15,4497.06,2761.94,1332.07,5024.78,1251.61,7119.72705,695.01154
2022-08-16,4437.61,2760.43,1346.76,4915.83,1236.5,6890.39258,742.8692
2022-08-17,4396.29,2806.57,1348.34,4798.27,1237.31,6993.99561,733.7702
2022-08-18,4453.65,2762.18,1345.94,4733.1,1221.46,7219.90918,733.00024
2022-08-19,4252.16,2752.99,1337.98,4469.26,1171.24,7254.88281,746.18915
2022-08-22,4115.65,2673.86,1329.12,4358.68,1142.33,7203.91797,772.84637
2022-08-23,4154.64,2647.99,1327.78,4366.82,1170.8,7482.72998,733.82477
2022-08-24,4155.06,2659.44,1314.09,4588.08,1191.58,7579.81299,745.2804
2022-08-25,4250.6,2688.69,1316.29,4916.23,1203.6,7392.4126,749.06909
2022-08-26,4127.69,2672.53,1304.69,4738.43,1177.63,7439.91455,743.19196
2022-08-29,4060.43,2608.53,1319.42,4652.12,1187.29,7755.7749,747.75549
2022-08-30,4012.25,2628.01,1313.19,4606.23,1165.75,7300.09717,720.29114
2022-08-31,3981.07,2619.4,1315.38,4575.53,1144.63,7129.03076,726.59589
2022-09-01,3934.04,2497.94,1302.65,4363.8,1100.12,6901.64795,738.05634
2022-09-02,3891.26,2550.7,1323.92,4242.15,1097.55,6923.20898,700.21082
2022-09-06,3955.39,2529.02,1309.26,4204.86,1062.9,6939.35742,650.56476
2022-09-07,4096.52,2557.11,1301.89,4376.46,1078.44,6535.45264,625.47009
2022-09-08,4129.85,2589.73,1298.37,4551.57,1086.18,6660.59424,631.05823
2022-09-09,4146.22,2598.11,1316.48,4728.36,1115.71,6910.74072,636.68951
2022-09-12,4149.05,2624.85,1339.1,4739.65,1131.69,6962.98193,654.33624
2022-09-13,4046.51,2524.9,1331.98,4544.92,1088.71,6938.92725,658.36761
2022-09-14,4073.67,2482,1319.57,4551.9,1091.51,7031.48779,724.28778
2022-09-15,3917.97,2417.29,1316.88,4487.79,1045.88,6792.06055,664.3609
2022-09-16,3910.41,2351.26,1306.87,4338.03,1037.22,6782.79883,618.74811
2022-09-19,3917.69,2275.71,1304.3,4273.79,1052.52,6833.10986,617.87317
2022-09-20,3875.61,2252.4,1270.13,4034.34,1051.07,6734.02588,615.35205
2022-09-21,3837.81,2280.82,1247.41,4006.43,1036.46,6634.70215,622.27332
2022-09-22,3718.92,2221.39,1247.97,3775.87,1047.3,6760.69482,574.03955
2022-09-23,3658.19,2173.26,1211.32,3582.85,996.77,6388.88477,554.01709
2022-09-26,3611.45,2126.24,1189.15,3501.28,960.5,6259.42871,563.27515
2022-09-27,3676.22,2143.72,1183,3533.15,949.79,6412.35107,543.29358
2022-09-28,3699.54,2096.57,1189.57,3613.26,952.89,6700.52344,560.185
2022-09-29,3636.32,2050.02,1175.64,3386.93,924.77,6624.24951,560.56989
2022-09-30,3581.57,2081.46,1173.15,3398.8,940.18,6469.92969,550.70502
2022-10-03,3687.25,2082.24,1200.44,3516.94,1020.6,6821.8916,527.77277
2022-10-04,3774.04,2176.86,1227.72,3780.25,1031.78,7046.70801,556.84631
2022-10-05,3676.91,2121.96,1194.3,3546.07,995.89,7146.1123,564.29535
2022-10-06,3625.78,2103.72,1168.21,3408.83,1008.67,7272.71289,573.26575
2022-10-07,3518.18,2066.74,1170.39,3251.64,943.95,7653.77783,557.50964
2022-10-10,3420.15,2028.2,1172.94,3222.85,901.71,7511.1167,530.38556
2022-10-11,3362.13,2001.36,1173.71,3204.93,904.05,7344.20361,542.16418
2022-10-12,3349.76,2018.96,1169.05,3057.63,895.33,7178.67334,529.33154
2022-10-13,3378.19,2019.3,1175.26,3106.54,908.9,7328.10352,554.35693
2022-10-14,3346.68,2085.84,1180.34,2972.61,894.49,7053.15088,531.64331
2022-10-17,3332.69,2109.61,1202.9,3078.42,936.4,7017.88135,492.63129
2022-10-18,3381.73,2162.44,1206.47,3165.79,952.61,6814.18945,472.68195
2022-10-19,3351.07,2140.92,1213.26,2895.31,941.79,7102.23291,453.44705
2022-10-20,3329.85,2118.57,1214.7,2846.98,953.71,7113.43506,443.28662
2022-10-21,3417.97,2112.03,1207.89,2888.59,980.16,7027.63916,409.7597
2022-10-24,3414.24,2135.8,1220.03,2792.87,959.14,7008.29883,430.78915
2022-10-25,3556.47,2132.39,1219.51,2926.49,943.48,7035.4873,462.84799
2022-10-26,3692.89,2230.64,1230.41,2947.26,946.24,7253.32227,462.54266
2022-10-27,3708.9,2197.43,1226.95,2861.63,950.59,7337.22559,427.15372
2022-10-28,3724.42,2134.01,1236.56,2846.81,946.6,7237.94971,468.0376
2022-10-31,3702.76,2112.65,1243.17,2851.31,980.33,7167.40967,526.39417
2022-11-01,3771.03,2148.7,1250.29,2833.93,1032.75,7300.33398,472.03925
2022-11-02,3709.48,2201.54,1253.89,2687.96,1018.86,7444.76416,518.48645
2022-11-03,3702.73,2207.3,1230.25,2672.91,1038.1,7296.24365,494.44321
2022-11-04,3788.43,2211.99,1255.77,2712.82,1075.8,7598.604,525.11682
2022-11-07,3799.56,2287.91,1257.6,2762.19,1025.96,7513.90186,568.43378
2022-11-08,3895.25,2352.76,1267.24,2746.83,1033.01,7278.23486,502.46097
2022-11-09,3846.82,2349.21,1256.88,2673.24,981.47,6976.94922,476.75412
2022-11-10,4086.36,2529.04,1278,3084.38,962.97,6988.74756,504.25345
2022-11-11,4142.64,2554.17,1284.36,3215.07,1022.17,7163.10352,473.38
2022-11-14,4096.92,2496.44,1293.09,3149.74,1005.35,6951.34814,480.28821
2022-11-15,4189.24,2570.46,1298.45,3224.99,1006.93,7033.95752,488.29843
2022-11-16,4078.37,2520.84,1301.96,3085.37,962.7,6971.16846,504.98007
2022-11-17,4102.73,2503.96,1288.46,3003.57,932.33,6664.76318,519.9397
2022-11-18,4115.46,2498.98,1303.13,2975.42,963.05,6534.20752,514.29956
2022-11-21,4107.49,2443.29,1299.01,2866.22,945.66,6514.80225,553.67236
2022-11-22,4156.96,2492.3,1306.46,2879.23,947.39,6613.21826,553.8111
2022-11-23,4185.86,2543.07,1316.44,2971.04,935.77,6371.99268,597.46625
2022-11-25,4132.48,2569.03,1330.96,3014.79,940.43,6231.2749,573.78705
2022-11-28,4031.19,2537.81,1321.23,2901.11,932.22,6305.62646,547.94623
2022-11-29,4006.14,2544.74,1312.51,2872.66,949.85,6382.39453,590.49396
2022-11-30,4210.29,2570.59,1297.98,3050.14,991.32,6564.54297,564.77075
2022-12-01,4171.74,2626.48,1317.57,3061.22,982.13,6588.11963,546.5495
2022-12-02,4252.04,2646.94,1302.56,3081.7,979.65,6510.09229,511.2514
2022-12-05,4220.6,2717.74,1271.48,2969.24,958.49,6295.40479,456.38208
2022-12-06,4075.55,2686.7,1281.5,2779.04,951.79,6124.3999,451.10226
2022-12-07,4109.84,2665.85,1263.02,2714.72,932.95,5929.55566,471.25186
2022-12-08,4169.94,2710.92,1253.46,2756.24,928.42,5881.44385,490.69644
2022-12-09,4149.87,2804.21,1262.57,2708.16,916.65,5854.49805,514.80347
2022-12-12,4159.85,2791.71,1255.41,2824.31,898.21,6050.09814,544.64941
2022-12-13,4230.11,2827.42,1265.61,2874.95,892.08,6221.95947,572.34766
2022-12-14,4234.03,2847.86,1271.19,3002.54,878.73,6376.29541,530.5329
2022-12-15,4107.03,2818.03,1269.92,2871.9,872.72,6307.88281,577.66315
2022-12-16,4054.34,2730.15,1252.79,2798.48,882.13,6150.06055,546.37769
2022-12-19,4031.69,2748.14,1253.81,2661.52,890.64,6212.16016,483.40671
2022-12-20,4015.49,2704.77,1251.29,2519.85,924.8,6287.27881,440.08472
2022-12-21,4091.44,2707.64,1262.2,2584.02,931.08,6490.25684,442.02386
2022-12-22,3851.04,2711.69,1267.1,2493.61,923.77,6428.6167,414.72003
2022-12-23,3815.08,2716.94,1277.42,2478.5,944.85,6588.84082,420.62247
2022-12-27,3747.15,2779.55,1280.7,2393.24,910.61,6590.1499,437.68607
2022-12-28,3696.44,2770.15,1272.06,2383.12,920.51,6535.31396,389.75168
2022-12-29,3742.28,2810.71,1286.57,2490.6,927.22,6493.98975,377.62881
2022-12-30,3742.29,2814.01,1271,2503.62,923.89,6637.62256,370.0892
2023-01-03,3700.37,2794.76,1287.57,2480.08,844.06,6371.68896,330.30411
2023-01-04,3723.52,2721.06,1331.05,2617.03,842.67,6022.62988,344.95349
2023-01-05,3658.44,2733.42,1330.74,2557.33,860.1,6084.81055,307.25525
2023-01-06,3812.44,2804.89,1339.41,2712.72,901.37,6070.31201,305.28476
2023-01-09,3853.92,2878.7,1355.2,2861.83,891.55,6130.22021,321.17328
2023-01-10,3927.82,2838.48,1353.72,2925.55,921,6134.09619,297.15091
2023-01-11,4016.45,2951.27,1343.9,3096.47,935.08,6320.20898,299.72211
2023-01-12,4065.64,3003.23,1367.62,3181.42,952.69,6362.89258,299.92203
2023-01-13,4081.92,3008.61,1372.44,3169.08,944.18,6490.66162,277.88092
2023-01-17,4102.12,2998.46,1335.86,3199.67,948.24,6539.96191,292.49567
2023-01-18,4110.14,2976.65,1332.08,3169.96,950.73,6474.48047,269.71573
2023-01-19,3932.73,2874.74,1319.39,2936.39,932.96,6527.25439,266.11176
2023-01-20,4048.14,2906.63,1330.8,3041.2,918.82,6588.99658,257.20667
2023-01-23,4161.18,2919.17,1330.24,3286.22,908.11,6648.03076,280.7616
2023-01-24,4114.89,2913.92,1337.35,3194,922.43,6537.98291,265.82739
2023-01-25,4089.26,2866.27,1337.85,3142.97,946.35,6530.62207,249.89915
2023-01-26,4122.36,2868.23,1326.46,3019.34,946.78,6600.57324,239.87271
2023-01-27,4096.87,2811.66,1323.6,3098.68,942.01,6497.90381,253.53896
2023-01-30,4028.06,2820.99,1334.35,3072.69,924.61,6352.58936,218.304
2023-01-31,4135.74,2870.32,1349.07,3276.32,940.65,6448.25342,219.43848
2023-02-01,4300.23,2880.32,1354.88,3388.77,948.58,6266.42236,202.40192
2023-02-02,4349.23,2937.6,1348.51,3502.09,950.2,6227.79053,201.57423
2023-02-03,4221.49,2883.15,1329.6,3385.56,922.08,6041.1123,198.37964
2023-02-06,4167.48,2840.81,1310.31,3252.22,912.1,6138.12354,203.4998
2023-02-07,4208,2827.65,1305.02,3211.11,917.52,6375.62109,213.5676
2023-02-08,4123.44,2907.8,1316.47,3199.59,921.57,6485.01953,198.01335
2023-02-09,4079.21,2993.51,1312.8,3107.46,895.42,6437.17871,200.38873
2023-02-10,4041.57,2947.74,1320.49,3076.44,900.76,6579.84961,207.49802
2023-02-13,4090.18,2940.18,1327.66,3080.82,910.46,6622.24854,198.73357
2023-02-14,4105.83,2901.51,1356.44,3102.5,894.61,6558.18506,212.93779
2023-02-15,4183.15,2885.46,1357.52,3237.25,900.68,6504.42285,204.50984
2023-02-16,4034.91,2865.05,1441.54,3111.6,902.82,6490.69141,197.55716
2023-02-17,4000.13,2845.89,1454.77,3059.25,890.48,6317.77637,188.27536
2023-02-21,3946.59,2843.29,1466.93,2883.38,884.47,6311.09717,171.78185
2023-02-22,3929.2,2773.19,1472.36,2880.02,873.85,6124.30225,180.04372
2023-02-23,4005.77,2808.88,1456.4,2902.04,877.38,6232.60449,191.30185
2023-02-24,3917.72,2768.46,1464.94,2787.37,840.13,6333.74316,203.40677
2023-02-27,3971.73,2766.82,1468.13,2864.82,854.06,6258.81152,225.85643
2023-02-28,4040.68,2788.07,1460.23,2900.76,854.69,6366.87256,226.99284
2023-03-01,4138.05,2881.37,1463.91,2813.63,852.86,6399.7915,231.55893
2023-03-02,4124.67,2838.9,1457,2703.58,852.24,6439.21143,227.79453
2023-03-03,4180.2,2846.11,1456.78,2815.62,851.12,6508.75635,245.79378
2023-03-06,4239.22,2891.08,1481.6,2803,868.01,6580.34082,210.34845
2023-03-07,4185.66,2840.47,1455.93,2702.36,863.81,6344.95801,219.75899
2023-03-08,4182.65,2838.15,1458.23,2737.69,885.93,6281.29053,209.02129
2023-03-09,4124.43,2893.84,1458.51,2649.79,871.46,6211.90967,208.62238
2023-03-10,4030.41,2842.17,1474.87,2531.51,851.51,6284.26318,199.14919
2023-03-13,4059.5,2810.22,1463.01,2525.24,818.33,6159.85498,214.6067
2023-03-14,4132.49,2872.92,1452.73,2520.25,825.07,5870.85107,211.77205
2023-03-15,4057.16,2723.11,1431.75,2414.98,799.35,5602.93555,202.12335
2023-03-16,4054.33,2744.1,1441.64,2432.85,806.49,5652.03223,207.88895
2023-03-17,3956.1,2681.34,1423.54,2339.13,794.94,5509.0332,192.9895
2023-03-20,4009.18,2723.46,1450.07,2312.31,798.75,5583.03271,183.4873
2023-03-21,4050.46,2767.26,1474.18,2424.96,794.12,5728.73779,194.01524
2023-03-22,3991.02,2758.49,1476.57,2373.13,782.57,5858.4668,179.38972
2023-03-23,4080.84,2768.15,1488.02,2427.57,774.96,5747.21387,176.9511
2023-03-24,4007.84,2674.65,1451.81,2346.03,784.74,5705.72168,182.55673
2023-03-27,4001.38,2682.86,1484.83,2274.27,793.27,5979.88525,171.48744
2023-03-28,3945.25,2670.83,1485.7,2213.18,817.07,6013.59961,166.77058
2023-03-29,4053.65,2694.75,1479.51,2320.27,842.39,6002.14746,163.7697
2023-03-30,4119.12,2809.06,1492.37,2381.74,864.21,6116.35986,173.0378
2023-03-31,4171.35,2807.09,1503.19,2453.11,859.37,6214.36084,181.98788
2023-04-03,4123.2,2826.31,1512.53,2377.32,864.26,6613.17773,172.4426
2023-04-04,4072.33,2796.35,1520.44,2287.92,858.87,6631.53711,173.03949
2023-04-05,3977.13,2782.37,1550.67,2137.07,842.84,6605.46533,176.58824
2023-04-06,3935.84,2777.94,1575.61,2086.34,851.05,6604.89941,164.5905
2023-04-07,3939.1,2774.23,1575.61,2086.34,851.05,6593.99707,164.31882
2023-04-10,4016.31,2764.27,1565.51,2093.98,850.24,6538.00244,178.08554
2023-04-11,4012.28,2752.26,1572.61,2154.45,887.51,6693.53125,179.46841
2023-04-12,3937.07,2780.77,1580.39,2107.76,903.16,6826.0293,171.59355
2023-04-13,4005.56,2785.81,1578.95,2094.89,900.83,6711.10791,163.93858
2023-04-14,3982.64,2793.66,1561.11,2063.27,888.64,6727.03027,172.33328
2023-04-17,4051.6,2768.17,1563.79,2116.91,882.87,6630.24219,186.61142
2023-04-18,4060.3,2786.5,1579.14,2041.58,874.33,6638.81641,194.25475
2023-04-19,4010.59,2759.8,1582.66,2029.35,852.47,6505.8042,182.61618
2023-04-20,4040.02,2711.9,1587.53,1996.67,847.22,6343.96338,184.59792
2023-04-21,4023.92,2712.19,1592.17,2007.65,846.18,6390.51855,183.2545
2023-04-24,3996.18,2730.13,1581.86,2026.56,856.76,6453.87012,186.25757
2023-04-25,3901.74,2667.84,1578.89,1942.84,844.1,6322.12939,189.24551
2023-04-26,3734.02,2633.11,1619.69,1873.63,830.8,6075.44434,173.10518
2023-04-27,3767,2686.41,1632.44,2004.59,844.09,6112.16064,192.53796
2023-04-28,3732.72,2695.75,1638.72,2031.55,861.61,6275.6748,196.98328
2023-05-01,3711.42,2687.14,1630.13,2010.48,866.88,6184.13086,189.46358
2023-05-02,3651.94,2672.16,1603.62,1967.74,838.1,5857.81104,180.98233
2023-05-03,3663.7,2673.44,1628.2,2000.2,840.89,5604.62012,177.289
2023-05-04,3644.4,2705.32,1611.69,2004.41,833.94,5601.29736,171.65002
2023-05-05,3725.76,2708.44,1609.74,2115.56,865.98,5827.02979,174.54951
2023-05-08,3730.69,2748.75,1615.18,2112.4,890.63,5982.07373,182.99455
2023-05-09,3667.17,2748.81,1615.59,1939.22,889.99,6048.97412,186.04022
2023-05-10,3717.21,2815.47,1607.38,1920.05,900.75,5945.84961,179.53908
2023-05-11,3720.18,2742.3,1589.11,1891.21,920.74,5821.22656,179.8855
2023-05-12,3818.48,2824.91,1580.37,1871.17,922.67,5757.04297,186.25726
2023-05-15,3902.94,2849.34,1580.7,1922.49,922.22,5847.00537,195.28391
2023-05-16,3851.73,2877.73,1575.43,1874.47,906.02,5831.14014,195.52342
2023-05-17,3923.44,2852.25,1557.22,1939.07,921.69,5997.55029,194.75775
2023-05-18,3965.24,2832.19,1538.01,1907.51,918.64,5946.98975,214.50874
2023-05-19,3906.09,2828.2,1538.35,1886.23,905.67,5926.23584,214.10651
2023-05-22,3918.91,2856.74,1564.11,2030.19,915.38,5964.81787,198.85487
2023-05-23,3871.15,2804.26,1575.5,2011.25,913.69,6041.83301,192.3343
2023-05-24,3826.35,2772.69,1569.72,1934.6,906.45,6146.13379,198.25705
2023-05-25,3943.84,2795.53,1546.73,1918.92,894.36,5943.94678,190.90471
2023-05-26,4006.73,2765.01,1536.78,1903.13,887.65,6002.2876,180.14296
2023-05-30,3992.7,2787.26,1517.33,1962.67,867.43,5743.7168,192.42195
2023-05-31,3912.96,2754.93,1501.44,1893.87,855.72,5631.00879,187.39706
2023-06-01,3965.83,2793.14,1512.89,1926.33,884.59,5770.8916,177.65454
2023-06-02,3971.64,2830.44,1493.4,1964.21,947.07,5910.90967,178.95868
2023-06-05,3938.97,2824.82,1461.79,1908.92,961.12,5954.17871,185.26863
2023-06-06,3905.25,2845.53,1445.21,1994.57,977.01,5920.3291,186.6711
2023-06-07,3900.01,2859.58,1448.1,2065.53,989,5991.15918,192.38123
2023-06-08,3908.66,2822.56,1444.97,2051.01,996.36,5879.60693,193.98003
2023-06-09,3894.19,2800.94,1433.41,2022.43,1014.8,5780.60449,185.68452
2023-06-12,3968.54,2788.44,1414.5,2197.69,1005.08,5532.90283,186.79318
2023-06-13,4001.24,2775.33,1407.3,2301.91,1007.04,5710.26709,192.48091
2023-06-14,3965.39,2781.84,1415.52,2232.25,1014.71,5591.31299,191.8098
2023-06-15,4003.45,2747.06,1430.69,2260.31,1021.31,5785.68457,207.52109
2023-06-16,4003.03,2796.5,1436.69,2235.52,1009.56,5880.07422,215.60817
2023-06-20,3930.78,2760.85,1415.36,2157.7,1016.86,5780.85889,204.33902
2023-06-21,3882.87,2723.75,1421.83,2117.9,1031.36,5945.39307,212.87999
2023-06-22,3897.95,2732.31,1406.34,2068.32,1013.51,5695.37158,213.68909
2023-06-23,3836.03,2625.38,1373.57,1961.95,1020.49,5670.21387,223.74225
2023-06-26,3892.05,2629.66,1356.32,1960.17,1014.91,5688.27051,228.85921
2023-06-27,4019.07,2637.34,1357.41,1973.37,995.86,5546.66113,226.37259
2023-06-28,3992.04,2672.6,1346,2005.65,988.34,5706.57031,213.54518
2023-06-29,3980.92,2666.29,1351.04,2070.66,1001.2,5731.39111,221.59302
2023-06-30,4057.09,2679.38,1358.23,2108.48,1007.04,5795.83545,229.56891
2023-07-03,4075.11,2687.69,1355.07,2102.64,1026.67,5717.95752,221.95081
2023-07-05,3981.66,2643.01,1372.95,2110.12,1016.39,5911.86328,218.80235
2023-07-06,3896.37,2602.82,1326.67,1995.83,997.46,5942.19678,215.92189
2023-07-07,3912.39,2618.49,1347.73,2104.02,1039.59,6101.77393,213.30598
2023-07-10,3972,2604.5,1380.12,2163.13,1037.8,6024.8501,220.30861
2023-07-11,3923.07,2648.28,1385.48,2216.9,1038.09,6165.67041,225.02266
2023-07-12,4003.34,2704.86,1409.65,2260.74,1057.83,6212.40918,215.85559
2023-07-13,4079.11,2757.02,1415.89,2380.45,1078.4,6306.6333,208.74472
2023-07-14,4044.89,2731.12,1410.5,2329.93,1056.46,6191.70312,208.4425
2023-07-17,4183.73,2730.09,1416.85,2428.99,1062.6,6083.08057,206.0782
2023-07-18,4132.04,2745.5,1407.23,2457.89,1067.91,6215.99219,215.7339
2023-07-19,4089.19,2751.43,1428.76,2482.81,1068.52,6184.9165,213.66075
2023-07-20,3923.17,2716.56,1425.01,2414.98,1064.1,6206.2207,226.24025
2023-07-21,3957.99,2719.36,1430.25,2410.8,1077.46,6320.51074,222.49313
2023-07-24,3976.91,2729.63,1437.2,2410.71,1104.52,6440.85303,219.63031
2023-07-25,4008.44,2737.22,1414.04,2344.81,1117.86,6520.62207,223.55014
2023-07-26,3949.91,2736.38,1422.27,2376.62,1112.06,6461.49609,218.58197
2023-07-27,4020.75,2671.97,1400.74,2315.26,1083.48,6581.87646,204.79506
2023-07-28,4095.88,2625.98,1387.64,2336.3,1089.65,6624.76367,216.87921
2023-07-31,4091.78,2634.65,1394.37,2471.07,1096.4,6728.42627,216.65862
2023-08-01,4087.09,2614.81,1385.5,2421.61,1086.53,6699.63965,210.77888
2023-08-02,3885.94,2554.55,1356.21,2261.26,1073.16,6573.02832,204.82314
2023-08-03,3888.93,2538.85,1312.16,2275.71,1064.99,6748.2627,212.25375
2023-08-04,3836.1,2567.61,1332.44,2248.94,1066.04,6845.32129,212.99678
2023-08-07,3890.27,2547.96,1355.63,2172.31,1050.97,6782.8374,225.57033
2023-08-08,3846.9,2541.35,1334.3,2160.47,1045.11,6873.15576,230.18275
2023-08-09,3851.56,2540.79,1330.9,2147.91,1050.1,6993.12256,245.17357
2023-08-10,3823.96,2503.14,1328.15,1978.17,1063.3,6849.62793,228.51392
2023-08-11,3719.7,2483.87,1325.47,1977,1048.68,6897.18311,229.65738
2023-08-14,3786.84,2440.98,1328.37,2003.5,1030.28,6860.70654,232.40425
2023-08-15,3694.48,2395.53,1308.31,1931.83,1013.56,6736.63477,221.17189
2023-08-16,3624.4,2405.65,1293.44,1876.52,1000.88,6602.71729,215.59894
2023-08-17,3587.81,2346.71,1295.66,1857.57,979.71,6682.82861,217.88399
2023-08-18,3651.51,2339,1294.09,1858.29,985.13,6753.5,212.03912
2023-08-21,3731.51,2323.24,1290.57,1865.94,977.63,6702.98877,218.56128
2023-08-22,3702.19,2343.83,1284.31,1823.54,994.68,6673.22803,212.61311
2023-08-23,3731.77,2373.36,1300.6,1822.39,1016.28,6512.80322,206.14108
2023-08-24,3599.9,2397.34,1284.04,1770.36,1008.57,6529.05566,208.05429
2023-08-25,3646.81,2386.25,1279.42,1794.39,1013.77,6592.16162,209.74686
2023-08-28,3669.98,2412.77,1284.87,1829.45,1018.6,6620.58545,213.16467
2023-08-29,3791.38,2449.83,1300.15,1910.61,1036.89,6704.21387,211.13812
2023-08-30,3804.24,2217.31,1294.34,1869.13,1035.11,6743.6665,230.98483
2023-08-31,3832.52,2218.33,1299.21,1851.44,989.23,6915.81641,228.90086
2023-09-01,3854.05,2244.32,1305.12,1850.28,1011.87,7073.60742,228.62099
2023-09-05,3840.63,2104.23,1297.89,1846.27,1003.95,7199.82129,214.44156
2023-09-06,3796.27,2069.67,1280.11,1816.42,992.24,7287.04834,208.93867
2023-09-07,3692.64,2027.7,1291.27,1789.5,992.82,7224.23096,214.47325
2023-09-08,3676.24,2040.85,1288.98,1746.82,989.03,7263.41748,216.21761
2023-09-11,3663.89,2041.31,1290.24,1763.72,1010.2,7231.97656,216.0728
2023-09-12,3649.4,2018.21,1291.66,1791.44,1018.36,7362.21533,227.31378
2023-09-13,3614.81,2065.65,1290.28,1766.45,1025.06,7338.30811,222.172
2023-09-14,3653.88,2129.39,1307.79,1847.04,1052.9,7487.32812,224.88559
2023-09-15,3526.3,2104.39,1293.71,1805.71,1062.66,7545.69189,219.7952
2023-09-18,3514.26,2117.3,1269.96,1727.33,1059.65,7617.81396,227.16875
2023-09-19,3493.98,2115.78,1279.97,1742.7,1053.56,7588.5332,236.97525
2023-09-20,3487.7,2143.23,1276.48,1726.93,1050.17,7482.40625,226.51105
2023-09-21,3437.73,2093.56,1268.19,1637.2,1015.2,7451.23779,216.97792
2023-09-22,3428.38,2081.95,1256.35,1614.46,1015.59,7470.04102,218.79927
2023-09-25,3434.34,2032.27,1257.15,1599.95,1002.31,7454.20166,219.35368
2023-09-26,3375.07,1979.99,1246.23,1568.89,980.96,7529.71289,221.25143
2023-09-27,3387.84,1980.13,1224.67,1596.69,958.21,7797.97949,230.07701
2023-09-28,3447.55,1979.44,1211.26,1571.11,955.15,7624.67773,244.84436
2023-09-29,3450.3,2002.72,1215.27,1588.12,976.37,7545.00293,243.41132
2023-10-02,3410.47,1913.83,1186.93,1466.4,939.55,7381.28857,236.01508
2023-10-03,3326.03,1847.83,1167.52,1403.07,921.11,7426.71094,245.44852
2023-10-04,3377.24,1835.55,1188.51,1405.48,915.81,7008.91455,246.50209
2023-10-05,3348.02,1843.82,1151.27,1373.02,901.77,6850.5791,263.50302
2023-10-06,3388.11,1845.41,1170.15,1407.14,898.23,6882.56445,277.49728
2023-10-09,3372.26,1875.2,1163.75,1369.53,913.23,7197.67383,281.30756
2023-10-10,3453.92,1961.14,1190.47,1491.97,948.53,7152.47168,281.37326
2023-10-11,3485.37,1983.31,1201.35,1538.59,952.59,6941.78418,280.78101
2023-10-12,3493.07,1948.61,1167.56,1490.3,950.55,6902.29883,278.38968
2023-10-13,3416.64,1885.32,1162.77,1475.34,935.05,7298.43848,269.33228
2023-10-16,3428.78,1880.78,1180.02,1527.69,936.64,7210.06006,258.66693
2023-10-17,3484.12,1899.24,1193.5,1557.77,938.53,7211.41211,256.21899
2023-10-18,3418.25,1872.51,1176.01,1461.06,911.76,7355.44873,254.50919
2023-10-19,3270.09,1865.79,1162.96,1408.74,910.69,7422.17871,245.57886
2023-10-20,3171.83,1884.07,1144.67,1335.14,906.53,7380.80518,241.09244
2023-10-23,3171.8,1852.33,1118.7,1305,918.55,7101.35498,243.05258
2023-10-24,3183.65,1919.78,1109.76,1373.54,937.46,6954.76611,246.74719
2023-10-25,3082.02,1892.39,1107.21,1330.62,929,7099.81152,250.26855
2023-10-26,3101.99,1917.71,1103.85,1317.14,941.64,6928.14795,267.60086
2023-10-27,3042.31,1922.27,1069.86,1247.05,931.26,7126.3374,263.59283
2023-10-30,3020.91,1898.03,1069.86,1233.05,906.74,6846.25781,278.80762
2023-10-31,3060.73,1912.45,1072.25,1277.39,908.64,6747.39404,297.72815
2023-11-01,3084.18,1788.67,1075.54,1253.59,937.5,6698.79395,290.96948
2023-11-02,3165.88,1874.69,1101.46,1360.21,956.85,6865.9165,289.09122
2023-11-03,3217.67,1927.34,1132.67,1418.63,994.12,6689.57568,292.06134
2023-11-06,3206.09,1939.65,1104.49,1351.45,991.21,6725.35547,271.6105
2023-11-07,3222.4,1906.86,1092.21,1331.57,1005.9,6439.81445,261.35477
2023-11-08,3229.38,1944.28,1062.62,1306.47,984.74,6269.14355,258.48877
2023-11-09,3187.08,1952.72,1071.06,1326.22,974.4,6308.21045,253.27789
2023-11-10,3305.99,1957.33,1045.96,1084.32,931.8,6427.75146,252.62888
2023-11-13,3294.98,1957.13,1022.39,1081.5,960.62,6513.94775,266.10135
2023-11-14,3467.41,2050.37,1104.18,1249.75,989.79,6513.41553,258.50586
2023-11-15,3508.52,2072.64,1118.07,1271.86,993.6,6375.73535,265.30911
2023-11-16,3484.22,2063.83,1118.08,1238.41,993.45,6066.27881,254.80035
2023-11-17,3394.51,2084.38,1107.13,1233.37,985.33,6318.54053,246.44724
2023-11-20,3486.61,2119.37,1125.92,1239.07,999.14,6468.2085,240.22392
2023-11-21,3422.18,2081.3,1118.34,1188.29,974.22,6476.60791,237.01204
2023-11-22,3431.82,2063.49,1136.71,1185.26,969.95,6423.29346,241.35254
2023-11-24,3430.01,2055.53,1132.43,1185.03,964.62,6291.72656,237.79295
2023-11-27,3418.81,2081.24,1116.8,1173.57,943.36,6235.08936,232.71227
2023-11-28,3383.3,2064.58,1141.07,1215.06,959.69,6368.97217,225.55214
2023-11-29,3415.77,2111.02,1155.1,1261.2,959.96,6488.65771,233.67834
2023-11-30,3428.2,2144.13,1145.21,1275.27,955.24,6334.646,233.67139
2023-12-01,3503.15,2141.39,1186.09,1363.49,966.93,6167.39404,234.30602
2023-12-04,3456.76,2146.05,1186.8,1407.07,950.6,6087.88379,224.54491
2023-12-05,3412.55,2167.54,1166.86,1330.9,918.17,6027.43799,225.86224
2023-12-06,3360.86,2185.38,1180.09,1273.92,913.8,5781.69922,214.08453
2023-12-07,3412.53,2168.21,1199.76,1264.95,903.69,5779.03125,215.44269
2023-12-08,3384.51,2158.08,1200.46,1264.66,918.41,5944.14355,215.38445
2023-12-11,3502.11,2143.86,1183.22,1247.96,903.17,5946.55469,202.69313
2023-12-12,3497.14,2123.11,1177.14,1202.53,891.95,5718.64355,192.62186
2023-12-13,3555.77,2147.7,1243.44,1258.83,935.99,5790.39404,194.62459
2023-12-14,3735.61,2263.33,1284.45,1369.44,974.86,5961.61914,199.22035
2023-12-15,3776.1,2271.5,1279.68,1354.68,946.6,5930.11865,206.80283
2023-12-18,3730.75,2231.46,1253.33,1301.3,957.26,6020.80762,207.94923
2023-12-19,3825.79,2239.52,1278.52,1324.28,977.64,6101.62305,207.04309
2023-12-20,3684.33,2262.13,1244.98,1272.91,999.67,6169.90869,203.41911
2023-12-21,3800.04,2275.43,1263.78,1334.67,1012.65,6149.42139,214.05212
2023-12-22,3807.7,2287.34,1285.95,1350.35,1020.43,6118.1543,217.0797
2023-12-26,3861.56,2291.86,1301.78,1390.32,1033.37,6284.51465,212.06183
2023-12-27,3862.5,2354.12,1301.86,1405.45,1041.81,6171.19922,218.08623
2023-12-28,3856.69,2394.7,1300.45,1396.88,1032.19,5969.54883,212.68129
2023-12-29,3822.35,2380.69,1280.12,1351.26,1025.89,5962.90625,209.22186
2024-01-02,3685.65,2347.2,1289.24,1348.74,1008.21,5857.02344,213.70895
2024-01-03,3582.16,2281.21,1271.94,1293.88,1005.9,6055.25586,222.22038
2024-01-04,3517.81,2315.25,1259.57,1283.56,992.74,6006.20801,234.7072
2024-01-05,3493.16,2343.06,1237.49,1262.93,1003.38,6135.74414,240.49191
2024-01-08,3534.05,2364.5,1245.52,1274.98,1010.55,5876.27393,247.43953
2024-01-09,3523.96,2357.25,1218.42,1237.13,994.91,6004.2998,265.14005
2024-01-10,3499.6,2344.73,1201.76,1223.48,986.46,5926.41504,252.35217
2024-01-11,3507.6,2331.54,1185.43,1164.14,987.62,5981.26123,257.20584
2024-01-12,3478.27,2354.69,1173.24,1133.83,1001.71,6021.32715,274.47244
2024-01-16,3463.47,2285.19,1126.67,1050.51,949.1,6013.54395,240.87399
2024-01-17,3420.29,2212.59,1111.83,987.23,934.18,6034.72803,238.69446
2024-01-18,3538.41,2244.28,1119.86,965.74,923.9,6161.32227,224.31273
2024-01-19,3637.28,2238.47,1118.75,984.37,941.27,6100.1875,209.3226
2024-01-22,3667.85,2240.79,1129.95,1025.16,939.33,6248.10107,201.01285
2024-01-23,3680.29,2243.73,1123.53,1109.6,956.47,6181.63428,203.644
2024-01-24,3765.23,2255.58,1109.27,1092.6,956.08,6242.29932,219.54871
2024-01-25,3739.25,2255.72,1122.03,1089.75,960.93,6429.58301,213.68224
2024-01-26,3636.89,2273.65,1106.26,1090.41,962.56,6483.74658,225.40598
2024-01-29,3679.88,2284.23,1124.15,1111.84,950.44,6384.01123,207.03554
2024-01-30,3629.75,2248.7,1119.14,1078.68,943.22,6465.28564,172.55716
2024-01-31,3575.89,2287.9,1090.96,1152.75,941.28,6295.5498,174.3
2024-02-01,3638.67,2293.7,1121.36,1199.84,950.85,6124.04834,170.06636
2024-02-02,3627.94,2264.74,1106.82,1184.4,914.99,6000.28076,172.58694
2024-02-05,3639.96,2208.85,1085.65,1125.23,907.52,6044.08789,172.90178
2024-02-06,3627.34,2236.43,1107,1144.83,937.41,6088.8208,166.8591
2024-02-07,3736.93,2291.68,1104.5,1119.97,940.99,6126.68701,163.16264
2024-02-08,3776.34,2286.51,1083.64,1126.1,929.01,6322.44922,159.01515
2024-02-09,3997.09,2271.29,1098.93,1143.93,932.03,6374.83838,153.23174
2024-02-12,4039.8,2293.03,1138.01,1210.49,936.65,6381.2832,146.67328
2024-02-13,3900.3,2261.26,1086.4,1116.71,926.07,6470.70117,140.34949
2024-02-14,4044.98,2277.8,1100.75,1147.67,918.38,6359.5874,133.51482
2024-02-15,4091.29,2304.28,1136.26,1138.93,930.83,6474.14893,131.17557
2024-02-16,4248.89,2294.72,1131.37,1069.25,939.16,6570.39453,133.49873
2024-02-20,4060.07,2259.53,1120.55,1007.22,935.76,6479.87109,130.62518
2024-02-21,4050.1,2260.76,1127.07,975.65,934.63,6457.95996,146.96397
2024-02-22,4146.29,2240.19,1082.11,932.09,914.7,6511.26611,143.46156
2024-02-23,4080.87,2215.16,1086.03,906.67,897.78,6336.43164,132.79253
2024-02-26,4186.98,2222.05,1072.01,908.19,906.58,6426.72705,137.43156
2024-02-27,4189.48,2245.51,1092.61,987.43,926.43,6535.95703,133.83505
2024-02-28,4103.57,2228.66,1081.4,964.13,901.78,6511.20947,156.27234
2024-02-29,4196.06,2288.63,1089.38,972.71,884.27,6487.39404,154.18544
2024-03-01,4353.99,2314.52,1097.39,1020.13,872.44,6625.75439,152.03525
2024-03-04,4316.09,2279.85,1093.96,1010.45,859.79,6525.18359,158.77892
2024-03-05,4280.84,2261.07,1075.29,984.43,848.68,6477.73633,162.2128
2024-03-06,4365.53,2280.7,1085.62,1039.31,845.27,6552.35986,159.73085
2024-03-07,4398.89,2329.36,1100.55,1055.39,840.2,6528.27686,150.36624
2024-03-08,4304.02,2338.99,1143.88,1064.4,848.42,6451.88721,149.28415
2024-03-11,4240.76,2303.95,1127.55,1021.65,845.71,6445.59033,145.48689
2024-03-12,4252.63,2291.54,1093.65,997,842.9,6421.9834,141.91954
2024-03-13,4162.22,2255.73,1081.86,968.26,846.27,6604.46729,137.35834
2024-03-14,4117.1,2265.49,1067.18,935.38,856.09,6736.4541,144.3289
2024-03-15,4072.26,2237.94,1071.17,951.48,838.79,6714.16406,137.11674
2024-03-18,4122.06,2259.42,1064.59,950.95,827.02,6859.91992,141.22878
2024-03-19,4126.44,2254.61,1085.88,935.32,841.05,6930.93164,144.81303
2024-03-20,4211.34,2265.29,1110.66,975.96,859.01,6796.76416,141.37737
2024-03-21,4311.67,2292.1,1116.67,997.94,860.57,6745.34814,140.03233
2024-03-22,4296.03,2316.06,1115.2,973.25,843.46,6737.28174,138.62273
2024-03-25,4252.08,2307.55,1108.4,969.89,833.36,6847.57812,134.94617
2024-03-26,4214.95,2294.92,1099.69,981.52,833.14,6801.1499,131.24002
2024-03-27,4313.37,2305.23,1124.6,1014.82,851.07,6778.08203,143.14375
2024-03-28,4288.94,2316.01,1128.45,1021.02,855.82,6933.68311,146.97708
2024-04-01,4321.87,2316.41,1112.26,1053.56,828.54,6977.81445,153.12682
2024-04-02,4238,2286.46,1093.52,1016.5,817.65,7097.36328,155.20012
2024-04-03,4275.38,2291.59,1103.58,1035.6,823.85,7133.11475,153.71724
2024-04-04,4227.3,2319.1,1094.24,1041.17,830.23,7218.74854,147.89305
2024-04-05,4266.83,2283.76,1087.61,1029.91,814.66,7241.52393,148.72995
2024-04-08,4300.83,2304.88,1105.01,1037.69,839.13,7192.70459,153.45769
2024-04-09,4373.68,2325.36,1130.9,1077.02,856.7,7096.45459,155.86722
2024-04-10,4334.42,2271.12,1100.62,1015.12,828.39,7186.73291,157.13945
2024-04-11,4384.51,2280.5,1117.65,1000.7,801.14,7088.31299,147.06874
2024-04-12,4268.81,2288.02,1090.22,967.32,775.11,7156.89307,147.8835
2024-04-15,4194.6,2265.93,1041.65,930.61,750.32,7132.07666,141.20526
2024-04-16,4231.67,2225.64,1025.38,902.78,723.22,7141.82373,144.91142
2024-04-17,4101.67,2216.62,1055.27,892.32,733.87,6919.77197,143.26581
2024-04-18,3999.13,2246.31,1067.8,886.23,727.94,6911.26416,146.77979
2024-04-19,3919.62,2237.19,1081.41,865.67,737.19,6933.11133,146.10068
2024-04-22,3928.1,2259.52,1092.55,841.91,749.79,6908.32275,149.33984
2024-04-23,4008.55,2296.94,1102.42,875.65,749.1,6942.1626,150.90208
2024-04-24,4035.83,2272.05,1098.95,843.39,744.51,6900.85547,137.75044
2024-04-25,4045.9,2256.38,1082.04,833.56,739.23,6953.02393,136.2816
2024-04-26,4168.3,2289.86,1074.19,883.47,763.71,6992.41943,134.59468
2024-04-29,4214.79,2321.28,1094.07,905.51,770.02,6893.49023,169.35478
2024-04-30,4080.29,2317.03,1102.78,900.81,748.09,6838.44336,166.1826
2024-05-01,3999.77,2304.37,1115.97,902.94,748.01,6590.18018,161.16743
2024-05-02,4077.92,2294.72,1132.1,920.83,756.5,6586.27734,169.76662
2024-05-03,4223.85,2335.36,1144.04,972.35,775.97,6514.76465,178.6535
2024-05-06,4309.42,2353.71,1150.21,984.99,759.01,6550.31738,183.20523
2024-05-07,4287.7,2401.4,1155.67,965.55,786.16,6541.81445,184.20239
2024-05-08,4259.39,2401.67,1160.16,950.56,782.9,6593.13721,182.54451
2024-05-09,4252.4,2415.53,1171.96,978.46,767.99,6615.03955,192.04146
2024-05-10,4276.96,2411.17,1189.85,936.23,759.89,6538.61523,188.15437
2024-05-13,4248.85,2403.01,1200.19,988.18,759.25,6607.07373,198.83017
2024-05-14,4324.59,2415.1,1235.4,1098.38,762.11,6515.68408,195.75447
2024-05-15,4433.69,2470.79,1234.18,1105.9,758.49,6556.16943,201.44608
2024-05-16,4387.2,2490.23,1228.2,1085.71,763.51,6610.15869,208.15785
2024-05-17,4345.84,2423.98,1235.95,1074.46,758.3,6668.36572,218.72505
2024-05-20,4458.27,2425.34,1222.09,1082.63,759.13,6646.70947,229.13657
2024-05-21,4479.04,2432.18,1232.31,1138.73,765.28,6598.39502,222.36075
2024-05-22,4594.84,2421.63,1247.26,1235.5,746.52,6457.15186,236.57632
2024-05-23,4559.46,2422.59,1234.66,1170.01,741.64,6397.12158,221.11554
2024-05-24,4683.69,2417.83,1250.38,1211.05,743.26,6455.79639,209.3233
2024-05-28,4715.65,2475.1,1259.37,1261.98,744.73,6641.07373,215.46262
2024-05-29,4670.72,2416.79,1248.2,1201.78,733.83,6605.16748,207.83394
2024-05-30,4657.68,2456.45,1279.47,1240.35,734.82,6486.14795,214.12363
2024-05-31,4613.28,2463.6,1283.45,1250.71,721.06,6424.61523,215.87842
2024-06-03,4596.87,2477.68,1288.63,1258.69,721.2,6170.21289,229.11758
2024-06-04,4550.13,2448.2,1274.98,1189.28,704.91,6123.46582,216.18132
2024-06-05,4752.05,2454.8,1275.13,1185.82,704.11,6172.99365,229.76839
2024-06-06,4715.61,2428.95,1270.85,1162.05,703.46,6307.10303,235.50414
2024-06-07,4665.5,2406.59,1251.36,1132.48,692.83,6303.06934,243.5106