Date,TCI,GPR
14-10-2010,19.4270330065575,77.56256
15-10-2010,19.4199039661566,71.87647
18-10-2010,19.6303024459391,30.70746
19-10-2010,19.3392072505509,83.68592
20-10-2010,22.1234104666385,69.56392
21-10-2010,22.4128255170139,43.10032
22-10-2010,22.2118675912395,65.01025
25-10-2010,21.9715855259317,50.78229
26-10-2010,22.1271255174459,44.56369
27-10-2010,21.7177067592137,85.60568
28-10-2010,21.6440667293278,55.86672
29-10-2010,21.6366356138626,78.20037
01-11-2010,21.3859143853901,130.50673
02-11-2010,20.78920779,130.61604
03-11-2010,21.1307521510381,81.79179
04-11-2010,21.1554375076316,79.74084
05-11-2010,22.0959183148853,54.94014
08-11-2010,21.8795966912093,92.5748
09-11-2010,21.2295717615492,131.48009
10-11-2010,21.4959815502477,79.3636
11-11-2010,21.1366975539506,87.63406
12-11-2010,21.0032019184066,75.50947
15-11-2010,23.2105672396916,120.95359
16-11-2010,22.9438537127891,121.23499
17-11-2010,25.1951862138074,77.66469
18-11-2010,24.6967130797687,73.96996
19-11-2010,25.0899887720143,103.71417
22-11-2010,24.827576633519,113.15013
23-11-2010,24.6389334656108,77.37922
24-11-2010,25.3500149332792,166.79205
26-11-2010,25.5754828567457,56.32421
29-11-2010,25.4649285403175,159.03429
30-11-2010,25.0674537557258,183.4077
01-12-2010,24.1778186940261,94.04766
02-12-2010,24.7514722430785,100.17846
03-12-2010,25.1382703264475,86.44166
06-12-2010,25.284507123183,110.68246
07-12-2010,25.2237627509183,127.92436
08-12-2010,25.0447034563141,67.67611
09-12-2010,24.5201301835191,88.63057
10-12-2010,24.1435669564786,61.2245
13-12-2010,23.9060600746188,72.62634
14-12-2010,23.5245815832294,67.45048
15-12-2010,23.3687583721157,72.64403
16-12-2010,23.3737783523761,136.46005
17-12-2010,23.232371422211,107.16203
20-12-2010,22.9155369087028,128.25696
21-12-2010,22.6193172611866,156.80794
22-12-2010,22.8359501206291,163.83025
23-12-2010,22.4466193783978,124.68887
27-12-2010,22.6389885480054,87.47978
28-12-2010,22.3729684246529,134.57306
29-12-2010,22.0283684992527,53.03965
30-12-2010,21.796287934625,161.35718
31-12-2010,21.684708177802,45.37764
03-01-2011,21.216266217437,74.20152
04-01-2011,21.3054858237837,119.25243
05-01-2011,20.9736842735616,44.56369
06-01-2011,20.0433009535206,74.08298
07-01-2011,20.429966722858,74.59211
10-01-2011,20.1944889481644,96.13255
11-01-2011,19.1667521810578,89.32767
12-01-2011,19.0364034198294,74.32043
13-01-2011,21.3408895952093,61.53376
14-01-2011,21.1782720082987,66.92056
18-01-2011,20.5284529847775,56.98224
19-01-2011,19.349347568986,62.64032
20-01-2011,19.1612713993071,59.08705
21-01-2011,20.5557590243021,88.97392
24-01-2011,19.8327059926413,106.99508
25-01-2011,19.842825293527,204.19937
26-01-2011,19.9353774863626,113.75102
27-01-2011,19.7926134002245,68.6712
28-01-2011,19.4994777669697,69.63356
31-01-2011,19.5592838185724,89.41901
01-02-2011,18.7264906855274,118.03403
02-02-2011,19.2337010002909,98.82799
03-02-2011,19.6278026770538,113.27952
04-02-2011,19.794265113096,94.64479
07-02-2011,19.6461276875412,59.57856
08-02-2011,19.7311965130459,56.59284
09-02-2011,19.099123242547,86.57847
10-02-2011,19.117967040348,104.04214
11-02-2011,19.4800687523376,97.62649
14-02-2011,19.2302175074443,76.56786
15-02-2011,19.3810719327911,55.57999
16-02-2011,19.4485792788417,62.22503
17-02-2011,19.6051160746978,88.42583
18-02-2011,19.4275771518213,66.45071
22-02-2011,19.3329770601989,163.83025
23-02-2011,21.4327745120289,73.44939
24-02-2011,22.4786856974322,144.02469
25-02-2011,21.8485307032347,137.73669
28-02-2011,21.9970729971366,107.25624
01-03-2011,20.7301484834501,178.95901
02-03-2011,20.6244699097299,126.9994
03-03-2011,20.4885783081667,154.9538
04-03-2011,20.3741236653902,119.61127
07-03-2011,19.9748110362528,138.72427
08-03-2011,20.066061860064,166.00566
09-03-2011,19.8748288626614,199.46643
10-03-2011,19.3118841108311,136.30661
11-03-2011,20.2168070766838,136.77269
14-03-2011,20.2746408665203,87.97813
15-03-2011,20.3771529188867,141.81134
16-03-2011,21.0608988843779,166.35165
17-03-2011,20.9771668582518,116.23045
18-03-2011,20.217512655488,147.79643
21-03-2011,19.9309603286533,151.39047
22-03-2011,19.9344853509699,192.92976
23-03-2011,19.9324026676309,231.28288
24-03-2011,19.7807601768595,144.67995
25-03-2011,19.7337699417769,130.91949
28-03-2011,19.7514883021178,131.84349
29-03-2011,19.8858758763563,196.35419
30-03-2011,18.8926884520328,125.13372
31-03-2011,18.8613501712005,126.22554
01-04-2011,19.0751689717839,125.87757
04-04-2011,19.7546863355228,71.92548
05-04-2011,19.3493472241192,103.40234
06-04-2011,18.8436492161858,130.38829
07-04-2011,18.1680515170194,74.62199
08-04-2011,18.1619276538591,84.77044
11-04-2011,17.6335284923195,98.69049
12-04-2011,17.6207796288405,88.33514
13-04-2011,19.0984795268481,111.53427
14-04-2011,19.0897225002556,110.64944
15-04-2011,19.1217347694901,86.82133
18-04-2011,19.1419167491954,86.9549
19-04-2011,21.3414032004649,96.63266
20-04-2011,21.2138939722409,80.79433
21-04-2011,21.893360396372,117.58607
25-04-2011,21.8020789181828,78.18482
26-04-2011,21.7460456507467,144.02469
27-04-2011,21.8302745885852,124.72569
28-04-2011,21.2227530509615,110.53407
29-04-2011,20.9417745781226,68.87518
02-05-2011,20.3177836564456,115.25686
03-05-2011,20.3310051912484,269.19287
04-05-2011,21.8189945422346,113.01701
05-05-2011,23.4339332070511,101.19861
06-05-2011,25.0019362270655,104.74522
09-05-2011,24.0873469621842,126.043
10-05-2011,23.8226798653439,140.80266
11-05-2011,23.7684821325852,88.72949
12-05-2011,24.5311699097352,80.95889
13-05-2011,24.3567333174024,114.11404
16-05-2011,24.038535899962,87.17284
17-05-2011,24.1168903134835,74.6394
18-05-2011,24.3739994059329,85.31809
19-05-2011,23.6834080419627,150.2536
20-05-2011,23.0317418191471,81.48227
23-05-2011,22.7969305564842,119.93066
24-05-2011,24.1068030470067,134.65721
25-05-2011,23.5530821667656,119.10356
26-05-2011,22.9983900021014,103.62941
27-05-2011,22.9677953716459,94.45203
31-05-2011,23.2304609081314,140.02399
01-06-2011,27.3481925924374,96.12361
02-06-2011,28.1423333024095,86.35474
03-06-2011,27.6283431361646,66.98823
06-06-2011,27.3833743701939,62.42276
07-06-2011,27.4324884381768,106.61983
08-06-2011,27.127912601449,122.13937
09-06-2011,27.5064345244596,101.33382
10-06-2011,27.4227465504071,90.61735
13-06-2011,28.0596267540483,105.76525
14-06-2011,27.7006725655369,43.32728
15-06-2011,27.4662064458419,81.83572
16-06-2011,28.4542898709254,115.51518
17-06-2011,28.2238762175966,77.90611
20-06-2011,27.8388085944618,74.16196
21-06-2011,27.6932826618989,79.22998
22-06-2011,27.7075232255156,56.08185
23-06-2011,27.5789285250828,128.57771
24-06-2011,27.7589336890479,115.04321
27-06-2011,27.583865579259,108.47199
28-06-2011,27.220264499365,66.1735
29-06-2011,27.3526468384575,81.51733
30-06-2011,27.2001835759175,101.40514
01-07-2011,27.1567713910132,88.8176
05-07-2011,27.4368986218964,83.86247
06-07-2011,27.1497478229883,41.54874
07-07-2011,26.9513387795669,93.25922
08-07-2011,27.1778370845591,65.35699
11-07-2011,26.4290513417532,84.93764
12-07-2011,27.9955534246059,75.82986
13-07-2011,27.4456370827758,92.94522
14-07-2011,27.5830604071975,74.88043
15-07-2011,27.8524596966357,91.54486
18-07-2011,27.4771634329503,72.80369
19-07-2011,27.8497570117785,126.49424
20-07-2011,29.0218148436135,92.12239
21-07-2011,28.9152098880179,90.60634
22-07-2011,29.3096086406119,62.43583
25-07-2011,29.0448452566417,83.91838
26-07-2011,28.1108790149597,92.60036
27-07-2011,27.8165124681476,88.66615
28-07-2011,30.5965928421559,101.98327
29-07-2011,29.9184663499762,95.42376
01-08-2011,29.5205699773545,88.1002
02-08-2011,29.1773573425425,90.46024
03-08-2011,29.9015671503676,86.63004
04-08-2011,30.2633230454445,77.03646
05-08-2011,36.9144664094693,51.97544
08-08-2011,36.3562466598476,94.76787
09-08-2011,41.3557792301224,63.13662
10-08-2011,40.1061966170141,44.1141
11-08-2011,39.4011913949996,91.38118
12-08-2011,39.8040650652359,69.30058
15-08-2011,39.3712202649434,131.05658
16-08-2011,40.2980129660268,54.51061
17-08-2011,40.1120764987003,38.83432
18-08-2011,39.40010059,109.44607
19-08-2011,41.30373156,119.64899
22-08-2011,41.1688783642696,143.45766
23-08-2011,40.6117364881767,197.70502
24-08-2011,41.0376227908226,159.73346
25-08-2011,40.6300414558231,109.68767
26-08-2011,40.1644686522282,93.75191
29-08-2011,39.8630530340046,125.17125
30-08-2011,40.4645715320629,61.34385
31-08-2011,40.0296114788398,91.10472
01-09-2011,39.2700612515909,90.60634
02-09-2011,39.1525848206998,105.27228
06-09-2011,39.6836499851731,138.56493
07-09-2011,40.3180868732456,87.8471
08-09-2011,40.3709063601696,99.44562
09-09-2011,39.7327287451914,90.50732
12-09-2011,39.8365946167285,110.15665
13-09-2011,39.2124833775773,111.98429
14-09-2011,38.9967069730495,78.36182
15-09-2011,38.6611761167968,85.37546
16-09-2011,38.1476863990685,72.69948
19-09-2011,37.5946403242352,56.62509
20-09-2011,37.2236050256401,70.64718
21-09-2011,37.0332093756061,102.08763
22-09-2011,37.7084525739125,84.16077
23-09-2011,40.5323598029858,93.08572
26-09-2011,39.9594564330546,73.34098
27-09-2011,39.5312099601548,86.86113
28-09-2011,40.3418522171085,55.8494
29-09-2011,39.3149227121219,93.68878
30-09-2011,38.8469875401348,68.4011
03-10-2011,38.9172215109646,92.01577
04-10-2011,39.6756195030137,73.61262
05-10-2011,38.8631847684222,66.10445
06-10-2011,38.5829517221462,86.47266
07-10-2011,39.6517664534577,74.47611
10-10-2011,39.0448378755417,55.35139
11-10-2011,39.2440619404745,85.24991
12-10-2011,38.5649034651126,137.25085
13-10-2011,38.3331405845436,135.98962
14-10-2011,37.894147869544,73.91125
17-10-2011,37.7268612142149,96.44184
18-10-2011,36.400352527943,114.35792
19-10-2011,35.9058520972385,51.13115
20-10-2011,35.0209571600365,72.08697
21-10-2011,34.9111732996148,110.52729
24-10-2011,34.8819771090537,96.52515
25-10-2011,35.6544973549543,82.53283
26-10-2011,35.0767264397177,64.39117
27-10-2011,34.5652550980885,53.97259
28-10-2011,37.2748511816657,51.45736
31-10-2011,36.789423736587,82.71081
01-11-2011,36.8524962504393,80.11047
02-11-2011,38.3398378955666,37.60397
03-11-2011,38.3088675900517,110.41893
04-11-2011,37.9855217067192,111.48065
07-11-2011,37.3132041402504,65.5954
08-11-2011,37.106700595491,82.42171
09-11-2011,36.7669168241697,112.76826
10-11-2011,36.8378408906656,80.24632
11-11-2011,36.7062898225322,66.76
14-11-2011,36.658151249116,95.5948
15-11-2011,36.2442387641242,114.09955
16-11-2011,36.3279623209214,83.44913
17-11-2011,36.1106314593785,108.66276
18-11-2011,35.7466464772036,109.06854
21-11-2011,35.0419916692494,111.56316
22-11-2011,36.7257775288698,58.25148
23-11-2011,36.5572087865452,102.48828
25-11-2011,37.4841543076436,83.1607
28-11-2011,37.1743944544191,105.41831
29-11-2011,38.4812482324768,107.72578
30-11-2011,38.3290944045227,84.24638
01-12-2011,39.0606606390082,104.02568
02-12-2011,38.2877283855873,104.30795
05-12-2011,37.991489655841,97.07158
06-12-2011,37.8272943837848,73.94125
07-12-2011,37.6755296167243,49.84188
08-12-2011,37.4702853192418,87.08117
09-12-2011,37.7320338779319,71.6583
12-12-2011,37.7045661299477,99.59354
13-12-2011,37.0411361267277,89.63419
14-12-2011,37.1309768926254,113.05692
15-12-2011,37.4467872057412,82.23852
16-12-2011,37.2000582823927,118.86456
19-12-2011,36.4729129061749,86.15261
20-12-2011,36.0992985008256,180.24854
21-12-2011,36.8720346840991,80.14276
22-12-2011,36.6331184781865,83.38271
23-12-2011,36.8609379257858,75.76393
27-12-2011,36.5891430699794,68.30036
28-12-2011,36.2593103692287,86.66602
29-12-2011,36.1128901234964,115.5547
30-12-2011,35.0891441084447,125.90362
03-01-2012,35.0767286089356,88.1002
04-01-2012,36.0149667517385,76.94228
05-01-2012,35.1469175477665,82.43947
06-01-2012,34.9458250569084,100.59859
09-01-2012,34.8693070970435,88.39126
10-01-2012,34.3004344751685,66.64337
11-01-2012,34.5058852231328,103.96587
12-01-2012,33.0474047932336,103.84225
13-01-2012,33.0476528528956,98.10171
17-01-2012,32.1996211240704,56.62509
18-01-2012,31.9658404903579,73.85881
19-01-2012,31.9053500087595,103.19526
20-01-2012,31.4386721934844,70.93292
23-01-2012,30.4616202746598,109.54259
24-01-2012,30.3870591095806,103.51774
25-01-2012,30.2527974093331,65.6296
26-01-2012,29.6593507241071,85.76228
27-01-2012,29.2163520520976,58.41665
30-01-2012,28.430337776955,128.42842
31-01-2012,27.8524862216756,69.98383
01-02-2012,27.1779140357924,134.97075
02-02-2012,27.5237139686188,57.81689
03-02-2012,27.6771219949741,102.98138
06-02-2012,27.604004161049,124.92128
07-02-2012,27.2371741373026,142.98854
08-02-2012,26.9966649211971,82.25337
09-02-2012,27.1121742292379,85.78363
10-02-2012,27.8509557134749,68.33391
13-02-2012,28.6849045731442,61.83459
14-02-2012,28.647380764074,80.42072
15-02-2012,28.9356410527802,128.71692
16-02-2012,28.9083024946365,81.79179
17-02-2012,28.8561778403811,49.78809
21-02-2012,28.6956919906547,141.49158
22-02-2012,29.6610790675335,101.1471
23-02-2012,28.6280764904317,68.30036
24-02-2012,28.782077190389,152.73109
27-02-2012,28.655877821118,54.99793
28-02-2012,28.4138421322735,113.57375
29-02-2012,28.8842263948727,146.89879
01-03-2012,27.6576400823242,91.45126
02-03-2012,27.641102571604,99.75541
05-03-2012,27.4024142666777,116.52248
06-03-2012,27.3256077809179,110.78821
07-03-2012,27.9864626871928,138.18359
08-03-2012,28.0439186907072,154.15259
09-03-2012,27.7223392197638,132.37663
12-03-2012,27.6089537258137,71.49427
13-03-2012,27.0693098990788,64.65402
14-03-2012,26.8851227173768,69.1559
15-03-2012,26.9712640678124,64.95231
16-03-2012,26.8217147871509,72.73103
19-03-2012,26.7038211361591,106.99508
20-03-2012,26.6603848012228,104.6074
21-03-2012,26.5854343445175,124.37675
22-03-2012,26.6114321274595,67.60342
23-03-2012,26.8357264759844,93.31177
26-03-2012,26.9179451257955,79.66935
27-03-2012,26.7825088887235,116.36655
28-03-2012,26.794181826665,149.57629
29-03-2012,27.3209424767498,83.44913
30-03-2012,27.9792078585497,103.07346
02-04-2012,27.553047806846,154.47208
03-04-2012,27.4930362969717,134.50101
04-04-2012,27.1229139224408,126.08389
05-04-2012,25.3594527265413,116.87487
09-04-2012,25.2025276726039,126.88358
10-04-2012,25.5221628991693,116.15498
11-04-2012,26.1374694681761,85.70198
12-04-2012,26.4453301826789,136.6749
13-04-2012,26.4380990405094,112.74004
16-04-2012,26.4113145706006,136.9537
17-04-2012,26.2703139841845,117.7453
18-04-2012,26.1971408209859,99.26674
19-04-2012,25.9708395151826,65.09412
20-04-2012,25.7410401404037,100.38084
23-04-2012,25.4076030051754,90.46024
24-04-2012,25.5691740239375,93.36894
25-04-2012,25.4241040040161,83.95103
26-04-2012,25.0216251678407,118.67998
27-04-2012,24.6066811530829,84.50428
30-04-2012,24.5177687509753,99.8546
01-05-2012,24.2807659019956,75.19069
02-05-2012,23.4636289029285,87.57363
03-05-2012,23.0330883076879,101.7632
04-05-2012,23.6045604719727,62.24031
07-05-2012,24.6325565337801,60.38535
08-05-2012,24.9054395672219,84.52482
09-05-2012,25.2175440511004,54.60277
10-05-2012,24.6499072921016,55.44046
11-05-2012,24.1495597562617,110.3075
14-05-2012,23.9040226505793,65.92175
15-05-2012,24.6549405744981,92.65923
16-05-2012,25.0791214614455,67.07111
17-05-2012,26.0170818381529,53.8921
18-05-2012,26.0133733055392,147.14548
21-05-2012,26.8069659551033,59.07185
22-05-2012,27.5058938177939,115.74032
23-05-2012,27.2918845839411,86.14242
24-05-2012,27.4866909029395,113.4441
25-05-2012,27.3024052066415,81.91315
29-05-2012,26.979334955892,91.09561
30-05-2012,27.127161417058,88.28396
31-05-2012,26.7817967403865,91.9212
01-06-2012,26.4141766332922,67.89513
04-06-2012,28.6400770225402,40.61732
05-06-2012,28.4714834226475,67.32861
06-06-2012,28.1601245632441,69.86805
07-06-2012,27.2148806156657,102.94328
08-06-2012,27.0433117021392,92.90913
11-06-2012,26.9495487028147,78.35246
12-06-2012,26.8958906820532,92.01577
13-06-2012,26.5483194371735,99.33882
14-06-2012,26.1573730897614,112.46371
15-06-2012,25.8145604309491,55.38253
18-06-2012,26.1942430184987,102.81924
19-06-2012,26.0204620712515,111.6148
20-06-2012,26.9778125269408,147.88249
21-06-2012,26.6377636602953,73.04449
22-06-2012,27.8568231642839,72.01234
25-06-2012,28.0683210131775,99.96775
26-06-2012,28.9113031989062,129.90462
27-06-2012,28.0638890142716,48.38582
28-06-2012,27.8637970975544,92.01577
29-06-2012,27.7381338556036,80.06206
02-07-2012,32.494290302372,45.31556
03-07-2012,31.6303408267339,77.41548
05-07-2012,31.3088293152406,82.71081
06-07-2012,31.210966283321,62.64903
09-07-2012,31.0774095000769,83.6952
10-07-2012,31.0594452293116,97.55321
11-07-2012,31.0974083029673,69.26648
12-07-2012,30.7668207503289,66.01835
13-07-2012,30.4212194897442,107.78419
16-07-2012,29.8448121242887,54.2303
17-07-2012,29.7413058879951,155.83316
18-07-2012,29.601492096627,104.48519
19-07-2012,29.5168695899454,147.78593
20-07-2012,28.6230773296133,166.3678
23-07-2012,28.5716174459638,80.69075
24-07-2012,30.7051689301984,109.74151
25-07-2012,30.7320192096903,86.86113
26-07-2012,30.3975646907821,76.39045
27-07-2012,30.5850394837979,67.26025
30-07-2012,30.4928850448686,112.5023
31-07-2012,29.6361691249557,65.10249
01-08-2012,29.347187077902,67.74896
02-08-2012,29.3682641197531,52.74789
03-08-2012,28.7115530859506,74.24111
06-08-2012,28.4179355015383,99.59354
07-08-2012,28.1310310141215,114.60892
08-08-2012,28.3568854223443,75.28563
09-08-2012,27.8749427019096,87.43834
10-08-2012,27.8414666656146,85.19978
13-08-2012,27.3805264258782,89.93397
14-08-2012,27.0730846845993,109.05573
15-08-2012,26.7273543249352,94.52737
16-08-2012,26.6226820849938,95.6964
17-08-2012,26.4609192163559,104.33284
20-08-2012,26.4563100306684,69.01183
21-08-2012,25.9809985883358,75.39272
22-08-2012,25.7313203318642,123.7944
23-08-2012,25.8507015597247,76.19269
24-08-2012,25.9581810605044,69.69965
27-08-2012,25.6418129592936,83.1607
28-08-2012,25.5478330423542,73.70897
29-08-2012,25.093323588092,65.17783
30-08-2012,25.1311022918319,84.21782
31-08-2012,25.5904439901403,69.28677
04-09-2012,26.4334901608957,83.33503
05-09-2012,25.5515403810269,81.7001
06-09-2012,25.3982476480481,54.94014
07-09-2012,24.1000876536408,69.73827
10-09-2012,24.3371698928683,66.4285
11-09-2012,23.7055263969135,79.34294
12-09-2012,24.0685107538798,99.15668
13-09-2012,23.8630232066624,65.81261
14-09-2012,23.2525541787882,76.23064
17-09-2012,24.2963309857936,92.01577
18-09-2012,23.6524464909092,82.91784
19-09-2012,23.514066652966,53.06173
20-09-2012,22.7694299427577,52.32092
21-09-2012,22.8603149557272,67.89513
24-09-2012,22.1470948596989,60.30682
25-09-2012,21.453866422351,74.92713
26-09-2012,21.9533134418395,87.26852
27-09-2012,23.8117621621246,106.64201
28-09-2012,24.3362993851062,89.9792
01-10-2012,24.0347157236953,52.09805
02-10-2012,23.7200828721668,81.33537
03-10-2012,23.4085144971642,63.84768
04-10-2012,22.9369278004112,72.01234
05-10-2012,23.2906234210325,87.97422
08-10-2012,22.7660258817344,92.60036
09-10-2012,22.7436457380014,108.14913
10-10-2012,22.1910687289087,64.53054
11-10-2012,22.4809838259909,89.17181
12-10-2012,22.6498794873773,81.25166
15-10-2012,23.290524070476,129.81033
16-10-2012,22.3116172197768,79.95853
17-10-2012,22.189605234765,95.45286
18-10-2012,22.8912578113244,109.91008
19-10-2012,22.7867479973365,103.82191
22-10-2012,24.3022531592514,163.3595
23-10-2012,23.2822734590974,106.50162
24-10-2012,23.4567755141878,74.35617
25-10-2012,23.2616971074631,89.96304
26-10-2012,22.8691219375525,67.88049
31-10-2012,22.5283477974872,75.20424
01-11-2012,21.0521566809748,53.59058
02-11-2012,21.3596763024733,55.20947
05-11-2012,21.6583741290328,61.57189
06-11-2012,21.375860504244,129.58701
07-11-2012,22.3813408212741,43.58642
08-11-2012,23.4698734392498,59.48846
09-11-2012,23.1794659127594,72.01234
12-11-2012,22.8766735094419,108.33555
13-11-2012,22.8297344666094,61.27293
14-11-2012,23.0078971412732,56.91697
15-11-2012,23.0781080941315,96.56778
16-11-2012,22.9895474892622,98.02496
19-11-2012,22.2133632824695,116.35052
20-11-2012,23.1182526351413,135.60219
21-11-2012,23.1576277939266,116.17536
23-11-2012,22.9529768974928,122.54585
26-11-2012,23.6324122379285,110.56067
27-11-2012,22.9269713721045,67.26025
28-11-2012,22.3571543107133,55.3941
29-11-2012,22.1000390519389,56.94958
30-11-2012,22.1400483484268,68.23003
03-12-2012,21.8835664803621,67.4314
04-12-2012,21.6770166901027,101.98327
05-12-2012,21.3384741098173,84.93764
06-12-2012,21.3900704195356,39.54397
07-12-2012,21.1232982845994,107.20284
10-12-2012,21.093351490786,59.91724
11-12-2012,21.4171552113011,107.62856
12-12-2012,20.8783691043217,108.60877
13-12-2012,19.7264950275213,95.92377
14-12-2012,19.1064197457831,104.71764
17-12-2012,19.0205945680669,87.63406
18-12-2012,18.9605054645637,80.30467
19-12-2012,18.7508814540551,102.01749
20-12-2012,20.6248762751052,82.29982
21-12-2012,20.3968826329244,77.03646
24-12-2012,21.289333790615,89.38675
26-12-2012,21.188817448972,55.93454
27-12-2012,20.8957261689908,61.99993
28-12-2012,20.6759020112348,103.94142
31-12-2012,20.4070243205148,49.50288
02-01-2013,20.6389538277902,82.3299
03-01-2013,24.0777511827892,78.42606
04-01-2013,22.352823659099,80.40212
07-01-2013,22.6789279221589,83.80664
08-01-2013,22.2418102910682,84.62764
09-01-2013,21.8989814856139,70.40133
10-01-2013,22.3407706804184,54.56749
11-01-2013,22.1832320692652,94.95784
14-01-2013,22.1604835049897,77.53735
15-01-2013,21.8465296541316,124.85532
16-01-2013,21.7587106698085,96.06802
17-01-2013,21.5942218789864,125.95314
18-01-2013,21.4178535382498,146.60468
22-01-2013,21.1407087548969,151.14378
23-01-2013,20.5444428753592,116.95853
24-01-2013,20.3989932965234,98.55048
25-01-2013,20.4240617594595,124.61069
28-01-2013,20.3458403240036,121.24432
29-01-2013,20.5927775798282,37.03492
30-01-2013,20.7850335816649,90.16456
31-01-2013,21.0356568391372,53.66896
01-02-2013,20.277629647278,134.15384
04-02-2013,19.69872068,82.70537
05-02-2013,19.7133208152991,81.38987
06-02-2013,19.5755628135984,92.01577
07-02-2013,19.1683066694652,75.93279
08-02-2013,18.7328266039874,91.72179
11-02-2013,18.7158038086935,98.34884
12-02-2013,19.1027528154634,91.13524
13-02-2013,19.0080417929513,176.86681
14-02-2013,18.7652777944524,86.18997
15-02-2013,17.9047635236545,73.30234
19-02-2013,18.0697088652266,113.02724
20-02-2013,18.8560810287677,86.96478
21-02-2013,19.5533566232628,33.24657
22-02-2013,20.746705854581,81.15421
25-02-2013,19.9589478229251,49.62648
26-02-2013,20.1871264275412,114.36246
27-02-2013,19.9294297442258,119.15711
28-02-2013,19.2513447858889,66.07116
01-03-2013,19.0416780204642,56.74634
04-03-2013,18.8959739619361,45.37764
05-03-2013,18.6565834942568,85.88138
06-03-2013,19.4108199203463,89.93397
07-03-2013,17.8026880129702,89.28754
08-03-2013,17.648094908611,92.396
11-03-2013,17.5053584667883,70.56849
12-03-2013,17.3355256087975,92.60036
13-03-2013,16.9463838839881,104.33284
14-03-2013,15.7904177628833,49.96775
15-03-2013,15.7550308287266,86.62572
18-03-2013,15.5505587110509,107.28964
19-03-2013,15.9936113320016,82.03292
20-03-2013,16.270741583943,72.51012
21-03-2013,16.499124776235,85.62373
22-03-2013,16.4643266469287,109.61961
25-03-2013,15.860922925548,102.81924
26-03-2013,15.6196786333633,87.94427
27-03-2013,15.5850703382029,100.50266
28-03-2013,15.6616197272358,57.26914
01-04-2013,15.6018360888767,99.55804
02-04-2013,15.5491631126201,72.47574
03-04-2013,15.932475715491,77.13087
04-04-2013,16.9034232457859,123.71869
05-04-2013,16.7971199201947,99.5192
08-04-2013,16.6229031405319,121.85195
09-04-2013,16.9665447257403,82.03292
10-04-2013,17.2444123288677,92.12704
11-04-2013,17.6693451014118,54.70295
12-04-2013,17.5412304719672,97.20853
15-04-2013,17.9262255825426,105.31284
16-04-2013,22.1063552736468,108.67475
17-04-2013,21.3762390242518,153.71544
18-04-2013,22.0247692425442,82.49689
19-04-2013,21.703643741532,91.20506
22-04-2013,21.8115361064673,165.16957
23-04-2013,21.9092941488459,153.32225
24-04-2013,21.8545542368858,104.45033
25-04-2013,22.6766050804364,76.64038
26-04-2013,21.7625336773516,98.46273
29-04-2013,21.4011070127969,89.40804
30-04-2013,22.0396350639149,74.62605
01-05-2013,21.900916734137,68.93204
02-05-2013,22.7076282740012,70.48016
03-05-2013,23.2692723672584,82.29982
06-05-2013,22.8634954016105,88.39717
07-05-2013,22.6714236291038,83.02174
08-05-2013,22.5238496728189,84.93764
09-05-2013,22.3245148247565,65.07382
10-05-2013,21.9643271163989,61.07771
13-05-2013,21.6156757620531,78.76035
14-05-2013,21.1328262247466,86.73805
15-05-2013,20.7132181404453,44.51379
16-05-2013,21.0808807013842,89.78886
17-05-2013,21.5814219865754,105.79787
20-05-2013,22.1036118720292,123.02522
21-05-2013,21.5178471019093,95.35551
22-05-2013,22.003345918518,76.76866
23-05-2013,22.0826578705796,100.92052
24-05-2013,21.7751397460771,104.98848
28-05-2013,20.0629615119515,157.53294
29-05-2013,19.8461963411757,108.14913
30-05-2013,19.4696491173228,95.18873
31-05-2013,18.9158560440606,67.14664
03-06-2013,18.8023915688336,62.9253
04-06-2013,18.4157024954375,110.14695
05-06-2013,18.2995084928905,58.66412
06-06-2013,17.9242684180199,80.57597
07-06-2013,17.871556570099,156.52792
10-06-2013,18.0882926455249,97.70214
11-06-2013,17.3519935461091,126.30946
12-06-2013,18.2371719389415,80.88828
13-06-2013,18.0559563358129,82.10368
14-06-2013,17.625978727676,79.86275
17-06-2013,17.3168281863285,149.29881
18-06-2013,17.2154131815238,124.22129
19-06-2013,16.8347817718318,116.44177
20-06-2013,17.0582142455716,91.31602
21-06-2013,20.9671628467525,73.6945
24-06-2013,20.5459232504103,89.8933
25-06-2013,20.7781109437077,85.92912
26-06-2013,20.6102414120236,96.83511
27-06-2013,22.1373983530919,39.08635
28-06-2013,22.0250125825865,39.43533
01-07-2013,21.91863038,71.90813
02-07-2013,22.3217590640211,107.83098
03-07-2013,21.9721143373299,84.93764
05-07-2013,21.7392978712029,67.95011
08-07-2013,21.5854978166694,87.94427
09-07-2013,21.5178177529424,98.94683
10-07-2013,21.3950805656206,87.17284
11-07-2013,21.3421947938267,77.26105
12-07-2013,21.5999916646126,75.10595
15-07-2013,21.3143203925374,125.85744
16-07-2013,20.3143614150924,100.76251
17-07-2013,20.2338938079422,117.40746
18-07-2013,20.1470147253617,55.37232
19-07-2013,19.9977065855032,83.66991
22-07-2013,19.9101359763224,78.05756
23-07-2013,20.0694079884262,74.88517
24-07-2013,19.9343281656595,49.37989
25-07-2013,20.059876625967,54.64029
26-07-2013,19.7863402878536,87.67441
29-07-2013,19.6724258736026,101.85055
30-07-2013,19.2339012068541,96.21566
31-07-2013,18.6065048280568,50.38126
01-08-2013,18.3087082392036,45.96229
02-08-2013,17.5919732175726,43.63862
05-08-2013,17.3853281170245,85.84398
06-08-2013,17.255549726816,65.87492
07-08-2013,17.4813314430836,128.68372
08-08-2013,18.5582911658056,95.32569
09-08-2013,18.1061303081698,81.2447
12-08-2013,18.5649964274539,84.80972
13-08-2013,18.3361707216133,78.55891
14-08-2013,17.8804858995315,42.3602
15-08-2013,17.9210768885181,75.86033
16-08-2013,18.7532215709384,48.60427
19-08-2013,18.5440413305777,113.08908
20-08-2013,18.9340080525877,96.34892
21-08-2013,18.3848968834494,62.34443
22-08-2013,18.1859771621673,58.66005
23-08-2013,17.9873007626851,98.12108
26-08-2013,18.198379782841,110.0998
27-08-2013,18.1334865134587,154.74768
28-08-2013,20.2709012689371,140.36304
29-08-2013,19.8060943252032,187.64
30-08-2013,19.7463163470604,122.40435
03-09-2013,19.4964352661545,105.57985
04-09-2013,18.8035763241855,50.25387
05-09-2013,18.543413235621,89.52886
06-09-2013,19.1164607257877,126.08389
09-09-2013,18.9488641911907,111.56316
10-09-2013,19.1824577246076,66.75199
11-09-2013,18.6441340496553,110.54598
12-09-2013,18.1955981448014,76.29714
13-09-2013,18.1627080990792,95.27296
16-09-2013,18.1559186176185,127.75744
17-09-2013,18.0383168557388,112.64399
18-09-2013,17.7222491944486,83.11102
19-09-2013,18.6464275414021,58.43898
20-09-2013,18.9521582847679,90.80135
23-09-2013,18.5481978531177,164.7133
24-09-2013,18.5709447198947,174.11658
25-09-2013,18.64458147,124.92651
26-09-2013,18.9661564718226,129.27094
27-09-2013,19.2828284824996,131.36656
30-09-2013,18.7610514000832,116.45746
01-10-2013,17.7819516649482,132.81522
02-10-2013,18.1888401904438,65.55722
03-10-2013,17.5974977685609,40.20857
04-10-2013,17.7457197222574,102.02981
07-10-2013,16.9823805165776,125.08997
08-10-2013,17.0620917567465,93.82889
09-10-2013,17.0839750176946,87.77541
10-10-2013,16.2189641043443,57.742
11-10-2013,16.7596096440997,66.39112
14-10-2013,16.9514452837336,85.28291
15-10-2013,17.0211350663774,102.45055
16-10-2013,16.8034911587883,66.40761
17-10-2013,17.0863802789101,63.64203
18-10-2013,17.2498843474719,72.72377
21-10-2013,17.4730707663261,133.98112
22-10-2013,18.1390211997645,70.64718
23-10-2013,18.2492219423015,88.33514
24-10-2013,18.7402782305793,60.84308
25-10-2013,18.4592573609539,50.85082
28-10-2013,19.2126746611434,73.30717
29-10-2013,19.6783098356393,65.83985
30-10-2013,19.4548540865658,88.2282
31-10-2013,19.9359377238633,60.2285
01-11-2013,20.0229101679629,64.67052
04-11-2013,19.240635497628,55.28625
05-11-2013,19.0708930640378,59.76282
06-11-2013,19.0171303820826,76.10494
07-11-2013,17.5107497372834,53.58102
08-11-2013,18.0217851736211,120.52341
11-11-2013,17.4465556538984,91.38118
12-11-2013,16.7318745039074,88.01508
13-11-2013,16.7676399067286,45.27427
14-11-2013,16.7727229146522,99.47651
15-11-2013,16.8275770886187,92.94522
18-11-2013,16.7150807234207,83.27684
19-11-2013,16.9982097598759,94.15567
20-11-2013,18.9848330094282,81.33537
21-11-2013,18.9742081043053,62.14949
22-11-2013,18.9059860099954,76.55093
25-11-2013,18.9999620248129,164.51678
26-11-2013,18.8097757562963,186.73788
27-11-2013,18.2096441741914,67.5173
29-11-2013,18.1890081434231,76.10494
02-12-2013,18.0290449699294,37.75006
03-12-2013,17.9150908798184,81.95155
04-12-2013,17.9064291392477,99.29759
05-12-2013,16.7474387372574,44.54942
06-12-2013,16.6330191209535,49.92029
09-12-2013,15.5955550638391,65.89989
10-12-2013,16.3149258901445,61.11748
11-12-2013,16.5084908355863,67.52236
12-12-2013,16.4867288183584,57.63625
13-12-2013,16.1482648811396,45.22277
16-12-2013,15.9734634655198,41.46469
17-12-2013,16.1828640012203,116.00431
18-12-2013,15.7584259719013,112.78604
19-12-2013,15.3250050715526,67.32861
20-12-2013,15.861733587473,106.17205
23-12-2013,15.3250447845541,47.47311
24-12-2013,15.6116002364896,75.74469
26-12-2013,15.5587975672013,104.82809
27-12-2013,15.6465541780575,115.0892
30-12-2013,15.9850225285449,68.65425
31-12-2013,15.4843024112604,121.70776
02-01-2014,15.5905005416621,82.12978
03-01-2014,15.5234380507634,117.95494
06-01-2014,16.0190263740117,103.51774
07-01-2014,15.7136598622137,91.53148
08-01-2014,16.3777832101219,93.82889
09-01-2014,16.4254699170439,61.47033
10-01-2014,16.224477292058,96.66303
13-01-2014,15.9482069833692,108.96605
14-01-2014,15.8866027548315,91.65207
15-01-2014,15.9584696964486,87.80299
16-01-2014,16.0563003765873,60.78106
17-01-2014,15.7866312866006,64.95231
21-01-2014,15.5383680872733,125.08997
22-01-2014,15.3998772785279,81.95155
23-01-2014,15.5285343597118,61.21788
24-01-2014,15.574162156442,106.38368
27-01-2014,17.44333445,105.46526
28-01-2014,18.3305894024784,64.61445
29-01-2014,18.9775675379104,66.80148
30-01-2014,18.7253246232454,45.55594
31-01-2014,18.8208987633519,75.71584
03-02-2014,18.681257780416,156.57631
04-02-2014,19.8905960980145,51.89401
05-02-2014,19.7710997764619,91.35379
06-02-2014,19.5983314662992,43.71917
07-02-2014,19.9328670659712,60.64197
10-02-2014,21.3867206563655,55.36325
11-02-2014,21.1302928337417,77.7022
12-02-2014,20.991949638171,59.72177
13-02-2014,20.7255982671305,68.08978
14-02-2014,21.1014598702006,61.67979
18-02-2014,20.9844239234651,95.13902
19-02-2014,22.4908499939123,85.04147
20-02-2014,21.8097296752095,115.87171
21-02-2014,21.2735323544179,116.56026
24-02-2014,20.8652577431971,69.37315
25-02-2014,20.6789064358646,61.57189
26-02-2014,20.2053609637824,71.66613
27-02-2014,21.4078890874896,65.92175
28-02-2014,21.310402579671,70.87701
03-03-2014,20.0236731965159,180.03085
04-03-2014,19.1941436466521,213.06563
05-03-2014,19.4887198525975,213.84421
06-03-2014,19.1881147982127,142.98854
07-03-2014,19.6819397752773,165.26114
10-03-2014,19.7056401505658,118.64497
11-03-2014,18.4097353472717,115.14272
12-03-2014,18.6243075429954,124.26983
13-03-2014,18.6853953285754,84.93764
14-03-2014,18.7991024293076,103.85347
17-03-2014,18.6600301566874,135.20685
18-03-2014,18.2350024368348,194.07854
19-03-2014,18.4346204629451,153.06888
20-03-2014,18.3232854085088,97.96873
21-03-2014,18.7095744166233,117.64947
24-03-2014,18.8674797494731,122.18488
25-03-2014,18.8190998675491,140.58643
26-03-2014,17.9998703128528,108.48175
27-03-2014,17.5371080168238,87.17284
28-03-2014,17.6480087191986,112.1637
31-03-2014,17.7278618878572,85.81782
01-04-2014,17.8277660965246,120.92815
02-04-2014,17.4416596878445,94.74891
03-04-2014,17.4362756881548,63.29747
04-04-2014,17.1524099868484,59.55178
07-04-2014,17.0649802863141,56.96214
08-04-2014,18.0643285511855,115.93987
09-04-2014,18.671623542268,142.43227
10-04-2014,18.8419118112786,85.10549
11-04-2014,18.7333882761453,52.94058
14-04-2014,18.9078465827592,125.00256
15-04-2014,19.0884058511759,129.56587
16-04-2014,19.4236164901018,143.85095
17-04-2014,19.5274653103016,82.81419
21-04-2014,19.1417032965529,89.93397
22-04-2014,19.2865849054332,135.4929
23-04-2014,18.7610792352524,114.79195
24-04-2014,19.0094012964992,66.78564
25-04-2014,19.0091540052952,125.74397
28-04-2014,20.0918628244516,116.31207
29-04-2014,20.2871461338435,125.7937
30-04-2014,19.9936556870944,182.0527
01-05-2014,19.7984695899271,79.18489
02-05-2014,19.7984892866516,92.11812
05-05-2014,19.7562392144964,63.87872
06-05-2014,19.6539018664559,111.76005
07-05-2014,19.8286570071408,80.20745
08-05-2014,19.3189459848084,121.40301
09-05-2014,19.333057752769,119.73136
12-05-2014,19.4551905750025,93.84045
13-05-2014,20.2974272517358,114.07518
14-05-2014,20.2216008124305,113.31475
15-05-2014,19.8805769089305,60.2285
16-05-2014,19.9826025382591,79.41087
19-05-2014,19.6433912276052,56.46422
20-05-2014,19.4411457874866,77.73952
21-05-2014,19.0015603858488,94.75307
22-05-2014,19.1813989677474,58.45708
23-05-2014,18.9207482918881,110.1741
27-05-2014,18.8933171917861,68.70511
28-05-2014,18.6696757514401,96.48255
29-05-2014,18.6208816022647,114.96981
30-05-2014,18.7327867808995,64.87748
02-06-2014,18.4434221315611,57.27783
03-06-2014,18.4050921409196,84.39663
04-06-2014,18.2329394953924,76.47483
05-06-2014,17.9368474784138,107.98065
06-06-2014,18.2187071941733,52.97283
09-06-2014,18.0516155837774,75.93279
10-06-2014,19.1142636484837,114.51898
11-06-2014,18.8375003538669,130.06401
12-06-2014,18.5011246426498,87.97422
13-06-2014,18.8319972976719,99.44562
16-06-2014,19.4040193477513,135.30911
17-06-2014,18.4990304274697,207.03548
18-06-2014,17.7837137306505,144.56343
19-06-2014,17.6195748598785,104.74522
20-06-2014,17.5776173144632,143.69585
23-06-2014,17.6210870820508,129.00125
24-06-2014,17.3937531020933,155.02164
25-06-2014,17.7042121694911,94.64479
26-06-2014,17.6317332984429,95.01925
27-06-2014,17.4451207743902,136.63879
30-06-2014,17.3037471567317,84.09904
01-07-2014,16.7137395585402,127.72338
02-07-2014,16.6525514402674,134.72165
03-07-2014,16.9879910787763,93.11002
07-07-2014,17.0162431110101,124.02749
08-07-2014,18.1835785267877,114.51898
09-07-2014,19.521138187551,109.20554
10-07-2014,18.9374744660388,75.1304
11-07-2014,19.22878863,116.42812
14-07-2014,19.2368501477706,151.02893
15-07-2014,19.1708888497302,97.30403
16-07-2014,18.4247045344529,160.08691
17-07-2014,18.1491669775276,147.45384
18-07-2014,18.2790343217328,207.27992
21-07-2014,18.6648954356385,203.44904
22-07-2014,18.4414049576683,208.98077
23-07-2014,18.65748115,217.15283
24-07-2014,18.4302245519132,119.60036
25-07-2014,18.5471249967139,180.27579
28-07-2014,18.3237589107201,149.43915
29-07-2014,18.0074956832959,169.99307
30-07-2014,18.206500847657,202.23247
31-07-2014,18.3884058812509,141.76959
01-08-2014,20.871896266717,151.29515
04-08-2014,21.1482890835357,155.69604
05-08-2014,21.0885591329319,172.5795
06-08-2014,20.1038593867027,159.54065
07-08-2014,20.136363495323,177.7291
08-08-2014,19.9756152033582,212.39644
11-08-2014,19.8115658495696,206.70422
12-08-2014,21.5030259299857,150.57126
13-08-2014,21.6242096026993,165.8466
14-08-2014,21.9889560718037,106.74224
15-08-2014,21.8094543629154,131.82234
18-08-2014,22.0217712630182,115.86087
19-08-2014,22.1586807347011,216.1545
20-08-2014,22.1794942660786,123.02522
21-08-2014,21.5844336778239,153.53732
22-08-2014,21.0581741613546,109.57603
25-08-2014,20.987043292258,167.60016
26-08-2014,21.0473262335175,118.14371
27-08-2014,20.5459769504001,143.08211
28-08-2014,20.3756355406314,97.53471
29-08-2014,20.7209053608714,157.33633
02-09-2014,21.3028221838868,219.28267
03-09-2014,21.6162906758814,184.26419
04-09-2014,21.3059051357967,219.84419
05-09-2014,20.8513048464951,117.66925
08-09-2014,20.7274552062994,147.02104
09-09-2014,20.2411947982016,110.56067
10-09-2014,22.0433872658075,131.6797
11-09-2014,21.7313884302497,118.18185
12-09-2014,21.4782236845138,168.1705
15-09-2014,21.5613485350765,112.87268
16-09-2014,23.7710004122464,157.34697
17-09-2014,23.8694752288771,159.79791
18-09-2014,23.7042852922627,118.05797
19-09-2014,23.4443139237001,132.80626
22-09-2014,23.4501425367398,80.67859
23-09-2014,23.9199750558121,179.17583
24-09-2014,23.4176429229274,146.88164
25-09-2014,23.2276953778584,107.52838
26-09-2014,24.075238748518,151.31482
29-09-2014,24.3152228471156,101.27596
30-09-2014,23.8517201627529,97.30403
01-10-2014,23.9597391718005,108.33555
02-10-2014,25.1486706050303,57.60987
03-10-2014,24.7961909538227,103.98194
06-10-2014,24.6349912467912,95.29305
07-10-2014,24.481866557526,67.60342
08-10-2014,24.9648948124781,80.98244
09-10-2014,24.3915863286622,75.36349
10-10-2014,26.3791999835919,121.70168
13-10-2014,27.1882981296817,80.67859
14-10-2014,28.5422974021112,70.29321
15-10-2014,28.3478229789722,89.52886
16-10-2014,27.7951639888085,68.58318
17-10-2014,28.4019894877316,86.50884
20-10-2014,28.2040693541317,75.86033
21-10-2014,28.3915277896326,60.7439
22-10-2014,28.1776763569259,78.49686
23-10-2014,28.2517940558279,74.28796
24-10-2014,28.3516121553515,91.68358
27-10-2014,28.0747619118127,96.68017
28-10-2014,28.204955163996,139.37872
29-10-2014,28.6271928797913,92.36564
30-10-2014,28.0113878510156,103.40234
31-10-2014,27.734886425614,89.83234
03-11-2014,28.4395731008705,80.91042
04-11-2014,28.1018338039267,79.87752
05-11-2014,28.693843106744,103.51774
06-11-2014,28.1689768116528,41.02251
07-11-2014,27.9040712286702,90.21154
10-11-2014,25.7938181899928,57.86145
11-11-2014,25.4721477066825,77.03646
12-11-2014,25.4694691517005,57.41784
13-11-2014,24.5449190722489,61.54498
14-11-2014,24.7741204931617,77.44579
17-11-2014,24.2613930705624,136.54858
18-11-2014,23.6532947781854,87.40284
19-11-2014,23.5970597178318,92.23857
20-11-2014,23.3292179515055,89.15814
21-11-2014,22.6842401396672,110.54175
24-11-2014,22.8089739794911,142.10719
25-11-2014,22.6296786446693,163.63818
26-11-2014,22.9571416909715,119.09365
28-11-2014,21.731495277811,90.86844
01-12-2014,28.026234779394,57.56437
02-12-2014,28.2934422495464,108.90633
03-12-2014,27.8843010288652,88.44234
04-12-2014,27.8032757220468,89.80893
05-12-2014,27.559023205466,62.50128
08-12-2014,26.9974607103696,109.46703
09-12-2014,28.185247879982,72.47574
10-12-2014,27.7590444864211,107.79319
11-12-2014,27.7350578893281,81.70773
12-12-2014,27.1666133258308,77.55175
15-12-2014,26.7195631233106,66.9726
16-12-2014,27.2977647100354,136.06865
17-12-2014,27.1740388852027,144.7439
18-12-2014,27.0968242623369,122.81766
19-12-2014,26.8696098565211,110.96691
22-12-2014,26.9037213137772,74.20152
23-12-2014,26.72989155,56.84593
24-12-2014,26.509599526729,123.64172
26-12-2014,26.2917798456812,114.01954
29-12-2014,26.1960314868687,92.93777
30-12-2014,25.9004398317081,69.61613
31-12-2014,25.5342474732625,93.75191
02-01-2015,24.7208092610606,106.85702
05-01-2015,24.1824674125844,100.71996
06-01-2015,25.136332498448,66.82413
07-01-2015,25.3265935117468,78.76035
08-01-2015,24.9261667240787,168.63982
09-01-2015,25.395584156281,64.71439
12-01-2015,25.028775562797,148.07835
13-01-2015,25.8705310932751,151.55539
14-01-2015,25.6455360279972,88.39126
15-01-2015,25.03222926,132.78983
16-01-2015,24.9612617679044,156.10951
20-01-2015,24.3417385762614,175.29192
21-01-2015,24.2357574558224,148.50864
22-01-2015,23.9905110646079,98.54321
23-01-2015,22.6990988009339,109.11988
26-01-2015,22.4607712239549,135.92604
27-01-2015,23.6010403141719,95.16268
28-01-2015,23.5245604974278,146.45943
29-01-2015,24.608602217094,105.28024
30-01-2015,24.3421669046682,126.52168
02-02-2015,22.7600224739488,101.1471
03-02-2015,22.508862730169,141.25117
04-02-2015,24.3085894070805,90.69612
05-02-2015,23.8343589114676,89.42815
06-02-2015,24.3276923604623,166.44029
09-02-2015,23.7145283604851,128.99406
10-02-2015,23.1298739570827,134.2285
11-02-2015,22.8698801241529,110.84525
12-02-2015,21.7172370026902,76.61225
13-02-2015,22.0468154785117,139.63985
17-02-2015,21.9632438858808,123.74534
18-02-2015,21.7700365140729,154.67242
19-02-2015,21.514618842944,143.86008
20-02-2015,21.283632309854,136.8497
23-02-2015,21.1765707136597,168.17651
24-02-2015,21.1023253763206,149.08884
25-02-2015,20.7952556305096,114.37817
26-02-2015,20.4817314330683,95.06265
27-02-2015,19.7922816384444,105.93698
02-03-2015,19.751799998733,105.46526
03-03-2015,19.0098819548553,149.37308
04-03-2015,18.1125871777536,218.31879
05-03-2015,16.4305345477514,77.48696
06-03-2015,16.1837671249552,86.04072
09-03-2015,16.7541913319954,79.82091
10-03-2015,16.8955160364801,89.77148
11-03-2015,17.9205562600057,78.04478
12-03-2015,17.2415149883705,105.6079
13-03-2015,17.0902065031419,67.84777
16-03-2015,17.6877261812111,109.2601
17-03-2015,17.464989806895,97.2922
18-03-2015,17.259191404786,117.37445
19-03-2015,17.704309041817,55.86672
20-03-2015,17.3737124106733,94.7625
23-03-2015,17.6376131653297,98.29578
24-03-2015,17.6935750380365,100.38084
25-03-2015,17.682687033164,105.37906
26-03-2015,17.9623746764515,103.40631
27-03-2015,17.3053693346828,199.2522
30-03-2015,17.6143062486038,123.2354
31-03-2015,17.4072608368376,131.05658
01-04-2015,17.0433863890591,138.92813
02-04-2015,16.7987855555898,113.84657
06-04-2015,16.9453347039788,116.78925
07-04-2015,17.2999820212269,110.12525
08-04-2015,17.1304991286996,166.7551
09-04-2015,16.7335716076806,134.8138
10-04-2015,16.7806924857992,142.1364
13-04-2015,16.9774214199484,79.22434
14-04-2015,16.909592530647,121.64796
15-04-2015,16.8577357667916,143.65727
16-04-2015,17.5376147390585,104.71764
17-04-2015,17.1728391338772,99.06004
20-04-2015,18.2730982597006,91.73264
21-04-2015,18.2505656476712,85.28291
22-04-2015,18.2177995003933,75.5888
23-04-2015,18.6004805972914,61.07771
24-04-2015,18.8533808132372,156.40453
27-04-2015,17.7770309539093,76.04173
28-04-2015,17.700277083693,46.00788
29-04-2015,17.6900291536841,84.09904
30-04-2015,17.2385812354386,52.74789
01-05-2015,17.5590150666161,76.23861
04-05-2015,17.4783523908689,70.5957
05-05-2015,16.5572750710762,44.76443
06-05-2015,16.3735145748621,99.69424
07-05-2015,16.0489657346868,64.28499
08-05-2015,16.1931173619094,71.75237
11-05-2015,16.5129361289047,118.67455
12-05-2015,16.0179247870719,62.16615
13-05-2015,16.2963452923739,114.38424
14-05-2015,16.1358581941596,77.46539
15-05-2015,15.8097912281765,95.23632
18-05-2015,15.9907229704721,112.11768
19-05-2015,15.9521654211478,128.43558
20-05-2015,15.5503040902954,71.46402
21-05-2015,14.8874336834608,56.78687
22-05-2015,14.8786121603275,84.28925
26-05-2015,14.9609589174756,37.39996
27-05-2015,16.2149104937768,83.27684
28-05-2015,15.5304715513121,55.89259
29-05-2015,15.263211074888,55.47362
01-06-2015,15.3068772305232,106.23395
02-06-2015,14.8839495340418,65.34656
03-06-2015,15.1679300458666,129.1189
04-06-2015,14.983441503769,84.12871
05-06-2015,14.8663686063062,62.50128
08-06-2015,14.6947149766223,81.79179
09-06-2015,14.2122747529476,95.46304
10-06-2015,14.2962625706882,48.58432
11-06-2015,14.788308253697,54.96517
12-06-2015,14.7307641296404,41.64371
15-06-2015,14.6804182543182,63.19684
16-06-2015,14.544643779384,114.22647
17-06-2015,14.4520637110911,79.92791
18-06-2015,14.4025064904742,83.08512
19-06-2015,15.1204204207383,44.2749
22-06-2015,15.8024357387941,90.68221
23-06-2015,16.0985518787325,103.51774
24-06-2015,16.0874221452102,84.81681
25-06-2015,16.1442741995887,131.00549
26-06-2015,15.9641232686064,81.48998
29-06-2015,15.857658612226,136.92648
30-06-2015,19.4566503592733,169.31866
01-07-2015,19.3736783762879,93.14066
02-07-2015,19.0915816976993,84.56055
06-07-2015,18.9931909151728,109.32567
07-07-2015,22.1751480558052,82.08987
08-07-2015,21.4292194049569,61.7839
09-07-2015,23.0206176098528,58.62952
10-07-2015,23.110263799752,107.38997
13-07-2015,23.5932015801191,123.06753
14-07-2015,23.8279249236643,67.70211
15-07-2015,23.6950965668864,229.978
16-07-2015,24.360509360517,117.64947
17-07-2015,24.1074037676875,146.96043
20-07-2015,23.7560289042232,125.31095
21-07-2015,23.3250790589745,193.97919
22-07-2015,22.9607647928084,152.95497
23-07-2015,22.2912369724784,87.72247
24-07-2015,22.2359433148998,113.35783
27-07-2015,22.4420416568674,171.43506
28-07-2015,22.9252468654663,132.92807
29-07-2015,22.3079945877894,99.94816
30-07-2015,22.1102930269971,74.98489
31-07-2015,21.9272413377105,72.2742
03-08-2015,21.2925809964677,28.45848
04-08-2015,21.0219325917419,155.1035
05-08-2015,20.8299968881796,77.82832
06-08-2015,20.1068104943467,128.79973
07-08-2015,21.3781740397495,90.13789
10-08-2015,21.43757814,88.92799
11-08-2015,22.3239017250134,93.79849
12-08-2015,22.4054595675595,97.42846
13-08-2015,22.2336966701825,110.11305
14-08-2015,22.0827761099172,78.32218
17-08-2015,21.6609721206874,95.60891
18-08-2015,21.1437450896217,88.54347
19-08-2015,20.4873284357393,121.07337
20-08-2015,20.9950049217745,28.84674
21-08-2015,22.7644721173722,86.26478
24-08-2015,23.0874459987963,103.35625
25-08-2015,25.6393078304335,58.11522
26-08-2015,25.2906025215403,79.10609
27-08-2015,24.9173486599732,85.70679
28-08-2015,27.2835620373911,52.8857
31-08-2015,27.4156391218037,79.24803
01-09-2015,26.1570248599581,96.32668
02-09-2015,26.7177243815652,75.71584
03-09-2015,26.230021311659,85.48562
04-09-2015,25.894071634726,98.02913
08-09-2015,25.0656817106446,117.95494
09-09-2015,24.5019635548584,142.70853
10-09-2015,24.1210391642634,143.31256
11-09-2015,23.6298833472242,118.87204
14-09-2015,23.5634451956753,79.9413
15-09-2015,23.024242146553,122.68769
16-09-2015,22.7326190100589,83.47319
17-09-2015,23.4607353083384,83.40997
18-09-2015,23.1302915142749,83.91306
21-09-2015,23.1074521386428,86.41481
22-09-2015,22.6872677269033,188.75031
23-09-2015,22.9440804620104,85.77549
24-09-2015,24.0889718477546,88.69506
25-09-2015,23.9994212398386,81.83991
28-09-2015,23.4507423279819,92.1321
29-09-2015,24.2344811181007,111.60942
30-09-2015,22.8643973111942,101.27596
01-10-2015,22.7936231001006,128.45445
02-10-2015,22.707811423223,180.35091
05-10-2015,24.6002944686034,91.09561
06-10-2015,25.5234501159307,113.13415
07-10-2015,26.1356625422588,110.68246
08-10-2015,26.2079022037069,70.63837
09-10-2015,25.4880824414667,88.38638
12-10-2015,25.4333414455856,79.315
13-10-2015,24.584026525514,80.68501
14-10-2015,25.1858463215088,105.43983
15-10-2015,24.2452809736578,84.31991
16-10-2015,24.5674748719987,90.19367
19-10-2015,23.9730856405994,85.07397
20-10-2015,23.7192030115336,70.16029
21-10-2015,23.2330549305131,69.37315
22-10-2015,23.467083317527,68.85245
23-10-2015,23.1565008971741,79.13985
26-10-2015,23.1445945609266,83.86247
27-10-2015,22.8122086736308,49.44131
28-10-2015,23.6933709224152,68.03734
29-10-2015,25.2845940828358,62.64903
30-10-2015,24.5680466141591,91.50739
02-11-2015,23.5959711718353,109.9193
03-11-2015,23.2049692856758,53.27229
04-11-2015,23.5141523296427,96.48255
05-11-2015,23.2050233973288,60.44831
06-11-2015,23.0319325636996,89.18452
09-11-2015,22.3406821437402,87.30798
10-11-2015,23.5121236400594,85.30217
11-11-2015,23.3830013149859,51.98038
12-11-2015,23.3364106707174,44.11855
13-11-2015,23.4100702696383,61.57189
16-11-2015,22.979190611352,291.98926
17-11-2015,22.3933998230816,354.05188
18-11-2015,22.4826314958892,309.49536
19-11-2015,22.1138674239113,242.89371
20-11-2015,21.8972399507302,212.19295
23-11-2015,21.7595365781264,170.00735
24-11-2015,20.9406954407166,246.83813
25-11-2015,21.3221479317597,247.61719
27-11-2015,20.7893213458492,237.59106
30-11-2015,20.5909102663489,100.22897
01-12-2015,20.3561929335273,170.49982
02-12-2015,20.6532000053917,192.69785
03-12-2015,20.5367964433071,157.92473
04-12-2015,20.3842886365392,156.33292
07-12-2015,20.0006608418566,197.36716
08-12-2015,20.7894927787038,197.98146
09-12-2015,22.1795110925945,199.49637
10-12-2015,21.4745482898104,147.40721
11-12-2015,21.6648607984138,150.00307
14-12-2015,23.7042946788954,119.41858
15-12-2015,23.2341148044661,142.25751
16-12-2015,23.2956257308786,170.60434
17-12-2015,26.0004783573137,162.97997
18-12-2015,25.5044871397812,134.47501
21-12-2015,25.1222857405826,165.01721
22-12-2015,24.7706870300138,143.27715
23-12-2015,24.828308698876,73.73867
24-12-2015,24.8830915120184,111.12447
28-12-2015,24.7967234106771,147.82249
29-12-2015,23.8194736158782,109.34689
30-12-2015,23.7672975958656,141.56273
31-12-2015,24.1963753489799,70.10725
04-01-2016,23.8732836327069,133.57127
05-01-2016,23.7264900364179,205.15903
06-01-2016,23.7066480559091,161.46933
07-01-2016,24.0069924509498,205.20331
08-01-2016,28.106549071162,181.01463
11-01-2016,27.585592032403,95.24955
12-01-2016,28.3032327200354,106.38904
13-01-2016,28.482807638543,139.33461
14-01-2016,28.0734265472005,125.47605
15-01-2016,27.646847119942,112.73136
19-01-2016,29.5865285351059,154.42046
20-01-2016,28.5109102469244,194.3373
21-01-2016,27.9852058311279,87.86652
22-01-2016,27.9614142983497,110.86237
25-01-2016,29.7899798149011,82.81419
26-01-2016,30.0137176451363,72.01234
27-01-2016,29.9059332792303,93.97355
28-01-2016,29.3818184599065,76.83791
29-01-2016,28.5097269324765,83.25236
01-02-2016,29.3429324771192,132.70688
02-02-2016,28.8728528319515,103.51774
03-02-2016,30.0593237138967,104.03104
04-02-2016,29.7471520008146,96.65318
05-02-2016,29.6336791056022,109.37724
08-02-2016,29.7665935687458,139.53093
09-02-2016,30.5374459257479,77.60042
10-02-2016,30.0767420275034,99.32736
11-02-2016,29.232757632815,118.47524
12-02-2016,29.4096765785857,106.14369
16-02-2016,29.5087359187693,128.85191
17-02-2016,30.1776942750703,134.09195
18-02-2016,30.9913092255099,118.95961
19-02-2016,30.7041546194023,161.58867
22-02-2016,29.902386881404,104.66248
23-02-2016,30.5400844114237,150.35768
24-02-2016,30.3221325474237,115.61314
25-02-2016,30.0146142903588,57.18909
26-02-2016,30.0492086021919,88.87377
29-02-2016,29.3442507913349,59.73483
01-03-2016,29.1647593121925,123.2354
02-03-2016,29.0981329401885,81.85124
03-03-2016,29.4772458589057,131.77567
04-03-2016,29.6049371283733,72.01234
07-03-2016,28.5867010040311,67.18156
08-03-2016,27.7246665053376,103.05766
09-03-2016,28.2050197057662,91.76087
10-03-2016,28.8243019942537,99.94816
11-03-2016,28.264646664103,58.51003
14-03-2016,28.9393346033777,134.7485
15-03-2016,27.9986470121898,132.5027
16-03-2016,28.1815714250522,100.38084
17-03-2016,27.5569859626349,79.66935
18-03-2016,29.1209611810078,104.46994
21-03-2016,28.6762673645753,112.46371
22-03-2016,28.024297071461,76.37044
23-03-2016,27.6242962005695,245.37538
24-03-2016,29.0048880910076,141.84798
28-03-2016,28.1262476077841,157.18687
29-03-2016,27.645511503988,168.95631
30-03-2016,27.2832671708063,140.47826
31-03-2016,26.7311827345233,131.27745
01-04-2016,26.4350177781321,156.70491
04-04-2016,26.337770110825,113.14272
05-04-2016,26.1382491933704,89.2608
06-04-2016,26.2115895777999,101.51418
07-04-2016,25.8379822730224,93.87843
08-04-2016,25.845441813389,46.47735
11-04-2016,25.6713104418242,95.73895
12-04-2016,25.9157920497214,79.82091
13-04-2016,26.5168615255748,97.70214
14-04-2016,26.394481799517,96.78153
15-04-2016,26.3140017519152,86.41481
18-04-2016,26.1472455978454,52.3037
19-04-2016,26.0667426370636,90.24624
20-04-2016,25.6187950895228,93.18053
21-04-2016,25.0517295776425,93.31177
22-04-2016,24.8625488448807,76.7216
25-04-2016,24.2935061855057,80.27224
26-04-2016,24.8560699063039,80.30467
27-04-2016,24.6986896243862,74.16196
28-04-2016,24.9941497269349,105.86102
29-04-2016,24.0723476507909,77.53735
02-05-2016,22.8679145210385,99.31861
03-05-2016,23.7204238966465,71.12875
04-05-2016,26.4644803970404,104.36857
05-05-2016,25.5725007695317,103.82675
06-05-2016,25.794324490254,79.36795
09-05-2016,25.5326929295174,100.38084
10-05-2016,25.3365004152773,72.80369
11-05-2016,24.7914460906101,113.59469
12-05-2016,24.2778639230347,101.35812
13-05-2016,23.7530568655379,88.21751
16-05-2016,23.6095502564547,66.8686
17-05-2016,23.5607590745551,88.40447
18-05-2016,23.3334152054944,92.40077
19-05-2016,23.0191263977978,73.92062
20-05-2016,23.1661383751442,115.90248
23-05-2016,23.643984960579,121.70776
24-05-2016,23.2276902467486,86.67697
25-05-2016,22.955895676327,75.74469
26-05-2016,23.0297244546737,68.91611
27-05-2016,22.808214234385,81.85124
31-05-2016,22.4547746040246,141.11044
01-06-2016,21.2692533289348,100.8392
02-06-2016,20.8143133437531,94.64479
03-06-2016,20.6295303389329,144.19884
06-06-2016,19.8126685655703,101.40514
07-06-2016,21.0848254921199,79.22434
08-06-2016,19.7869938313906,76.7216
09-06-2016,19.6200428936805,61.34385
10-06-2016,20.6552426501358,62.16615
13-06-2016,23.1612016354417,93.31177
14-06-2016,23.3728885274266,108.35502
15-06-2016,23.8401513271367,129.70898
16-06-2016,23.5932103851219,78.98128
17-06-2016,23.2608526058431,99.28677
20-06-2016,22.6700978370974,90.82847
21-06-2016,23.3404392288199,116.31918
22-06-2016,23.1580020137967,104.51173
23-06-2016,22.6174716251694,106.85702
24-06-2016,23.0482400333983,67.60342
27-06-2016,27.9118797377839,109.86958
28-06-2016,28.7083857722637,96.44184
29-06-2016,30.2919421550567,151.01411
30-06-2016,31.6257316119606,134.2285
01-07-2016,30.5397009079234,112.06251
05-07-2016,30.2996595437477,98.27862
06-07-2016,30.5939907637045,107.64622
07-07-2016,30.1223385677749,141.47932
08-07-2016,29.6812958048869,131.02864
11-07-2016,29.7569771880836,90.24624
12-07-2016,29.5034943295161,114.82037
13-07-2016,29.2016302217929,57.69349
14-07-2016,28.5919870353928,109.42416
15-07-2016,28.4598683494633,91.61395
18-07-2016,27.4565889491835,158.04234
19-07-2016,26.8400353209002,190.24883
20-07-2016,26.8294742664441,104.29373
21-07-2016,26.8590746518582,146.57379
22-07-2016,26.8078521335903,150.14471
25-07-2016,26.6015714612476,100.57131
26-07-2016,26.4688647781451,81.79179
27-07-2016,26.3905962035556,99.42937
28-07-2016,26.0519065174341,90.89362
29-07-2016,24.9693316861001,107.76387
01-08-2016,24.603467947937,98.58833
02-08-2016,24.5613708720597,126.30241
03-08-2016,24.9677108265478,118.50754
04-08-2016,24.4069082437304,154.44447
05-08-2016,24.2090067069778,93.31177
08-08-2016,23.9952883734067,116.02689
09-08-2016,23.8839899231502,114.03922
10-08-2016,22.8389241238874,116.23045
11-08-2016,22.6569697700421,97.57951
12-08-2016,22.109783570765,112.60854
15-08-2016,21.9105224901098,97.81204
16-08-2016,22.4166807912276,95.12441
17-08-2016,22.0465543663109,61.15509
18-08-2016,21.8069349302957,118.65913
19-08-2016,22.9026812746932,78.40397
22-08-2016,21.8606634879893,84.60389
23-08-2016,21.397765697747,89.98486
24-08-2016,21.6120109056838,139.23227
25-08-2016,22.1509962901208,176.96521
26-08-2016,22.0334238595852,80.30467
29-08-2016,21.8404175127305,151.19604
30-08-2016,21.5800699608262,79.747
31-08-2016,20.4004078817327,86.18062
01-09-2016,20.7252090756061,72.01234
02-09-2016,20.3220888485077,77.37384
06-09-2016,20.5385637150627,91.33918
07-09-2016,20.440813953232,91.87399
08-09-2016,20.1799725961395,60.41157
09-09-2016,20.1383497313222,116.91416
12-09-2016,23.4854245096381,137.54607
13-09-2016,23.269580730037,122.25645
14-09-2016,24.338368175984,115.5547
15-09-2016,24.3948954548878,99.23526
16-09-2016,24.5090870571272,51.03395
19-09-2016,24.2425492512287,255.72784
20-09-2016,24.6628010239503,183.10677
21-09-2016,24.1705980793973,162.74104
22-09-2016,24.3825868367393,95.46304
23-09-2016,24.2629963851726,100.24876
26-09-2016,24.4662222575407,133.84113
27-09-2016,23.6748430249659,83.86247
28-09-2016,23.3599212891625,115.89158
29-09-2016,23.6524724863377,104.6553
30-09-2016,23.484041307788,120.28876
03-10-2016,23.4125928328036,64.83674
04-10-2016,22.591410198011,147.3465
05-10-2016,22.3200124369913,119.91196
06-10-2016,22.5085883928766,92.69335
07-10-2016,22.3107100327946,25.31899
10-10-2016,22.9811820333375,90.01543
11-10-2016,22.8476833553841,85.37546
12-10-2016,23.6778271955836,101.6125
13-10-2016,23.4581345555668,112.53922
14-10-2016,23.1634277831237,93.18053
17-10-2016,23.0561641246071,128.75705
18-10-2016,23.0664857912763,114.42376
19-10-2016,23.0719371634036,112.19987
20-10-2016,23.0859702081055,115.5547
21-10-2016,22.8889760266883,78.98128
24-10-2016,22.4435510782519,86.04072
25-10-2016,22.4358190291696,71.29699
26-10-2016,23.0374095101919,96.9532
27-10-2016,22.9736194215604,99.0939
28-10-2016,22.9350907182056,82.20971
31-10-2016,22.9207298142553,63.81479
01-11-2016,22.1504917041449,89.67142
02-11-2016,22.483473171003,77.03646
03-11-2016,22.6805405815597,62.05098
04-11-2016,23.8283258907484,48.21787
07-11-2016,23.7607190255595,66.01131
08-11-2016,24.4583366510423,89.67142
09-11-2016,24.3088545229696,50.19042
10-11-2016,24.7583578378121,71.23801
11-11-2016,25.451515722063,94.90303
14-11-2016,24.76288507,153.25046
15-11-2016,24.3693793954605,81.45658
16-11-2016,23.5885146285424,106.85702
17-11-2016,23.3108758136128,59.95598
18-11-2016,23.0970701939196,92.14375
21-11-2016,22.8603166958117,118.51763
22-11-2016,23.1393162482842,100.06166
23-11-2016,22.8078017800829,75.68257
25-11-2016,22.3270663755527,76.48913
28-11-2016,21.9356978888703,111.19926
29-11-2016,21.761881544873,145.42979
30-11-2016,21.2797591508168,120.17202
01-12-2016,21.4038205171283,146.61433
02-12-2016,21.2799641495618,64.86147
05-12-2016,20.4503764509756,85.22901
06-12-2016,20.2257995521136,68.57227
07-12-2016,19.3787474084913,103.34776
08-12-2016,19.8372506575382,75.39987
09-12-2016,19.0470314686216,71.08514
12-12-2016,18.9699771961551,95.49745
13-12-2016,19.1095187186422,137.07176
14-12-2016,18.7537706741531,110.94724
15-12-2016,18.7768553760474,108.93347
16-12-2016,18.1389005039293,107.9165
19-12-2016,17.914139419751,85.88138
20-12-2016,17.5732137341215,114.6426
21-12-2016,17.4712029566837,195.18497
22-12-2016,17.2467397252515,125.21734
23-12-2016,16.8232912706933,182.83653
27-12-2016,16.4879061624558,90.86844
28-12-2016,15.9136879860313,127.40646
29-12-2016,15.6069268359829,98.78432
30-12-2016,15.4703799982735,206.66643
03-01-2017,15.3987725817072,121.97439
04-01-2017,15.0832480817301,108.89063
05-01-2017,15.6103278875505,68.13826
06-01-2017,15.5006738240343,129.06108
09-01-2017,15.2625880872863,161.0276
10-01-2017,14.6648081230143,66.47293
11-01-2017,14.6598884356439,137.61409
12-01-2017,14.6657484889903,129.81033
13-01-2017,14.6015270120375,127.0445
17-01-2017,14.8516303690203,100.71996
18-01-2017,14.2311336036166,102.49857
19-01-2017,14.3812130397998,125.66645
20-01-2017,14.4814753217063,104.6553
23-01-2017,15.014750342627,111.45087
24-01-2017,15.0376649446497,96.9781
25-01-2017,15.5043861283628,104.37609
26-01-2017,15.7121617105618,111.43195
27-01-2017,15.7568857403913,119.15711
30-01-2017,15.7463454032912,166.48955
31-01-2017,16.5609937925839,188.69057
01-02-2017,16.4366195058522,150.57126
02-02-2017,16.8462328434545,166.10297
03-02-2017,16.6322657633644,184.03154
06-02-2017,17.3730277139898,83.56026
07-02-2017,17.6096791277171,184.34187
08-02-2017,17.4632969928901,101.92516
09-02-2017,17.3445549374747,92.30064
10-02-2017,17.2005870352407,212.40894
13-02-2017,17.6955604118398,132.02263
14-02-2017,17.7210929380719,185.85364
15-02-2017,17.6989622428664,118.85968
16-02-2017,17.4575030055256,127.40646
17-02-2017,17.1016695426127,88.5215
21-02-2017,16.5497174016307,139.23227
22-02-2017,16.8839783955702,95.24955
23-02-2017,17.1053748315227,59.77566
24-02-2017,16.549128104494,90.82076
27-02-2017,16.772975130384,81.36131
28-02-2017,16.6533768069935,69.56927
01-03-2017,16.910241472709,130.10085
02-03-2017,17.1762242147571,114.54246
03-03-2017,17.1465704937219,64.77087
06-03-2017,16.6424031879099,117.25903
07-03-2017,16.5385029883754,141.88922
08-03-2017,16.4795089162449,111.12447
09-03-2017,16.6201260706355,123.03823
10-03-2017,16.4297387203474,71.80421
13-03-2017,15.9501221938822,78.4703
14-03-2017,15.9920901468837,59.83292
15-03-2017,16.4314577147624,95.86208
16-03-2017,17.4034615073747,80.57597
17-03-2017,17.135542559726,97.03927
20-03-2017,17.0181826434958,140.57021
21-03-2017,16.8243223333462,81.21883
22-03-2017,19.4040138997775,156.49927
23-03-2017,19.2608588375777,131.1908
24-03-2017,18.7786628202007,177.37338
27-03-2017,18.7654200730325,116.55331
28-03-2017,18.5026181086765,87.32604
29-03-2017,18.7990320505846,93.54427
30-03-2017,18.7847531882884,75.6294
31-03-2017,18.1721392416213,118.13721
03-04-2017,18.2198900942667,79.89495
04-04-2017,17.5821697828497,150.57126
05-04-2017,17.0587656241166,125.19941
06-04-2017,14.7504958588196,124.10196
07-04-2017,14.8325351158218,143.82297
10-04-2017,14.7428625357599,134.95645
11-04-2017,15.0467969592539,97.26019
12-04-2017,14.1533812630534,171.33971
13-04-2017,13.8008788544338,156.74611
17-04-2017,14.0523063685711,111.51218
18-04-2017,13.9880815371176,106.66587
19-04-2017,14.156446148611,152.96889
20-04-2017,14.581632628866,178.7735
21-04-2017,14.3767560824618,130.75925
24-04-2017,14.0547355985501,142.73181
25-04-2017,15.2635365702359,61.82086
26-04-2017,15.631594099012,92.15798
27-04-2017,15.3820695212097,104.4974
28-04-2017,14.9124113939192,126.36498
01-05-2017,14.6472911750257,126.25031
02-05-2017,14.6615435107324,126.74172
03-05-2017,14.6527402167283,109.72227
04-05-2017,14.5651413502892,95.95024
05-05-2017,16.6267770970933,76.30576
08-05-2017,17.1364025851706,72.80369
09-05-2017,17.023667730264,77.812
10-05-2017,16.8130800980608,123.99986
11-05-2017,16.7927294128447,99.90283
12-05-2017,16.2779768123842,78.9882
15-05-2017,16.1416530165039,75.42849
16-05-2017,16.6478641407318,74.92075
17-05-2017,16.3773438339219,97.42846
18-05-2017,18.7801246133858,97.73103
19-05-2017,15.3334839630825,75.71584
22-05-2017,15.6938248699516,143.48222
23-05-2017,15.5451754315685,139.23227
24-05-2017,15.4148581026189,181.95041
25-05-2017,15.3063598820984,146.43973
26-05-2017,14.8645191705926,218.06873
30-05-2017,15.1727862583235,128.18491
31-05-2017,15.1184546817358,157.74132
01-06-2017,14.924210100533,90.67248
02-06-2017,14.9339877622607,88.57133
05-06-2017,14.3698361473584,276.60953
06-06-2017,14.7656559092152,227.27736
07-06-2017,14.6291450093907,245.95683
08-06-2017,14.6230918990149,182.93285
09-06-2017,14.7324740952781,121.29351
12-06-2017,14.4277404355408,144.5484
13-06-2017,14.2102472551513,107.03876
14-06-2017,14.3440591259849,77.39644
15-06-2017,13.5126554815036,108.01851
16-06-2017,13.8835953777825,105.6181
19-06-2017,13.7086785847602,171.0121
20-06-2017,13.7799646860523,204.19937
21-06-2017,14.8603361494032,180.24266
22-06-2017,15.1589606047216,210.32178
23-06-2017,15.1642917711297,107.30853
26-06-2017,15.6193831769611,128.39409
27-06-2017,15.5946203769492,106.09647
28-06-2017,15.4524992594264,110.05208
29-06-2017,15.8761998661574,103.35625
30-06-2017,16.3291752168937,102.60165
03-07-2017,16.4765609791285,120.57239
05-07-2017,16.350316308502,208.90067
06-07-2017,17.0679640638019,177.17137
07-07-2017,16.843205862624,115.72289
10-07-2017,16.8741320077913,98.00496
11-07-2017,15.8888150269616,112.5023
12-07-2017,15.6272493470623,94.16999
13-07-2017,16.4017901462014,55.37727
14-07-2017,16.0784414736525,93.10471
17-07-2017,15.7574628627499,113.99524
18-07-2017,15.6494887841022,140.66104
19-07-2017,15.6629000716932,67.03341
20-07-2017,16.1764905825909,114.76612
21-07-2017,16.0864393075214,80.10477
24-07-2017,15.3875269670684,53.32101
25-07-2017,15.4185862223596,100.20222
26-07-2017,15.2817506384047,125.10518
27-07-2017,15.141481258094,107.20284
28-07-2017,15.3788365589769,113.88499
31-07-2017,15.349045634636,170.75092
01-08-2017,15.2941858380279,198.39336
02-08-2017,15.5700865970626,145.28806
03-08-2017,15.6600994931538,135.80937
04-08-2017,15.7551417693691,95.55484
07-08-2017,15.4996571125363,127.92436
08-08-2017,15.7671696403272,169.7141
09-08-2017,16.0609251573862,136.29527
10-08-2017,15.8670554646722,215.31689
11-08-2017,17.772876958873,145.50078
14-08-2017,17.6185018544596,202.681
15-08-2017,17.6879635148596,232.35637
16-08-2017,17.6117940270434,159.36752
17-08-2017,17.4078784984922,102.84116
18-08-2017,18.1270737601503,138.91414
21-08-2017,18.604732799627,177.33231
22-08-2017,18.9239506924537,250.00511
23-08-2017,19.2186452924128,149.31441
24-08-2017,18.855645402642,95.28536
25-08-2017,18.2280385898099,86.63638
28-08-2017,17.6768098389297,126.3831
29-08-2017,17.6083864581024,85.88138
30-08-2017,17.5721389890845,142.64645
31-08-2017,17.4533475340965,121.70776
01-09-2017,17.9507933236239,133.69107
05-09-2017,18.0482390999923,188.14928
06-09-2017,18.342075999786,202.49239
07-09-2017,17.9511534536709,152.65289
08-09-2017,18.1411367804233,132.6993
11-09-2017,18.1703112625526,63.70323
12-09-2017,19.1241434959629,125.10518
13-09-2017,19.0268047839985,138.88095
14-09-2017,19.2477151023968,84.80173
15-09-2017,18.0053305688223,120.09309
18-09-2017,17.9843260400932,172.77782
19-09-2017,17.9402477098964,129.6927
20-09-2017,18.0453108597694,162.99936
21-09-2017,17.462927481035,139.58957
22-09-2017,17.5349427580365,107.48745
25-09-2017,16.5627031284003,55.3941
26-09-2017,17.5740402862182,133.39198
27-09-2017,17.7914882742918,132.11127
28-09-2017,17.6961812454468,150.3508
29-09-2017,18.7730998194463,72.12434
02-10-2017,17.8724043420191,148.87946
03-10-2017,17.3188615756907,90.38383
04-10-2017,17.1546332906275,108.68005
05-10-2017,16.8719654297701,83.91306
06-10-2017,16.6682114694649,151.47722
09-10-2017,16.0416531727823,61.34385
10-10-2017,15.8767752635126,95.95599
11-10-2017,16.7505061639204,115.25686
12-10-2017,16.3460647661435,85.92912
13-10-2017,16.1597797624621,68.3418
16-10-2017,16.0116137657613,111.01098
17-10-2017,15.7101203769378,108.01851
18-10-2017,15.7348107821639,118.03403
19-10-2017,15.7420528563564,121.04388
20-10-2017,15.8544881218874,72.26038
23-10-2017,15.7437128621314,104.00526
24-10-2017,15.8707273706518,110.12525
25-10-2017,15.42917672,119.09365
26-10-2017,16.2187360824114,83.75645
27-10-2017,16.4526878402186,94.87067
30-10-2017,17.7090007054341,97.42846
31-10-2017,17.202406632018,68.25346
01-11-2017,16.4546523837884,75.86033
02-11-2017,16.3539321513569,188.31134
03-11-2017,15.9886918913715,88.2282
06-11-2017,16.1414013955026,132.5027
07-11-2017,16.0342600347661,113.5274
08-11-2017,16.0074749651891,181.08704
09-11-2017,14.4226746022992,109.60703
10-11-2017,13.5077558500301,107.60081
13-11-2017,13.3083923393133,83.04487
14-11-2017,13.1424545336548,111.65958
15-11-2017,13.6393240639126,71.92548
16-11-2017,14.0229538518153,119.26783
17-11-2017,14.2298872729037,49.2716
20-11-2017,14.3924352620605,57.0313
21-11-2017,14.1281448805243,144.83723
22-11-2017,14.1876730702075,143.44
24-11-2017,14.0128131466356,74.12739
27-11-2017,14.2531298399718,164.17973
28-11-2017,14.4347945569383,101.45014
29-11-2017,14.505593209597,99.8546
30-11-2017,14.4774870358714,111.56316
01-12-2017,14.0459049310564,110.03947
04-12-2017,13.8882782836097,64.41104
05-12-2017,14.2579610016961,133.23781
06-12-2017,14.1743652858101,109.02122
07-12-2017,13.9944043642055,64.61445
08-12-2017,14.3298730985501,89.09106
11-12-2017,13.8790058696614,142.69522
12-12-2017,14.0110036831372,97.67828
13-12-2017,14.4423735837982,80.26045
14-12-2017,13.5995935232596,104.0834
15-12-2017,13.0546976596748,90.98188
18-12-2017,12.8147969768086,67.39183
19-12-2017,13.4407075826408,78.63662
20-12-2017,13.4872792883068,93.04966
21-12-2017,13.678405793386,94.13251
22-12-2017,13.4536447179161,69.98383
26-12-2017,13.1575506691013,97.95227
27-12-2017,13.016411418598,115.5547
28-12-2017,13.4632167922394,128.4807
29-12-2017,13.3198386121327,121.56211
02-01-2018,13.3414572301944,188.69057
03-01-2018,15.0270766861206,138.02365
04-01-2018,14.4481704455317,146.35793
05-01-2018,14.2247927248248,66.51742
08-01-2018,13.8652816036884,82.17222
09-01-2018,13.7773424025803,77.14198
10-01-2018,13.6483422261613,71.72
11-01-2018,14.0468737385575,95.51309
12-01-2018,14.3792539897723,167.51291
16-01-2018,14.2453496672595,58.7495
17-01-2018,12.8416553464444,128.25696
18-01-2018,13.0503387207729,82.81419
19-01-2018,12.8783752709472,102.11368
22-01-2018,12.8463896644305,129.99902
23-01-2018,12.7370964305151,129.00125
24-01-2018,12.6022306388192,136.35266
25-01-2018,11.8381978757022,82.48858
26-01-2018,12.1744075860844,65.83985
29-01-2018,11.7769072484877,76.44387
30-01-2018,10.1207911650263,95.89011
31-01-2018,11.5181601947087,102.40994
01-02-2018,11.3399044329762,52.32488
02-02-2018,11.0379162974078,30.99479
05-02-2018,12.8433387857428,84.57619
06-02-2018,15.32300623,56.73699
07-02-2018,15.082030133341,76.44387
08-02-2018,14.8307395147528,93.48351
09-02-2018,16.5006316297399,72.09942
12-02-2018,15.6503051660308,124.49918
13-02-2018,15.7192175052918,73.42066
14-02-2018,15.6052520752692,37.50077
15-02-2018,16.5583253138899,69.69511
16-02-2018,16.9657829813315,53.11697
20-02-2018,16.8844961097806,91.38118
21-02-2018,16.5280279765413,72.11686
22-02-2018,16.041554320168,53.79
23-02-2018,15.7360425920255,74.92713
26-02-2018,15.4786855791184,90.38383
27-02-2018,15.3530267429807,65.5954
28-02-2018,15.9476865472397,70.12908
01-03-2018,16.1374912362531,93.70772
02-03-2018,16.6822713500104,151.31482
05-03-2018,16.5274559205508,108.14913
06-03-2018,16.459671974346,88.45308
07-03-2018,16.0077146563393,134.17996
08-03-2018,16.4744356714018,106.09647
09-03-2018,16.3707781915871,101.20654
12-03-2018,18.0596696710832,135.90022
13-03-2018,18.1175293289549,119.58729
14-03-2018,18.6007932516333,94.99883
15-03-2018,18.1560941249858,189.40984
16-03-2018,17.9184470283804,173.33203
19-03-2018,17.2887504352667,95.18873
20-03-2018,17.0885001987272,134.78366
21-03-2018,16.9159339668592,171.26201
22-03-2018,16.9574052342642,162.07074
23-03-2018,17.8033787140764,84.11599
26-03-2018,17.3291052351489,81.37811
27-03-2018,18.1880951565159,90.82076
28-03-2018,19.2014492802531,91.53148
29-03-2018,19.4483068053047,176.90616
02-04-2018,19.5256662973457,139.22386
03-04-2018,20.5300637595966,105.72025
04-04-2018,20.358855442084,70.66811
05-04-2018,19.9982284165208,69.1018
06-04-2018,19.861958689549,100.50266
09-04-2018,20.1707409197061,102.21107
10-04-2018,19.2516033021602,213.29279
11-04-2018,19.5823586903425,102.49281
12-04-2018,19.5183126588347,296.52142
13-04-2018,19.6353234580365,117.60596
16-04-2018,19.4157679,194.28549
17-04-2018,18.8806035915221,178.36903
18-04-2018,19.7904014890526,234.35854
19-04-2018,19.1696712499804,214.13696
20-04-2018,19.3522861223569,71.0682
23-04-2018,19.5433832888726,88.5215
24-04-2018,19.4162625881639,150.57126
25-04-2018,17.9830799798392,193.12814
26-04-2018,17.617514193355,146.26923
27-04-2018,17.9074147399629,91.80326
30-04-2018,17.6921726862954,134.54407
01-05-2018,17.684470664986,155.34799
02-05-2018,17.4765731547898,186.62354
03-05-2018,17.2492842417259,125.34039
04-05-2018,16.5757588910557,139.01663
07-05-2018,16.3578468239879,79.70087
08-05-2018,16.2704282374273,125.36646
09-05-2018,15.6909927847343,284.18811
10-05-2018,16.0113167539715,233.39476
11-05-2018,16.4295027110173,163.63286
14-05-2018,15.8309713578553,125.7325
15-05-2018,15.4368691067777,112.64399
16-05-2018,15.545124588984,150.57126
17-05-2018,15.479656218949,152.69197
18-05-2018,15.0733805520422,92.46245
21-05-2018,14.85847827,125.66645
22-05-2018,15.3093626783948,81.85124
23-05-2018,14.7505263359984,179.17032
24-05-2018,14.5960111903242,153.59023
25-05-2018,14.3778477199033,140.5562
29-05-2018,15.2926451030716,71.23801
30-05-2018,15.0675629143366,141.90927
31-05-2018,15.108236555761,92.13764
01-06-2018,15.1326060044911,186.23288
04-06-2018,15.0601698620583,146.1427
05-06-2018,14.72945437,178.03703
06-06-2018,14.5654690550705,108.60877
07-06-2018,14.3569868201756,88.72949
08-06-2018,14.1247423967354,116.16471
11-06-2018,14.035645919418,135.01004
12-06-2018,13.9200257603666,155.88554
13-06-2018,13.1576424823282,140.87469
14-06-2018,13.1282835075177,188.4875
15-06-2018,13.4650322674487,69.98383
18-06-2018,14.1550673589655,47.07784
19-06-2018,13.9711801873861,99.42223
20-06-2018,14.0693971420643,121.33948
21-06-2018,14.1522938297316,93.59835
22-06-2018,14.5648644897501,57.31086
25-06-2018,15.1529670822117,87.78074
26-06-2018,15.0972649377053,137.23494
27-06-2018,15.4340379426461,130.60303
28-06-2018,16.2300343997749,88.44234
29-06-2018,16.0622147241762,141.04144
02-07-2018,16.1120189907714,123.02522
03-07-2018,15.936324047044,146.8174
05-07-2018,15.9158096720923,119.57129
06-07-2018,16.120562092683,128.33192
09-07-2018,15.9886566727711,170.46594
10-07-2018,14.9792492515837,121.8816
11-07-2018,14.660866578307,125.24702
12-07-2018,14.5510933670759,172.86458
13-07-2018,14.788224590877,125.47605
16-07-2018,14.5815393997613,168.76254
17-07-2018,14.635900764558,100.79736
18-07-2018,14.6267104758423,88.57133
19-07-2018,14.921401825362,143.05286
20-07-2018,14.0822734723415,54.09972
23-07-2018,13.2585647542129,161.70819
24-07-2018,13.4837885058093,161.12633
25-07-2018,13.3270352019373,105.16089
26-07-2018,13.3426083263234,107.87195
27-07-2018,12.9709319792291,119.33474
30-07-2018,12.8513284012815,118.85968
31-07-2018,12.7426986273275,109.94092
01-08-2018,12.9173449963274,140.02928
02-08-2018,12.8325367055594,121.8816
03-08-2018,12.9440288553468,147.88249
06-08-2018,12.7244540411895,162.54562
07-08-2018,12.3094905446432,200.45795
08-08-2018,12.2121449381821,129.06108
09-08-2018,12.2680283015438,170.88643
10-08-2018,13.6628646962361,121.93501
13-08-2018,13.7186583193288,142.47603
14-08-2018,13.7642173943045,136.39986
15-08-2018,13.5989149759206,111.3875
16-08-2018,14.5438173014286,128.16483
17-08-2018,14.2389536226067,107.13349
20-08-2018,14.4024279724222,106.85702
21-08-2018,14.4828085031141,152.00073
22-08-2018,14.2647630736349,119.3288
23-08-2018,13.9456147605446,120.28876
24-08-2018,13.8032711420889,44.464
27-08-2018,13.6060368544142,109.45876
28-08-2018,14.0611609031604,134.43863
29-08-2018,14.045256012587,139.90408
30-08-2018,14.2388107426301,86.16505
31-08-2018,14.1495609633963,62.0331
04-09-2018,13.6710007199894,14.36084
05-09-2018,13.367530550379,85.92912
06-09-2018,13.297851118995,97.68966
07-09-2018,13.1872384019524,87.86652
10-09-2018,12.7618637309487,55.42262
11-09-2018,12.7752889953685,81.84498
12-09-2018,11.9095689298738,80.89298
13-09-2018,11.5879698202941,68.56544
14-09-2018,11.5621617814132,118.30599
17-09-2018,11.2960054103133,91.08363
18-09-2018,10.9603685116081,105.00935
19-09-2018,11.1216235463465,58.62952
20-09-2018,11.2250636011124,107.92827
21-09-2018,11.4363900222124,113.79049
24-09-2018,11.2969718559965,143.44
25-09-2018,11.5538574839727,95.44012
26-09-2018,12.1364211363667,110.15665
27-09-2018,11.9490986780763,73.69881
28-09-2018,12.0188931330119,81.45658
01-10-2018,12.4364406849188,120.77069
02-10-2018,12.3044244775123,36.00617
03-10-2018,12.2307570888257,94.41998
04-10-2018,11.6795892639836,69.01183
05-10-2018,13.5919629060406,78.21883
08-10-2018,12.4901106135474,49.10815
09-10-2018,11.1625680928021,95.8775
10-10-2018,11.3705792715265,104.1961
11-10-2018,14.4541420207039,130.70551
12-10-2018,15.5662457872113,87.06868
15-10-2018,15.4789686392059,122.86272
16-10-2018,15.480971437673,134.61813
17-10-2018,16.6596622172522,117.82047
18-10-2018,16.4234488756171,127.05739
19-10-2018,16.3625081688399,106.19822
22-10-2018,16.1692907042649,83.91838
23-10-2018,16.1696443266421,108.82285
24-10-2018,14.8068503306231,127.5817
25-10-2018,16.7359441534601,141.05127
26-10-2018,16.2532249460521,159.10117
29-10-2018,15.5160696326469,94.36099
30-10-2018,15.4009035526784,109.74151
31-10-2018,14.8513938303508,81.52692
01-11-2018,14.7226299263139,101.45014
02-11-2018,15.1145081763906,103.39347
05-11-2018,15.0611308461934,114.68276
06-11-2018,14.07507551,62.58562
07-11-2018,13.1885762942999,140.43304
08-11-2018,12.4629199053625,60.81826
09-11-2018,12.3185596668141,114.37254
12-11-2018,12.7096829702003,42.74281
13-11-2018,13.0228293795488,142.28479
14-11-2018,12.7902446488071,33.376
15-11-2018,12.6108785254821,106.85702
16-11-2018,12.3541655191541,44.54553
19-11-2018,12.4208561307759,55.67341
20-11-2018,12.690874191048,58.04249
21-11-2018,13.3314028693864,84.62764
23-11-2018,13.2823177127164,135.29591
26-11-2018,13.9182754184044,101.25752
27-11-2018,13.4096502648643,129.90462
28-11-2018,13.3679061585736,100.89038
29-11-2018,13.6646664981036,96.01646
30-11-2018,13.2234433954465,142.18678
03-12-2018,13.1898548405496,50.19042
04-12-2018,14.0209173928002,99.66178
05-12-2018,15.175423022489,103.3885
06-12-2018,15.160088041239,131.27745
07-12-2018,15.9381388266608,196.08398
10-12-2018,15.8726256025132,90.952
11-12-2018,15.7280100911038,95.38808
12-12-2018,15.6816715985905,85.98195
13-12-2018,15.6956931645368,132.1503
14-12-2018,15.5337792728946,120.08057
17-12-2018,16.0906059534953,72.80369
18-12-2018,16.8973259107055,72.22168
19-12-2018,17.5964072995729,62.33326
20-12-2018,16.9541827627856,162.6909
21-12-2018,18.1195632857838,210.32178
24-12-2018,18.309458849539,111.24295
26-12-2018,18.9080183412479,63.09653
27-12-2018,21.845207615882,30.22416
28-12-2018,21.6367107373135,102.00776
31-12-2018,21.3826478299127,86.68401
02-01-2019,21.0142476024285,189.8606
03-01-2019,21.0552520798491,9.4916
04-01-2019,21.103977001493,99.01697
07-01-2019,22.9496445556582,83.1607
08-01-2019,22.8554206694256,67.88049
09-01-2019,22.1824821206721,106.42787
10-01-2019,22.6872535771547,76.83791
11-01-2019,22.5038731792703,101.23985
14-01-2019,22.4468940177897,89.27487
15-01-2019,22.2595249766867,102.54247
16-01-2019,22.1658641383877,92.76736
17-01-2019,21.5749951588126,160.63567
18-01-2019,21.7278527034743,112.82587
22-01-2019,21.5492425100523,144.76517
23-01-2019,22.5992751299478,58.18814
24-01-2019,22.4203705251332,91.32392
25-01-2019,23.2108432141523,91.13524
28-01-2019,22.6613911993985,101.1471
29-01-2019,22.036043210004,101.45014
30-01-2019,22.1219328876953,173.69269
31-01-2019,22.0745601278535,148.13968
01-02-2019,21.2491468286695,113.57375
04-02-2019,20.9312213389665,179.97798
05-02-2019,20.7973291696897,106.4093
06-02-2019,19.9564809446294,103.0975
07-02-2019,18.8382115856505,92.48286
08-02-2019,19.3436364416263,62.35421
11-02-2019,19.413663337794,96.53188
12-02-2019,19.1131420198288,69.21783
13-02-2019,19.1096052163205,88.72949
14-02-2019,18.9199480216999,76.542
15-02-2019,18.6940899791293,145.10622
19-02-2019,17.6982842652535,116.5713
20-02-2019,18.2633207789267,171.33971
21-02-2019,18.0880464664613,116.54501
22-02-2019,17.7223116638078,69.4373
25-02-2019,18.2909646778408,139.02238
26-02-2019,18.4066554545349,124.91526
27-02-2019,18.0878813114458,160.55812
28-02-2019,18.1693669084281,162.63252
01-03-2019,17.3283590813009,184.49745
04-03-2019,17.3225636645771,62.95816
05-03-2019,16.9635470562625,103.07849
06-03-2019,16.9978222620481,81.01389
07-03-2019,18.8327393333452,91.09561
08-03-2019,18.9970125765925,55.01299
11-03-2019,18.7518665151627,44.89926
12-03-2019,20.5763142456562,101.31524
13-03-2019,20.4024418837801,115.25686
14-03-2019,20.3621102558953,66.66803
15-03-2019,20.0450642017708,61.11748
18-03-2019,19.2572501400741,79.9413
19-03-2019,18.9043841655681,107.43463
20-03-2019,18.8249367664842,60.30682
21-03-2019,18.5311539755691,88.87377
22-03-2019,17.5383297368009,122.84459
25-03-2019,20.3048634376227,51.39386
26-03-2019,20.5263407925485,88.72949
27-03-2019,20.2119355261231,80.89818
28-03-2019,20.2623454278755,81.34545
29-03-2019,20.1358671664781,77.674
01-04-2019,20.0837896449217,65.44586
02-04-2019,20.2684367760921,60.65265
03-04-2019,20.1604689926299,83.96877
04-04-2019,20.3114801183001,72.56914
05-04-2019,20.293457885222,71.19299
08-04-2019,21.086914530254,96.8289
09-04-2019,20.9385145406964,167.54317
10-04-2019,21.2959079598161,76.34599
11-04-2019,21.3863422327978,104.1961
12-04-2019,20.9200616808259,103.63341
15-04-2019,20.0417113408972,56.66912
16-04-2019,19.7171404349376,124.46063
17-04-2019,19.6702686295981,67.70211
18-04-2019,19.12860263,54.60277
22-04-2019,18.6807034240329,95.93467
23-04-2019,18.428687016707,156.49927
24-04-2019,18.7677212330327,88.27319
25-04-2019,18.124337606807,99.6261
26-04-2019,18.5945954370258,129.56587
29-04-2019,18.1918406373581,68.80704
30-04-2019,17.7877289250856,49.37432
01-05-2019,17.4631002765637,61.51912
02-05-2019,17.5371338347879,186.33192
03-05-2019,17.3813375567999,70.14849
06-05-2019,17.3349491147647,134.99492
07-05-2019,17.7769515930347,122.5062
08-05-2019,16.5116366213612,56.73699
09-05-2019,15.9515018914563,167.12825
10-05-2019,16.5087935759076,135.96359
13-05-2019,16.805362084914,130.9507
14-05-2019,19.0822247946681,248.67717
15-05-2019,19.0211713848998,184.76474
16-05-2019,18.7287698206639,158.53598
17-05-2019,18.666459138017,141.05127
20-05-2019,17.7777435794149,102.84116
21-05-2019,16.6677978955611,131.1908
22-05-2019,17.4070974732176,93.18053
23-05-2019,16.6476262542189,102.54247
24-05-2019,18.3209030994529,148.69382
28-05-2019,17.9521886211359,69.45707
29-05-2019,17.6290810874264,67.51157
30-05-2019,17.50289477,120.23087
31-05-2019,17.0559714543367,104.56337
03-06-2019,16.847448838934,129.24759
04-06-2019,16.9795881799701,69.39737
05-06-2019,17.8386382328116,122.38551
06-06-2019,17.6527186466124,82.9233
07-06-2019,17.5336792821249,69.92228
10-06-2019,17.6807048369482,56.93476
11-06-2019,17.8327284951812,74.29242
12-06-2019,17.2531434951701,95.03268
13-06-2019,17.3671066374216,114.66581
14-06-2019,17.6721933181921,192.63985
17-06-2019,17.6274567239907,126.36498
18-06-2019,18.2213399271432,157.74132
19-06-2019,18.6563562526227,135.55264
20-06-2019,18.5238758327268,72.56914
21-06-2019,19.6410229714735,125.9995
24-06-2019,19.3471385159877,171.24745
25-06-2019,19.0537680280107,82.01681
26-06-2019,18.8220342223424,123.7572
27-06-2019,18.7845920585622,134.94034
28-06-2019,18.7838697160148,153.90248
01-07-2019,18.6728369274832,112.51928
02-07-2019,18.8565044309886,138.22224
03-07-2019,19.1723773481174,66.82413
05-07-2019,18.9684632,98.34884
08-07-2019,17.800050648503,53.50697
09-07-2019,17.7204415290868,96.65318
10-07-2019,17.5979120169159,100.77917
11-07-2019,18.3239662114175,119.67986
12-07-2019,17.8017112491062,107.37014
15-07-2019,17.7125101951409,31.05532
16-07-2019,17.3690188385201,76.37044
17-07-2019,17.6453762398444,147.22523
18-07-2019,17.3778788033313,102.68067
19-07-2019,16.787028172643,48.77944
22-07-2019,16.6901321557785,193.01575
23-07-2019,15.7250579077125,139.26712
24-07-2019,15.4643499823334,99.5192
25-07-2019,16.0009746762061,74.43973
26-07-2019,16.2149151840784,137.65363
29-07-2019,16.0611893975103,137.61409
30-07-2019,15.7206779593564,152.35846
31-07-2019,15.143012740079,89.65639
01-08-2019,15.2542627981005,107.72578
02-08-2019,15.5936989828014,110.98809
05-08-2019,15.3593937942094,103.51774
06-08-2019,18.7491840789201,270.93533
07-08-2019,18.7964919324647,106.00217
08-08-2019,19.266435457091,144.63324
09-08-2019,20.5543706205071,105.86102
12-08-2019,20.8205549412818,151.52122
13-08-2019,20.8564921684107,40.67273
14-08-2019,19.9768910509547,105.77139
15-08-2019,21.6985558837402,96.88569
16-08-2019,21.080156055081,104.6074
19-08-2019,21.2623016060698,127.85349
20-08-2019,21.3757760592766,76.6798
21-08-2019,21.3426205330707,114.39083
22-08-2019,21.2222289416963,147.96773
23-08-2019,21.1540344384792,96.78153
26-08-2019,21.8506667314556,121.1915
27-08-2019,21.491168143729,178.09505
28-08-2019,21.2181436654322,83.47319
29-08-2019,21.2991651972529,76.37044
30-08-2019,21.5458315395057,45.77669
03-09-2019,21.3932478398714,83.72999
04-09-2019,21.7486866788751,89.65
05-09-2019,22.7450658789481,81.01389
06-09-2019,22.4719305958954,81.73869
09-09-2019,22.0361004263382,72.85706
10-09-2019,21.5739698462614,104.88342
11-09-2019,21.2683863712602,98.74863
12-09-2019,21.8789115797929,79.50163
13-09-2019,20.6792088642666,70.56849
16-09-2019,20.2736811452131,178.91956
17-09-2019,20.5814829015294,253.34212
18-09-2019,20.4886649422924,115.36304
19-09-2019,20.3099638045416,157.13463
20-09-2019,19.6975639959253,126.96252
23-09-2019,19.4614996201974,52.58044
24-09-2019,18.9032540911092,103.23721
25-09-2019,18.861502935892,124.11429
26-09-2019,18.8136703897589,70.66811
27-09-2019,18.5140919095546,88.0556
30-09-2019,19.1987187549658,95.55484
01-10-2019,19.2283982513511,90.13789
02-10-2019,19.3478688697445,69.64662
03-10-2019,20.0259969687952,46.47735
04-10-2019,19.7362043369936,111.27489
07-10-2019,21.3055412497998,52.96257
08-10-2019,20.9973067583458,118.77733
09-10-2019,21.1144351526833,82.47057
10-10-2019,21.3953685897735,165.16957
11-10-2019,21.4737722404377,204.31848
14-10-2019,22.0995688575566,118.4823
15-10-2019,21.2924113046464,108.06959
16-10-2019,21.1227956953962,193.50186
17-10-2019,19.7553010776694,114.77235
18-10-2019,20.0571516930289,106.58197
21-10-2019,19.2707718410069,93.44337
22-10-2019,20.0122436812609,54.30439
23-10-2019,19.0313604028398,97.05612
24-10-2019,19.1929448748856,116.30602
25-10-2019,17.5468551156193,140.87469
28-10-2019,17.2512310752091,98.29578
29-10-2019,17.1537384750083,95.01498
30-10-2019,16.8643600913965,113.28891
31-10-2019,16.5112818515261,83.14238
01-11-2019,17.0540857972946,100.65813
04-11-2019,17.9767317608635,59.24115
05-11-2019,17.196504473513,77.94277
06-11-2019,16.5998498713049,85.79312
07-11-2019,16.4230470647712,63.61584
08-11-2019,16.0387296584609,98.94169
11-11-2019,15.8644042588414,92.5873
12-11-2019,15.7063697303086,62.41069
13-11-2019,14.6500918898079,160.14958
14-11-2019,14.8696241352306,85.79312
15-11-2019,14.4885092067477,75.07236
18-11-2019,15.0755183117756,109.09654
19-11-2019,14.522239937491,61.16957
20-11-2019,15.6952854419311,101.92516
21-11-2019,15.4393320582966,62.89685
22-11-2019,15.3326992126343,64.28499
25-11-2019,14.6630411504337,36.63187
26-11-2019,15.2013943055049,70.48016
27-11-2019,14.6517318446379,93.24922
29-11-2019,14.6819816419562,108.37703
02-12-2019,14.2778846056215,77.88168
03-12-2019,14.1852260342435,85.84398
04-12-2019,14.035544903231,47.66285
05-12-2019,14.680138314215,103.14582
06-12-2019,14.7238779050057,88.65753
09-12-2019,14.8194287469686,82.81419
10-12-2019,14.9330445754442,76.30576
11-12-2019,14.8909757037743,97.42846
12-12-2019,15.3711335144893,97.68966
13-12-2019,15.923236496959,99.6261
16-12-2019,15.8673048454812,94.9303
17-12-2019,16.8868766333691,82.3299
18-12-2019,16.8130671834619,119.12415
19-12-2019,16.4627431377477,69.01183
20-12-2019,16.2186536909682,49.50848
23-12-2019,16.3502583294193,34.80807
24-12-2019,15.8039247549644,58.21736
26-12-2019,15.838336185041,44.16757
27-12-2019,15.8810062802652,111.91106
30-12-2019,15.7979395361798,128.6434
31-12-2019,15.6290836859961,165.3528
02-01-2020,15.3616253707829,163.18066
03-01-2020,16.4833626594637,80.79433
06-01-2020,16.8503946010437,251.98611
07-01-2020,15.4997022968271,413.45569
08-01-2020,15.2823772245846,180.60542
09-01-2020,15.3928449257036,394.46002
10-01-2020,15.3642246368973,167.30139
13-01-2020,14.4555682569711,152.72569
14-01-2020,15.2934235966513,131.77567
15-01-2020,15.5356932405234,153.53194
16-01-2020,14.8193259027806,145.94757
17-01-2020,15.8290120551714,129.82249
21-01-2020,15.6063047636749,119.3288
22-01-2020,15.149310755008,77.99106
23-01-2020,13.8531889367545,93.07343
24-01-2020,13.6422064955621,51.96185
27-01-2020,13.2137329311465,72.01234
28-01-2020,16.9037888002291,99.59354
29-01-2020,17.4714663249803,47.01709
30-01-2020,17.334637709526,188.06836
31-01-2020,17.0373545333972,73.97794
03-02-2020,18.2667503383743,107.51765
04-02-2020,18.5106436380749,143.60843
05-02-2020,19.7720778837007,68.34734
06-02-2020,19.7913229033127,90.63113
07-02-2020,19.7067033673853,78.96466
10-02-2020,20.2373664354452,24.75761
11-02-2020,20.1663292153023,90.2607
12-02-2020,20.7638257704232,62.0331
13-02-2020,20.9098049234882,58.85273
14-02-2020,20.7593428698777,89.18452
18-02-2020,20.6642097339159,83.42763
19-02-2020,20.3663171110387,54.75318
20-02-2020,21.8698618495368,111.3094
21-02-2020,21.1289702971709,103.9237
24-02-2020,20.8520444337656,80.91769
25-02-2020,23.5304067244427,115.45142
26-02-2020,24.5942933797158,102.60165
27-02-2020,22.2539430129677,63.96682
28-02-2020,24.3637641073085,55.13877
02-03-2020,23.6734039060206,106.23395
03-03-2020,25.2629644646011,123.03823
04-03-2020,24.8939916488585,144.92484
05-03-2020,24.9308687142792,79.18489
06-03-2020,24.8639084415992,51.32703
09-03-2020,25.9300802704072,72.80369
10-03-2020,33.1278801307936,71.64587
11-03-2020,33.5009435189341,90.98188
12-03-2020,34.3973608880012,74.83803
13-03-2020,36.2379869596939,68.06646
16-03-2020,36.496104710868,34.45464
17-03-2020,37.6121172929224,99.0939
18-03-2020,37.1967567315068,87.61199
19-03-2020,38.4435131979311,89.16737
20-03-2020,37.9576981706009,57.80319
23-03-2020,36.9834333450412,121.1915
24-03-2020,36.3722471312157,191.01302
25-03-2020,37.1982192179942,53.35679
26-03-2020,36.5189178032313,56.70586
27-03-2020,35.781075397991,52.1291
30-03-2020,36.0772202684299,103.51774
31-03-2020,35.7921180811006,89.2608
01-04-2020,35.4501393641068,65.5954
02-04-2020,35.6121845200275,47.59436
03-04-2020,35.3576468380006,84.57619
06-04-2020,34.9960476875485,99.32736
07-04-2020,35.1500631733429,106.52974
08-04-2020,34.8227560771365,78.2134
09-04-2020,34.0557934285246,60.91001
13-04-2020,33.4643311020837,88.77903
14-04-2020,33.1956538626763,91.17159
15-04-2020,32.7266112785873,89.52886
16-04-2020,32.7925724316285,48.45511
17-04-2020,32.4576116151009,73.51052
20-04-2020,32.4322005989992,25.87943
21-04-2020,30.4159350720245,54.08274
22-04-2020,30.7126721330599,137.26109
23-04-2020,30.9101075972484,100.93697
24-04-2020,30.6935620836375,45.83427
27-04-2020,30.1049559528758,49.00248
28-04-2020,29.8412968968293,95.68627
29-04-2020,29.5715509795409,79.4619
30-04-2020,30.1615919922413,56.94958
01-05-2020,30.3877722630606,60.41157
04-05-2020,30.5708672650934,59.59642
05-05-2020,30.2607771242697,41.63842
06-05-2020,30.3790424088399,80.79433
07-05-2020,29.3874729959699,56.14521
08-05-2020,29.0686746370395,70.48016
11-05-2020,29.3024953421266,37.91208
12-05-2020,27.9504965960424,39.43533
13-05-2020,27.7647402671112,59.53267
14-05-2020,27.8466560914286,82.12978
15-05-2020,27.1160426261358,45.81698
18-05-2020,26.3596603516395,135.09656
19-05-2020,28.3236566045042,99.47651
20-05-2020,27.9722328896462,99.69424
21-05-2020,28.2007701242419,73.20592
22-05-2020,27.8128504385979,135.65337
26-05-2020,27.5401381555589,120.36186
27-05-2020,28.3277498484282,23.42693
28-05-2020,27.9165684930206,61.02098
29-05-2020,27.2526070373519,137.45094
01-06-2020,27.0805043763175,53.90273
02-06-2020,26.7373413286288,83.04487
03-06-2020,26.2559372266757,114.53027
04-06-2020,26.9056473667229,36.15353
05-06-2020,26.3987502301129,109.97901
08-06-2020,27.0067163689384,65.64539
09-06-2020,26.8733040139821,68.30036
10-06-2020,26.7312987294621,95.68627
11-06-2020,25.4599120245508,87.41498
12-06-2020,29.0621321781892,73.61262
15-06-2020,28.4413103166562,102.87478
16-06-2020,28.2017556864063,79.20345
17-06-2020,28.0834469540423,151.38078
18-06-2020,27.9254306874454,101.31524
19-06-2020,27.7180284940144,53.82311
22-06-2020,27.1313833510487,131.45111
23-06-2020,26.6822915132532,56.38413
24-06-2020,26.4056282201451,80.21887
25-06-2020,27.3941736440101,40.78401
26-06-2020,27.1242675729471,44.34495
29-06-2020,27.7664983308074,48.00823
30-06-2020,28.8712503811653,76.92465
01-07-2020,28.4777521758279,107.85104
02-07-2020,27.9289983834216,23.39384
06-07-2020,27.7296304005557,72.01234
07-07-2020,27.1227344786091,106.17205
08-07-2020,26.7675133818467,68.60347
09-07-2020,27.0901136738272,55.82979
10-07-2020,26.9553391355675,97.42846
13-07-2020,26.857599230665,92.73129
14-07-2020,26.6396728666972,93.79849
15-07-2020,25.9870515011515,103.67202
16-07-2020,26.1933010312187,29.48874
17-07-2020,26.1201793245513,38.32019
20-07-2020,25.9190689967309,87.17284
21-07-2020,24.0513244695979,116.23045
22-07-2020,24.0463655940279,117.13464
23-07-2020,23.793832094137,78.04478
24-07-2020,23.6387590670742,92.7519
27-07-2020,23.9881623601622,137.17688
28-07-2020,23.5741524637099,121.64796
29-07-2020,23.5993770470836,80.91042
30-07-2020,23.419829924002,54.08274
31-07-2020,22.9648955560892,38.61802
03-08-2020,22.7588917227851,42.16847
04-08-2020,22.4148447726546,48.71423
05-08-2020,21.242702095196,33.80171
06-08-2020,21.9162750472106,112.36661
07-08-2020,21.8434547295984,43.81703
10-08-2020,21.7024921462123,40.58276
11-08-2020,21.8354216285925,55.28625
12-08-2020,21.5140487910067,61.83459
13-08-2020,22.1926776702591,88.89659
14-08-2020,22.0300290413098,44.28566
17-08-2020,21.667923902047,65.54548
18-08-2020,21.7741613737722,84.09904
19-08-2020,21.1243633598195,46.65588
20-08-2020,20.5997883890852,122.01818
21-08-2020,21.5684448635723,166.30258
24-08-2020,21.3390483109456,71.23801
25-08-2020,21.8570876984915,85.98195
26-08-2020,21.5314920392809,105.67136
27-08-2020,21.336107182026,142.09406
28-08-2020,21.353621033257,64.11421
31-08-2020,21.167010124099,88.63057
01-09-2020,21.3357479826708,106.36685
02-09-2020,21.0454926915191,109.20554
03-09-2020,20.0904047233612,94.2409
04-09-2020,22.1571860517187,94.90303
08-09-2020,20.3324323475705,68.60347
09-09-2020,19.2783391367955,47.3224
10-09-2020,19.5062986883017,145.24695
11-09-2020,19.7885229274489,145.94757
14-09-2020,19.7866008779368,67.30907
15-09-2020,19.9878243012098,115.93987
16-09-2020,20.2665695277721,82.47057
17-09-2020,20.3224712983991,100.07758
18-09-2020,19.767688325657,86.33578
21-09-2020,19.58745236,52.91642
22-09-2020,19.6901688341209,94.38795
23-09-2020,19.5082684428334,62.16615
24-09-2020,18.9466023878188,64.86752
25-09-2020,18.6573538350328,55.35139
28-09-2020,18.2023315152106,104.40757
29-09-2020,18.337966436066,105.16089
30-09-2020,18.3265848796676,104.96095
01-10-2020,18.4728984314584,75.99683
02-10-2020,19.5564802633442,101.92516
05-10-2020,19.0492220307962,66.92056
06-10-2020,20.8829834232355,85.70679
07-10-2020,20.7573398090491,83.25236
08-10-2020,21.8806322040378,113.64591
09-10-2020,21.6470972412818,81.56802
12-10-2020,21.8486457313315,67.71859
13-10-2020,21.3521061366258,78.08782
14-10-2020,21.0342117433272,47.69404
15-10-2020,20.873341329659,107.97157
16-10-2020,21.0232122851153,123.50452
19-10-2020,20.9245221487902,95.21753
20-10-2020,20.7270073367531,98.67223
21-10-2020,20.5918212885838,72.01234
22-10-2020,22.5977276501328,101.6125
23-10-2020,22.3446478019378,65.72556
26-10-2020,22.221604920837,89.93397
27-10-2020,23.5527153253812,130.45274
28-10-2020,23.0178904995145,81.79179
29-10-2020,23.9310889849272,89.64423
30-10-2020,23.979328255037,80.35879
02-11-2020,23.7669521400087,56.62509
03-11-2020,24.1110088593289,162.63252
04-11-2020,24.0283737784523,129.56587
05-11-2020,23.2623266186813,69.64662
06-11-2020,27.4866689414435,62.9253
09-11-2020,27.4984508390261,105.39988
10-11-2020,28.2331462978151,58.58963
11-11-2020,27.6683760700495,97.92937
12-11-2020,27.8626036854447,52.86012
13-11-2020,27.5737328262098,69.19202
16-11-2020,27.1139850210575,70.5957
17-11-2020,27.4716178831721,45.81698
18-11-2020,27.0767073609272,109.74151
19-11-2020,26.0453371729391,49.04205
20-11-2020,25.5815978556431,94.15567
23-11-2020,25.4235456520454,36.75526
24-11-2020,25.7899063365882,104.29373
25-11-2020,24.5145880477031,23.36084
27-11-2020,24.5261059400947,70.37321
30-11-2020,24.7614314333573,46.80237
01-12-2020,23.9538763888421,129.65858
02-12-2020,23.5317125157046,92.27209
03-12-2020,23.1614747325458,67.78788
04-12-2020,23.1007415627373,38.66811
07-12-2020,23.1690355341816,55.04267
08-12-2020,22.9396953042645,78.97512
09-12-2020,23.0075062672451,62.73803
10-12-2020,24.0817089322613,95.42376
11-12-2020,24.3028463344785,42.8534
14-12-2020,24.0102026656385,29.79821
15-12-2020,23.1985619105363,89.52886
16-12-2020,26.042582213597,52.51098
17-12-2020,25.9166943585043,93.1244
18-12-2020,25.7168229447451,79.99098
21-12-2020,25.1886748944667,91.12241
22-12-2020,24.6475757399779,62.68323
23-12-2020,25.4350492999003,68.60347
24-12-2020,24.949343337072,54.99793
28-12-2020,24.784986026047,41.4071
29-12-2020,23.6186990637747,69.01183
30-12-2020,23.1249306012679,59.153
31-12-2020,23.1534248184232,80.79433
04-01-2021,22.9392871639201,99.32736
05-01-2021,22.7536904580426,121.85195
06-01-2021,23.512697844488,106.57054
07-01-2021,27.3881589081925,54.236
08-01-2021,30.0118939339872,77.73952
11-01-2021,29.5535967380349,84.14276
12-01-2021,29.3027096476179,169.87527
13-01-2021,28.7981495264346,66.50073
14-01-2021,27.4369096820076,62.11065
15-01-2021,27.0900241551763,57.96994
19-01-2021,28.4462943887236,66.66803
20-01-2021,28.7609405959486,87.48679
21-01-2021,28.4734038316291,47.43534
22-01-2021,27.6914249541305,93.71348
25-01-2021,27.2915810275607,140.44511
26-01-2021,26.8665399153735,50.25387
27-01-2021,25.6092647336906,68.84309
28-01-2021,26.1257005346235,112.78604
29-01-2021,25.8457622343645,63.21694
01-02-2021,25.9578026891585,60.04654
02-02-2021,26.7472470052094,192.34264
03-02-2021,26.7150689601498,69.92228
04-02-2021,26.4338962554379,78.18482
05-02-2021,26.3007236511011,106.44498
08-02-2021,26.0160921028741,72.80369
09-02-2021,26.924993140792,61.26281
10-02-2021,26.6494570904652,74.92713
11-02-2021,25.7765531148803,63.45915
12-02-2021,25.051645385132,73.32507
16-02-2021,24.6954884673619,91.76087
17-02-2021,24.1115517287103,104.36857
18-02-2021,24.1206031667038,33.67286
19-02-2021,26.0778053648359,85.15598
22-02-2021,26.2336195587076,71.28912
23-02-2021,27.9067333916199,97.42846
24-02-2021,27.6937876759712,77.84102
25-02-2021,27.1131138140257,46.18282
26-02-2021,28.2790034320447,121.14056
01-03-2021,27.4351093182473,96.29558
02-03-2021,27.4642909128411,137.46935
03-03-2021,26.1097213821119,154.58649
04-03-2021,26.6406026577117,88.44234
05-03-2021,27.1684910235228,88.98228
08-03-2021,26.8588807999656,60.39745
09-03-2021,26.4520256396042,22.26188
10-03-2021,27.9053692615623,57.34138
11-03-2021,27.724708474584,70.38657
12-03-2021,27.9475705003674,49.37989
15-03-2021,27.5681528417144,111.60258
16-03-2021,27.1163313891336,108.84151
17-03-2021,26.9485873551638,93.31177
18-03-2021,26.634065811798,134.94034
19-03-2021,27.8021096862372,42.8534
22-03-2021,27.6644764653932,119.15711
23-03-2021,27.6639648328584,99.46352
24-03-2021,28.5014269792301,76.44387
25-03-2021,28.4343200990249,63.785
26-03-2021,28.2586509453473,69.78147
29-03-2021,28.4774165357352,123.2354
30-03-2021,28.2448787035749,95.42376
31-03-2021,28.4926270060885,76.34599
01-04-2021,28.438481076612,67.69553
02-04-2021,28.6735120460615,65.70382
05-04-2021,28.4887111882945,74.5594
06-04-2021,28.6909327009324,92.78901
07-04-2021,28.3313265336917,113.79049
08-04-2021,28.6936963342764,32.5217
09-04-2021,28.4163044621675,48.00823
12-04-2021,28.1912114783967,100.38084
13-04-2021,28.4930147600842,95.29305
14-04-2021,28.2099251481605,186.30353
15-04-2021,27.8933901575481,103.2596
16-04-2021,27.4688399788043,95.03268
19-04-2021,27.3820351869702,110.41893
20-04-2021,28.2334728286535,125.26517
21-04-2021,27.9185383408979,166.30258
22-04-2021,27.6154477176218,113.7738
23-04-2021,27.1834014747216,146.73119
26-04-2021,26.98759628,54.46674
27-04-2021,26.8785103742038,131.65334
28-04-2021,26.6471358576717,50.064
29-04-2021,26.431594918065,47.38393
30-04-2021,26.4843826294562,36.40184
03-05-2021,27.0192925686634,97.42846
04-05-2021,26.627493209448,93.87843
05-05-2021,28.4887487761483,60.38535
06-05-2021,28.1272125029427,76.30576
07-05-2021,27.5095678489147,55.92646
10-05-2021,27.2177327958312,49.00248
11-05-2021,29.7347572983306,101.18069
12-05-2021,29.0131326255858,63.29747
13-05-2021,29.9195146503629,140.43304
14-05-2021,29.6365324054935,115.36304
17-05-2021,30.6352466041255,92.15798
18-05-2021,30.4192561741826,98.58833
19-05-2021,30.0000683130652,158.96223
20-05-2021,29.9941924211327,125.8506
21-05-2021,29.7272950198647,165.85251
24-05-2021,29.0337405922796,138.40813
25-05-2021,28.5391067792213,170.94144
26-05-2021,27.9110422890991,176.61284
27-05-2021,28.074167417926,133.33606
28-05-2021,27.7506121736328,140.02928
01-06-2021,27.5225997146046,65.87492
02-06-2021,27.5851882984215,68.72547
03-06-2021,27.3492931972745,60.07247
04-06-2021,27.3506423848562,79.60777
07-06-2021,27.1564791431644,54.30439
08-06-2021,26.5814087095217,59.72729
09-06-2021,25.5199781397074,93.24922
10-06-2021,25.3943118735619,85.51466
11-06-2021,24.6817553073385,131.48476
14-06-2021,24.4767053384842,29.35806
15-06-2021,23.8425039962609,73.51052
16-06-2021,24.0216886764266,144.78772
17-06-2021,23.9272446545727,138.02365
18-06-2021,23.5565597873069,84.50428
21-06-2021,24.7367427927861,94.50268
22-06-2021,25.5153350412827,170.60434
23-06-2021,25.2602407463557,41.51087
24-06-2021,25.0209639324215,76.66113
25-06-2021,25.2890053398644,54.78801
28-06-2021,24.3453562940519,97.2922
29-06-2021,24.2177584232138,95.68627
30-06-2021,23.3104604290842,43.81703
01-07-2021,22.9952175460108,64.11421
02-07-2021,22.0875002458276,78.97512
06-07-2021,21.924849834287,63.3285
07-07-2021,22.6958869709871,34.77761
08-07-2021,21.373881844995,37.85792
09-07-2021,21.0545744380335,32.35719
12-07-2021,21.2405168623424,69.73827
13-07-2021,20.6206413867492,77.2478
14-07-2021,20.2025112579892,56.21851
15-07-2021,19.7508034653034,104.51173
16-07-2021,17.9823647444084,70.38033
19-07-2021,17.8985683930711,50.57355
20-07-2021,18.7450511339767,37.43015
21-07-2021,19.1224124038357,49.9154
22-07-2021,21.0899266628603,95.29305
23-07-2021,20.7349375882453,91.79404
26-07-2021,20.5851574822891,59.153
27-07-2021,20.8067940074604,79.20345
28-07-2021,20.7155131395771,53.29626
29-07-2021,21.3577062762382,30.9173
30-07-2021,21.1584620872039,80.90396
02-08-2021,20.6844144066496,111.94546
03-08-2021,20.4859502775235,50.82043
04-08-2021,20.530055080637,89.99213
05-08-2021,20.9445991444044,99.66178
06-08-2021,20.577571933102,63.62166
09-08-2021,19.8356982141807,42.60537
10-08-2021,19.079549207706,103.37091
11-08-2021,19.1619077239553,71.90813
12-08-2021,18.9297405317004,76.15098
13-08-2021,18.3072934769488,95.29305
16-08-2021,18.5598037931359,127.20261
17-08-2021,18.5990975089593,157.74132
18-08-2021,18.6683366288415,83.1607
19-08-2021,18.1383440340338,49.64339
20-08-2021,18.6129591130549,68.60347
23-08-2021,17.8080332431755,189.92799
24-08-2021,18.7885453628805,133.26422
25-08-2021,20.2056842434797,47.52608
26-08-2021,20.63136864,114.39083
27-08-2021,21.1290818377071,103.81266
30-08-2021,21.8789665229211,107.77189
31-08-2021,20.58851075,203.01236
01-09-2021,20.0494781480913,80.03519
02-09-2021,19.7176833037409,106.26089
03-09-2021,19.7831016975561,98.69049
07-09-2021,20.1423058878665,117.78019
08-09-2021,19.557320123938,85.30217
09-09-2021,20.0411614686803,73.61262
10-09-2021,19.0267336713288,65.94104
13-09-2021,18.9074242853761,104.92297
14-09-2021,18.2001578386216,69.78724
15-09-2021,18.1591693802378,65.96863
16-09-2021,18.08039384,119.12415
17-09-2021,17.9351873158589,151.90768
20-09-2021,17.493985858177,59.95598
21-09-2021,18.2697618784903,84.709
22-09-2021,17.7989894128272,54.2303
23-09-2021,17.4618025023513,68.83257
24-09-2021,18.1113239098376,92.7519
27-09-2021,18.0246459152845,57.0313
28-09-2021,18.8215947318685,96.15581
29-09-2021,20.2911935332382,59.39777
30-09-2021,20.215501200211,102.68067
01-10-2021,19.9486868442741,68.03734
04-10-2021,19.7899063274588,65.81261
05-10-2021,18.6858001747145,171.90044
06-10-2021,18.6112122277236,56.07211
07-10-2021,18.6813489573855,121.3053
08-10-2021,19.3053874241106,94.3996
11-10-2021,19.0583423122491,50.80625
12-10-2021,18.4989876091055,81.56802
13-10-2021,18.5884912922041,94.0053
14-10-2021,20.0030971577271,55.36325
15-10-2021,19.9948698437013,107.14504
18-10-2021,19.1932439614277,126.71024
19-10-2021,19.1972792877364,133.84113
20-10-2021,19.4468983874311,76.40929
21-10-2021,18.4355103453437,94.0053
22-10-2021,18.0360701048361,86.04072
25-10-2021,17.741794824091,79.62904
26-10-2021,17.6412206737908,144.65361
27-10-2021,17.1809470372412,102.93289
28-10-2021,16.9657972300892,96.13255
29-10-2021,17.4210512667371,55.78158
01-11-2021,17.1917569663002,124.33229
02-11-2021,17.5163790492939,62.86625
03-11-2021,17.9340661224901,73.80557
04-11-2021,18.1259730794323,122.68769
05-11-2021,17.177180322134,76.94228
08-11-2021,16.5997105364574,46.36565
09-11-2021,16.6966496329779,84.57619
10-11-2021,14.302711598422,135.30206
11-11-2021,14.1281716558483,83.04487
12-11-2021,14.0608508000389,101.21735
15-11-2021,14.0626493384675,141.16055
16-11-2021,14.762431445023,122.86272
17-11-2021,14.6684645186155,126.06886
18-11-2021,14.3648837630037,158.17171
19-11-2021,14.4392384691883,108.75735
22-11-2021,14.207465962852,128.99406
23-11-2021,14.1609209923426,80.91042
24-11-2021,14.2844105469725,87.68562
26-11-2021,14.3935273558851,58.97747
29-11-2021,16.7601194523823,60.78106
30-11-2021,16.5355632305928,92.78901
01-12-2021,16.7749949042527,86.94403
02-12-2021,16.9313565589591,93.1244
03-12-2021,16.6067966450317,106.17205
06-12-2021,17.3562535951485,120.54468
07-12-2021,17.4252913564363,202.43469
08-12-2021,18.8049338075428,145.5589
09-12-2021,18.3610158965281,104.55737
10-12-2021,18.4841131145849,164.97716
13-12-2021,18.344033146573,110.41893
14-12-2021,18.1151392129375,129.90462
15-12-2021,18.761232557103,72.01234
16-12-2021,18.4811252213214,136.24957
17-12-2021,17.7086511480787,95.44012
20-12-2021,17.9848357533118,53.08603
21-12-2021,19.6923337143754,101.40514
22-12-2021,20.2212405872078,141.33623
23-12-2021,19.7168782988074,135.30911
27-12-2021,19.4270219716035,78.87066
28-12-2021,18.5326667388348,58.89009
29-12-2021,18.1826008054575,37.88885
30-12-2021,18.095955264194,147.22523
31-12-2021,18.2923827744479,76.59116
03-01-2022,18.0402716840896,52.34306
04-01-2022,17.8604368957392,88.96311
05-01-2022,17.9679899255585,96.48255
06-01-2022,19.3216715165663,70.01464
07-01-2022,19.7304504210644,118.95961
10-01-2022,19.6753666315795,130.00658
11-01-2022,19.8955745212855,188.91301
12-01-2022,20.5263109053642,78.2134
13-01-2022,20.03984574,170.64743
14-01-2022,20.0166482664302,133.57127
18-01-2022,19.9864315619523,138.82149
19-01-2022,20.2958321110529,153.56274
20-01-2022,20.0449841536625,136.37398
21-01-2022,19.3871141021736,185.75145
24-01-2022,21.516628596169,185.80107
25-01-2022,20.9847555730313,291.58243
26-01-2022,21.6597494908257,260.33731
27-01-2022,19.9849165100429,265.0054
28-01-2022,20.0424692181475,182.23172
31-01-2022,19.5613003794482,142.98854
01-02-2022,21.1306673274541,190.58609
02-02-2022,20.9995315903002,250.31999
03-02-2022,20.5578309313403,176.28763
04-02-2022,20.6421242283843,92.5748
07-02-2022,20.0740364460514,195.15126
08-02-2022,19.8046635963901,158.3878
09-02-2022,19.674792485574,117.17927
10-02-2022,20.2311694714642,108.53761
11-02-2022,20.3174816933711,179.27795
14-02-2022,19.7089559927543,191.88655
15-02-2022,19.3950624863675,229.06053
16-02-2022,21.912436722157,223.46687
17-02-2022,21.6452201001398,228.45294
18-02-2022,21.566541988471,226.35155
22-02-2022,21.7796714327122,279.43439
23-02-2022,21.7487045044824,431.02121
24-02-2022,21.5200743302086,370.7034
25-02-2022,22.8603979889407,515.89166
28-02-2022,23.6995132748502,452.61807
01-03-2022,26.2032058961799,540.82739
02-03-2022,26.0741111148551,523.52466
03-03-2022,25.9620290698299,436.82214
04-03-2022,24.6587571770955,350.07321
07-03-2022,24.6192160214634,362.3121
08-03-2022,23.8275975056136,352.1051
09-03-2022,25.307262841944,295.30643
10-03-2022,24.4204561760295,352.40082
11-03-2022,23.2036927558785,410.33096
14-03-2022,22.8389109040801,350.1088
15-03-2022,24.0320358197568,311.88226
16-03-2022,23.7173474949531,473.22397
17-03-2022,23.9870418140368,290.32562
18-03-2022,24.2095681949979,285.31604
21-03-2022,24.111760010851,227.73903
22-03-2022,24.0420286690167,244.84196
23-03-2022,23.8173709193898,267.4744
24-03-2022,23.6622725101314,317.0141
25-03-2022,23.2686986269899,350.74246
28-03-2022,23.3467872968829,281.92065
29-03-2022,23.3714940523936,233.35959
30-03-2022,23.225859547474,233.50888
31-03-2022,22.9338787762059,254.81291
01-04-2022,22.6670973051059,188.15781
04-04-2022,22.5875696095296,163.02007
05-04-2022,21.9928300468663,212.41769
06-04-2022,21.7691413061262,175.74716
07-04-2022,22.5576771831595,243.41553
08-04-2022,21.984402381209,219.47675
11-04-2022,21.4987483241258,195.22737
12-04-2022,21.5883877373839,226.25243
13-04-2022,21.686421931494,258.87689
14-04-2022,20.9696063883606,265.65601
18-04-2022,20.7525314442113,218.62947
19-04-2022,20.6396957909674,213.51726
20-04-2022,20.4407586338834,189.60825
21-04-2022,19.9339447497354,128.2644
22-04-2022,22.6018417330305,246.79726
25-04-2022,23.5432578597316,246.89946
26-04-2022,24.8421738674043,160.54448
27-04-2022,24.6236843122124,186.69865
28-04-2022,24.3599264441598,176.37631
29-04-2022,24.6176872700818,148.93715
02-05-2022,22.9887541213438,96.67027
03-05-2022,22.9575410763024,157.4735
04-05-2022,22.8225391178286,163.44907
05-05-2022,22.7676578681749,144.69875
06-05-2022,23.2357749947642,174.06805
09-05-2022,24.1021409019518,150.86942
10-05-2022,25.143519883555,143.24617
11-05-2022,25.0969963818842,176.37631
12-05-2022,24.9939346075114,158.26106
13-05-2022,24.7005356774981,162.08282
16-05-2022,25.7687965932827,168.75345
17-05-2022,25.2564093453014,174.62418
18-05-2022,25.8130612877985,165.89597
19-05-2022,25.3963830399976,162.38077
20-05-2022,25.4714182628986,140.96033
23-05-2022,24.9685772207867,150.30847
24-05-2022,24.9613983681166,222.35826
25-05-2022,24.5102800215734,155.1035
26-05-2022,24.4201540710114,134.57306
27-05-2022,25.0002380655314,155.51962
31-05-2022,25.7062784136497,190.3091
01-06-2022,25.1828432112736,168.34361
02-06-2022,25.0242419332421,142.59398
03-06-2022,25.3555507730757,142.7831
06-06-2022,24.829699880682,190.12531
07-06-2022,23.7670627528514,139.03113
08-06-2022,22.8201237890181,152.36682
09-06-2022,22.455005360423,115.5547
10-06-2022,22.4446238889436,94.34528
13-06-2022,23.1376666986033,147.22523
14-06-2022,24.8053953678933,136.36642
15-06-2022,25.0185301240625,110.05208
16-06-2022,24.8483983851021,132.28223
17-06-2022,24.8785876846629,114.04771
21-06-2022,24.5371683276599,116.76955
22-06-2022,24.7826190192924,121.32016
23-06-2022,24.7803066442954,143.56232
24-06-2022,24.279370556131,149.35893
27-06-2022,24.5131597505041,131.99985
28-06-2022,24.5335023330057,200.76169
29-06-2022,24.185616687386,181.88808
30-06-2022,25.129338342153,173.20616
01-07-2022,24.8556027443285,119.07924
05-07-2022,23.3705990526623,109.64945
06-07-2022,23.4099171623642,138.98885
07-07-2022,23.2654246558808,88.63057
08-07-2022,23.9266744838998,110.41893
11-07-2022,23.7238416283231,112.85301
12-07-2022,24.4081537195633,113.63868
13-07-2022,24.9015937066352,182.87045
14-07-2022,24.7323080329528,165.3528
15-07-2022,24.7907266981059,192.03291
18-07-2022,24.1879670734362,128.70917
19-07-2022,24.2321171459218,151.07994
20-07-2022,24.2937458794527,149.5641
21-07-2022,23.9943757071249,117.50663
22-07-2022,23.7268766876867,125.47605
25-07-2022,23.6284646414285,109.55962
26-07-2022,23.4275896778263,160.86211
27-07-2022,23.51862983,145.5434
28-07-2022,25.0887218869767,106.68494
29-07-2022,26.2779082361279,68.24625
01-08-2022,26.1258702555285,130.93153
02-08-2022,25.7740935422937,204.47949
03-08-2022,25.2367248259085,210.23157
04-08-2022,25.0951092587903,212.05017
05-08-2022,24.6849966668737,163.93254
08-08-2022,24.7381763745259,149.09796
09-08-2022,23.9263707805995,212.57118
10-08-2022,24.0961508868993,80.65382
11-08-2022,26.2212290126798,130.26952
12-08-2022,25.5750030957546,182.54019
15-08-2022,25.3898245834325,110.41893
16-08-2022,25.2181355945149,96.54114
17-08-2022,25.260185512498,156.08957
18-08-2022,24.9603992841031,100.73998
19-08-2022,24.5224119947332,117.67558
22-08-2022,25.4439987971929,101.72952
23-08-2022,25.7596009511254,145.34119
24-08-2022,25.7362781784059,102.45055
25-08-2022,25.6274565656179,149.1188
26-08-2022,25.6145772541794,108.25385
29-08-2022,25.8856153710722,120.457
30-08-2022,25.8562581784862,115.27251
31-08-2022,25.9457466382533,97.74789
01-09-2022,25.8666488129835,187.71217
02-09-2022,26.4941737148722,84.12871
06-09-2022,26.5360198959807,119.15711
07-09-2022,25.8364194501518,124.28883
08-09-2022,26.2894677558571,99.42937
09-09-2022,26.1673476825188,94.32772
12-09-2022,26.3052817222794,111.95557
13-09-2022,26.2623775304008,132.26222
14-09-2022,26.951758984279,202.93208
15-09-2022,26.8255192696232,95.60891
16-09-2022,27.268628511338,127.40646
19-09-2022,27.1719566846337,122.18488
20-09-2022,26.8917456792157,109.7732
21-09-2022,26.333449825064,189.75429
22-09-2022,26.3210215442122,225.85689
23-09-2022,26.0093084628954,187.79912
26-09-2022,27.648816297311,163.02007
27-09-2022,28.089461311999,155.88554
28-09-2022,27.5854181549516,202.58679
29-09-2022,27.3106339370617,156.9406
30-09-2022,27.951311753598,162.74104
03-10-2022,27.4076779335714,123.89525
04-10-2022,29.4261928413787,164.21275
05-10-2022,30.0200550856352,171.14932
06-10-2022,30.5293176573072,202.7014
07-10-2022,30.1772154926849,144.24094
10-10-2022,29.5852684053355,193.34053
11-10-2022,29.5886611646125,228.25113
12-10-2022,29.2853863199929,181.95041
13-10-2022,29.0370787727072,133.84113
14-10-2022,29.0291182836583,147.22523
17-10-2022,28.6331679813005,171.66856
18-10-2022,28.3438603129236,128.98494
19-10-2022,28.3102962663994,160.19327
20-10-2022,27.8366714366308,159.91705
21-10-2022,27.6066425558333,174.34567
24-10-2022,27.378563955749,93.57536
25-10-2022,26.8488985089456,139.72165
26-10-2022,25.9912842041564,133.39198
27-10-2022,25.8875428239722,180.49248
28-10-2022,25.7481684720655,203.68539
31-10-2022,25.2235378918784,113.79049
01-11-2022,24.6769334406203,136.88297
02-11-2022,24.8707752213055,150.8161
03-11-2022,24.4205703527315,186.55252
04-11-2022,23.8506532860371,115.89158
07-11-2022,25.2290681941068,139.72165
08-11-2022,24.6461073158495,225.73756
09-11-2022,23.9417660190044,137.41022
10-11-2022,24.82268335,98.15015
11-11-2022,26.7409429300818,111.09222
14-11-2022,27.2701344822884,188.92972
15-11-2022,26.9964557356248,196.50826
16-11-2022,27.0742936042817,170.58072
17-11-2022,27.3260604683955,153.21286
18-11-2022,27.4028169234663,77.7142
21-11-2022,26.9059578160189,107.62856
22-11-2022,26.8968277318411,105.24881
23-11-2022,26.859001987172,105.60199
25-11-2022,26.8339016378489,80.5138
28-11-2022,26.2311229777521,87.9999
29-11-2022,26.5567690714948,100.55012
30-11-2022,26.3353818568038,81.59033
01-12-2022,26.9907046026212,65.94698
02-12-2022,26.8158099895401,109.09654
05-12-2022,26.6717045568959,98.96951
06-12-2022,26.8209411980027,139.09692
07-12-2022,27.1826025613791,127.40646
08-12-2022,27.2235355557366,140.96033
09-12-2022,27.1308850344232,117.30847
12-12-2022,26.7920439562721,158.36978
13-12-2022,25.9769174765391,152.62685
14-12-2022,25.6992465602294,133.39198
15-12-2022,25.2659485580786,73.61262
16-12-2022,25.6682594760691,98.79588
19-12-2022,25.5024457249133,171.45796
20-12-2022,24.9898299214227,132.74405
21-12-2022,24.620162227495,169.54088
22-12-2022,24.9042796403889,159.00325
23-12-2022,24.8923486624724,114.92582
27-12-2022,24.8697251817812,146.8174
28-12-2022,24.514620995798,151.88629
29-12-2022,24.0792499621041,116.4859
30-12-2022,24.1129749200496,150.22983
03-01-2023,23.7124318919368,198.44876
04-01-2023,23.8659470345046,94.28561
05-01-2023,22.9292964724767,100.73998
06-01-2023,22.7150216078058,88.72949
09-01-2023,23.8132445816357,86.12676
10-01-2023,24.030626858651,114.62172
11-01-2023,23.9727889775734,129.44315
12-01-2023,24.1497431650316,114.44572
13-01-2023,24.4883510069315,103.69777
17-01-2023,24.1146142046693,127.40646
18-01-2023,23.7644745528673,76.78137
19-01-2023,23.6631063671227,115.06176
20-01-2023,25.1933907428816,152.36682
23-01-2023,24.6433111426091,87.70546
24-01-2023,24.4593914285793,89.98486
25-01-2023,24.1286725802243,110.61298
26-01-2023,23.8687634567718,71.49427
27-01-2023,23.5915516520895,120.77069
30-01-2023,23.3281225527705,155.1712
31-01-2023,23.708680413173,148.32393
01-02-2023,24.7365145680629,108.70257
02-02-2023,24.354307952473,130.60303
03-02-2023,24.1969523900556,116.32763
06-02-2023,25.4767413547829,112.52885
07-02-2023,25.7437324466389,138.02365
08-02-2023,25.6481598216435,134.97729
09-02-2023,25.2286208506755,169.58537
10-02-2023,25.0708782190105,147.88249
13-02-2023,24.926478757157,110.41893
14-02-2023,24.8829956048893,82.66657
15-02-2023,24.3064298173038,119.27412
16-02-2023,24.2915355572616,134.7485
17-02-2023,24.3275788445489,106.09647
21-02-2023,24.4813098778481,174.9808
22-02-2023,24.3746758523682,150.30847
23-02-2023,24.4628607956882,127.87486
24-02-2023,24.543802037442,110.9738
27-02-2023,24.2766503162728,125.62632
28-02-2023,24.2898594611536,146.95309
01-03-2023,24.2151118244126,92.77372
02-03-2023,22.8749363699397,121.40301
03-03-2023,22.805831262521,154.62614
06-03-2023,22.6447468527548,106.85702
07-03-2023,22.9369967642466,161.43118
08-03-2023,23.208324922138,125.93232
09-03-2023,22.6069484028319,147.47734
10-03-2023,22.706310402175,113.4441
13-03-2023,23.1562329239248,144.29745
14-03-2023,23.019560454596,117.30847
15-03-2023,22.7906688620429,101.75122
16-03-2023,24.1297071864488,112.8119
17-03-2023,24.0650715928239,85.22901
20-03-2023,24.6127708244441,94.06886
21-03-2023,24.2920766807293,129.90462
22-03-2023,24.1157214345946,114.43416
23-03-2023,24.1639021744292,100.57131
24-03-2023,23.9328468587979,72.61953
27-03-2023,23.9453754592496,120.94568
28-03-2023,24.078352463812,76.76182
29-03-2023,23.517086229524,79.95853
30-03-2023,24.0944056284891,129.30096
31-03-2023,24.7153937320715,90.44553
03-04-2023,24.4623136108945,84.60389
04-04-2023,24.9689802738609,119.42844
05-04-2023,25.0224615107514,117.88497
06-04-2023,25.3139379990716,173.69269
07-04-2023,25.2449170731489,169.00856
10-04-2023,25.1311851507995,142.7831
11-04-2023,25.0745429291519,92.7519
12-04-2023,25.2874566462106,119.42844
13-04-2023,25.5371727820918,126.19306
14-04-2023,25.4257493145917,119.80354
17-04-2023,25.2560395370266,91.62421
18-04-2023,25.2849168021445,106.85702
19-04-2023,24.8049486968028,158.03075
20-04-2023,24.6412987960077,95.66982
21-04-2023,24.4586281911582,140.05341
24-04-2023,24.2056187717171,159.46716
25-04-2023,23.9287342528045,180.23351
26-04-2023,24.5836491912788,105.34668
27-04-2023,25.5398414588901,117.88497
28-04-2023,25.497053131625,117.88497
01-05-2023,25.467236665829,104.6074
02-05-2023,25.0640403053408,77.03646
03-05-2023,25.9214823269894,149.52562
04-05-2023,25.4678547386433,118.08403
05-05-2023,25.017577038238,69.73827
08-05-2023,26.1803147758043,51.75887
09-05-2023,26.0425469493424,116.35052
10-05-2023,25.716875888044,118.51763
11-05-2023,24.9964757078874,137.27757
12-05-2023,24.0396485499129,146.21684
15-05-2023,23.7257361271797,135.86703
16-05-2023,23.6258735841443,137.52538
17-05-2023,23.595741934166,89.37788
18-05-2023,23.9557436505558,125.21734
19-05-2023,23.9832480444616,160.85306
22-05-2023,23.9835207606737,78.24963
23-05-2023,24.15248413,183.69136
24-05-2023,24.1770001377186,115.21974
25-05-2023,24.1918187075171,106.28559
26-05-2023,25.2257718225503,61.34385
30-05-2023,24.2999767284056,111.29181
31-05-2023,23.6810089963689,219.58307
01-06-2023,23.925121567181,182.39716
02-06-2023,24.4791096021661,129.57323
05-06-2023,23.4667485586831,107.08731
06-06-2023,23.1620558843388,133.47343
07-06-2023,22.0184853646674,142.29243
08-06-2023,21.8435192633917,78.73675
09-06-2023,21.4353210473483,96.32668
12-06-2023,20.7844747988113,65.72556
13-06-2023,21.1361568442493,77.17451
14-06-2023,20.6319283588521,72.13297
15-06-2023,20.2217812375037,158.32126
16-06-2023,19.8815982714349,111.43195
20-06-2023,19.4982467277219,142.7831
21-06-2023,19.5401497585519,127.87486
22-06-2023,19.6483768298976,154.50409
23-06-2023,20.0502022013658,46.41076
26-06-2023,20.628283267292,169.51306
27-06-2023,20.453065807859,118.30599
28-06-2023,20.5054220253772,82.53906
29-06-2023,19.7530922108013,120.89662
30-06-2023,19.5106316641703,102.67339
03-07-2023,19.5532979123874,45.37764
05-07-2023,19.0646909506762,89.85265
06-07-2023,19.178488386569,172.6628
07-07-2023,20.4531385804788,120.56139
10-07-2023,21.7501646921655,138.29805
11-07-2023,21.7297020710323,141.35262
12-07-2023,21.4437110074984,203.18724
13-07-2023,22.0299688284106,80.5138
14-07-2023,22.7163517473016,151.36514
17-07-2023,23.0190244113114,110.85364
18-07-2023,23.5487649661367,151.43167
19-07-2023,23.4703617960091,188.82715
20-07-2023,22.8514305540107,127.64023
21-07-2023,23.1621310921827,112.39069
24-07-2023,22.9894979687267,143.43077
25-07-2023,23.1114090906827,61.72486
26-07-2023,22.6785042601778,84.07532
27-07-2023,22.2756082303018,132.5027
28-07-2023,20.9017797764555,130.33054
31-07-2023,20.6274562275926,154.39934
01-08-2023,20.1405554482376,116.91416
02-08-2023,20.3135523208987,132.75557
03-08-2023,22.8602079609202,88.72949
04-08-2023,22.0569869750107,119.37181
07-08-2023,21.6602667842768,117.56503
08-08-2023,20.7313039426259,108.29549
09-08-2023,20.6376933329789,105.72025
10-08-2023,20.6040024444897,131.00549
11-08-2023,19.8448162830074,142.35828
14-08-2023,19.8243726060946,114.96981
15-08-2023,19.4681330424811,114.6426
16-08-2023,20.7247995059384,100.02425
17-08-2023,21.2582048006784,116.02689
18-08-2023,21.1227551016685,77.42228
21-08-2023,21.0101699766098,97.22421
22-08-2023,20.776555438221,81.09864
23-08-2023,20.5655950512294,126.71024
24-08-2023,20.3969588962606,61.57189
25-08-2023,20.7164568461087,40.2569
28-08-2023,20.6392834105676,75.44151
29-08-2023,20.7644106611479,115.63378
30-08-2023,22.3881826469163,163.29559
31-08-2023,21.8366349179477,117.42311
01-09-2023,20.2312856566805,73.487
05-09-2023,20.3790451899427,121.78558
06-09-2023,20.1794553069593,76.62523
07-09-2023,20.451246440268,80.34212
08-09-2023,20.0213525683917,80.14276
11-09-2023,19.9209181468031,93.49989
12-09-2023,19.6834447317001,164.96852
13-09-2023,19.5956629466873,134.78366
14-09-2023,19.5461210597061,119.9378
15-09-2023,21.4230300810844,106.68494
18-09-2023,21.6633641461497,114.69175
19-09-2023,21.4971955401812,207.41676
20-09-2023,21.2836722565067,190.11258
21-09-2023,21.3057446646179,162.91316
22-09-2023,22.4700679099889,131.62521
25-09-2023,22.4703233611617,109.96076
26-09-2023,22.4708721762592,81.25166
27-09-2023,22.8386670907758,101.46604
28-09-2023,21.9206882824301,64.37852
29-09-2023,21.6880799212247,86.41481
02-10-2023,21.5050808904033,63.45915
03-10-2023,24.2708739480117,107.04886
04-10-2023,25.3335337328808,61.24075
05-10-2023,25.4506542106829,54.30439
06-10-2023,25.70942665,161.30765
09-10-2023,25.6637849567734,227.07118
10-10-2023,25.1862614367938,259.0835
11-10-2023,27.1939744352987,265.93039
12-10-2023,27.1995705507344,218.01176
13-10-2023,26.9781386938724,287.31454
16-10-2023,27.4950720026767,290.34457
17-10-2023,27.3102479981418,274.52219
18-10-2023,27.2732348267607,333.00943
19-10-2023,28.1549573496554,338.85172
20-10-2023,28.1781094460049,298.62881
23-10-2023,28.2419114368687,312.77466
24-10-2023,27.5182922058529,250.00511
25-10-2023,26.9377429630518,208.08998
26-10-2023,27.1856284836227,168.43564
27-10-2023,26.9325051398808,251.86464
30-10-2023,27.5848320983763,205.43056
31-10-2023,27.5069249929459,172.08144
01-11-2023,27.4248810198478,251.73225
02-11-2023,25.8049005379323,219.58307
03-11-2023,27.3881523756812,174.92107
06-11-2023,28.0262150787082,182.90251
07-11-2023,27.9474958947618,140.21451
08-11-2023,27.5086440143745,132.5027
09-11-2023,27.131596090619,201.47997
10-11-2023,26.7871774806398,180.98466
13-11-2023,23.8925050226448,131.04663
14-11-2023,23.3794890417021,148.22774
15-11-2023,27.3744729886852,130.60303
16-11-2023,27.3458557043434,170.86455
17-11-2023,27.1649576908925,149.4841
20-11-2023,26.8923893414974,204.90109
21-11-2023,27.0600056373335,96.48255
22-11-2023,27.3818070168226,191.44437
24-11-2023,27.0980297741198,152.79372
27-11-2023,26.9670682600182,166.35165
28-11-2023,26.7096541513265,184.38477
29-11-2023,26.4810332008019,88.77903
30-11-2023,26.4827279347361,178.90173
01-12-2023,26.1842051734124,94.8141
04-12-2023,27.1195441503927,194.85692
05-12-2023,26.595991586801,89.69046
06-12-2023,27.1358817553983,131.24277
07-12-2023,26.2634669962721,194.1647
08-12-2023,25.8621947743193,153.52364
11-12-2023,25.7045760630407,153.7749
12-12-2023,24.3384061787442,167.4222
13-12-2023,24.567941582055,192.79495
14-12-2023,25.8594464292723,148.67899
15-12-2023,29.3663793592798,169.25528
18-12-2023,29.0259840681929,144.02469
19-12-2023,28.9043637279356,187.75687
20-12-2023,29.2819927892428,143.77463
21-12-2023,28.8117632175724,114.01954
22-12-2023,28.984211241972,89.36783
26-12-2023,28.7991781446187,139.57448
27-12-2023,29.1119452460938,180.1815
28-12-2023,28.7434506826808,122.68769
29-12-2023,28.6678400094691,221.2849
02-01-2024,28.8210859676387,131.12247
03-01-2024,28.5305311098783,142.89508
04-01-2024,28.5827392147471,180.68552
05-01-2024,28.4634497336957,167.48938
08-01-2024,28.2610119583488,106.62771
09-01-2024,27.8925025541909,241.2697
10-01-2024,27.9233215691247,118.0951
11-01-2024,27.9106641925477,165.31047
12-01-2024,27.687286842305,210.59279
16-01-2024,27.3209424049546,193.38907
17-01-2024,28.7880704054584,176.20041
18-01-2024,29.1622506278152,167.48938
19-01-2024,28.9358735493299,207.40584
22-01-2024,27.9260274467074,186.62354
23-01-2024,27.5628732757795,169.07245
24-01-2024,26.5404419247745,159.14471
25-01-2024,26.1844917466486,202.2942
26-01-2024,25.7013494891628,141.32115
29-01-2024,25.2812218526706,140.53317
30-01-2024,25.2533443512462,206.27711
31-01-2024,25.4059683487228,205.60765
01-02-2024,24.3984640410809,147.49837
02-02-2024,24.7900594562441,171.52455
05-02-2024,25.0459247202454,125.87757
06-02-2024,25.0883502125852,118.75243
07-02-2024,25.0778681862836,100.38084
08-02-2024,24.582240952898,116.23045
09-02-2024,23.7577735945876,194.52998
12-02-2024,23.6155489847418,156.38733
13-02-2024,24.0801259991738,187.85829
14-02-2024,25.5651849803417,135.80937
15-02-2024,25.5793747508273,214.80815
16-02-2024,25.5410297644263,160.93446
20-02-2024,24.7872399739355,170.21098
21-02-2024,25.1852469265226,193.75397
22-02-2024,24.7731234046001,219.58307
23-02-2024,24.7374509574774,167.06863
26-02-2024,25.146785915842,200.97168
27-02-2024,24.9899289176302,166.86441
28-02-2024,25.4166031365482,177.45898
29-02-2024,25.581045716405,153.25046
01-03-2024,25.0772085284258,155.18335
04-03-2024,25.2100632410625,170.75092
05-03-2024,25.2955289797862,83.45617
06-03-2024,25.503945531053,108.01851
07-03-2024,25.5849819011415,122.23496
08-03-2024,25.3242225769295,183.72224
11-03-2024,24.7833655131192,155.80585
12-03-2024,24.9851100216705,199.55228
13-03-2024,24.7591668347881,149.75441
14-03-2024,24.0534926609091,187.15071
15-03-2024,23.9538097097393,138.02365
18-03-2024,23.7268579884303,147.65321
19-03-2024,23.2325561131653,183.30414
20-03-2024,22.9547483047634,116.02689
21-03-2024,22.9401603102469,130.51392
22-03-2024,23.0174282837609,125.00256
25-03-2024,22.7325173883177,187.99307
26-03-2024,22.4683653623145,165.62839
27-03-2024,22.2186372089028,126.74172
28-03-2024,23.0053814295094,99.6261
01-04-2024,22.9296987213419,123.22462
02-04-2024,22.0870435102803,197.96222
03-04-2024,22.7661481927682,181.86647
04-04-2024,22.9047025985261,160.98459
05-04-2024,22.6210273299031,142.04836
08-04-2024,22.4063692259624,126.32673
09-04-2024,22.608654831774,171.76276
10-04-2024,23.5834191859115,208.52495
11-04-2024,24.9854120810891,123.34029
12-04-2024,24.4767725983399,161.32634
15-04-2024,25.2701359526096,230.79364
16-04-2024,26.3896861178911,340.54434
17-04-2024,26.3040704143462,227.49628
18-04-2024,25.7180142783622,149.43915
19-04-2024,25.1277055379692,208.11943
22-04-2024,24.8102929179792,162.91316
23-04-2024,24.2933381552602,148.32393
24-04-2024,24.5865707227321,139.23227
25-04-2024,24.3488241554649,172.40129
26-04-2024,24.3761213339809,150.83495
29-04-2024,24.6303084495356,191.10968
30-04-2024,24.8418722777365,167.80362
01-05-2024,24.9049958687186,130.75925
02-05-2024,25.3330799739843,137.77406
03-05-2024,25.2909797378052,110.41893
06-05-2024,25.9440734802598,93.61604
07-05-2024,25.3753460457298,176.26508
08-05-2024,24.732292899287,163.58359
09-05-2024,24.5204629716975,145.39896
10-05-2024,24.1074712918907,185.27922
13-05-2024,23.0166638837603,177.10759
14-05-2024,22.5434992037262,154.67242
15-05-2024,23.3560033436883,129.21364
16-05-2024,23.1102345130288,124.90009
17-05-2024,22.9423057545178,181.65694
20-05-2024,22.6126181618989,135.07558
21-05-2024,22.288935964596,165.28404
22-05-2024,22.3152424237152,140.05341
23-05-2024,22.7503355181563,101.833
24-05-2024,23.0079831860769,116.63971
28-05-2024,23.0489495057551,143.45766
29-05-2024,22.9594708632048,135.43718
30-05-2024,23.646120652904,93.57536
31-05-2024,23.8106787123333,156.49927
03-06-2024,23.8380963959536,111.11338
04-06-2024,23.7525073586638,110.21482
05-06-2024,24.5674572368657,119.32063
06-06-2024,23.9791071903189,115.90936
07-06-2024,23.8578190195883,122.68769
