Date,TCI,VIX
14-10-2010,19.4270330065575,19.88
15-10-2010,19.4199039661566,19.03
18-10-2010,19.6303024459391,19.09
19-10-2010,19.3392072505509,20.63
20-10-2010,22.1234104666385,19.79
21-10-2010,22.4128255170139,19.27
22-10-2010,22.2118675912395,18.78
25-10-2010,21.9715855259317,19.85
26-10-2010,22.1271255174459,20.22
27-10-2010,21.7177067592137,20.71
28-10-2010,21.6440667293278,20.88
29-10-2010,21.6366356138626,21.2
01-11-2010,21.3859143853901,21.83
02-11-2010,20.78920779,21.57
03-11-2010,21.1307521510381,19.56
04-11-2010,21.1554375076316,18.52
05-11-2010,22.0959183148853,18.26
08-11-2010,21.8795966912093,18.29
09-11-2010,21.2295717615492,19.08
10-11-2010,21.4959815502477,18.47
11-11-2010,21.1366975539506,18.64
12-11-2010,21.0032019184066,20.61
15-11-2010,23.2105672396916,20.2
16-11-2010,22.9438537127891,22.58
17-11-2010,25.1951862138074,21.76
18-11-2010,24.6967130797687,18.75
19-11-2010,25.0899887720143,18.04
22-11-2010,24.827576633519,18.37
23-11-2010,24.6389334656108,20.63
24-11-2010,25.3500149332792,19.56
26-11-2010,25.5754828567457,22.22
29-11-2010,25.4649285403175,21.53
30-11-2010,25.0674537557258,23.54
01-12-2010,24.1778186940261,21.36
02-12-2010,24.7514722430785,19.39
03-12-2010,25.1382703264475,18.01
06-12-2010,25.284507123183,18.02
07-12-2010,25.2237627509183,17.99
08-12-2010,25.0447034563141,17.74
09-12-2010,24.5201301835191,17.25
10-12-2010,24.1435669564786,17.61
13-12-2010,23.9060600746188,17.55
14-12-2010,23.5245815832294,17.61
15-12-2010,23.3687583721157,17.94
16-12-2010,23.3737783523761,17.39
17-12-2010,23.232371422211,16.11
20-12-2010,22.9155369087028,16.41
21-12-2010,22.6193172611866,16.49
22-12-2010,22.8359501206291,15.45
23-12-2010,22.4466193783978,16.47
27-12-2010,22.6389885480054,17.67
28-12-2010,22.3729684246529,17.52
29-12-2010,22.0283684992527,17.28
30-12-2010,21.796287934625,17.52
31-12-2010,21.684708177802,17.75
03-01-2011,21.216266217437,17.61
04-01-2011,21.3054858237837,17.38
05-01-2011,20.9736842735616,17.02
06-01-2011,20.0433009535206,17.4
07-01-2011,20.429966722858,17.14
10-01-2011,20.1944889481644,17.54
11-01-2011,19.1667521810578,16.89
12-01-2011,19.0364034198294,16.24
13-01-2011,21.3408895952093,16.39
14-01-2011,21.1782720082987,15.46
18-01-2011,20.5284529847775,15.87
19-01-2011,19.349347568986,17.31
20-01-2011,19.1612713993071,17.99
21-01-2011,20.5557590243021,18.47
24-01-2011,19.8327059926413,17.65
25-01-2011,19.842825293527,17.59
26-01-2011,19.9353774863626,16.64
27-01-2011,19.7926134002245,16.15
28-01-2011,19.4994777669697,20.04
31-01-2011,19.5592838185724,19.53
01-02-2011,18.7264906855274,17.63
02-02-2011,19.2337010002909,17.3
03-02-2011,19.6278026770538,16.69
04-02-2011,19.794265113096,15.93
07-02-2011,19.6461276875412,16.28
08-02-2011,19.7311965130459,15.81
09-02-2011,19.099123242547,15.87
10-02-2011,19.117967040348,16.09
11-02-2011,19.4800687523376,15.69
14-02-2011,19.2302175074443,15.95
15-02-2011,19.3810719327911,16.37
16-02-2011,19.4485792788417,16.72
17-02-2011,19.6051160746978,16.59
18-02-2011,19.4275771518213,16.43
22-02-2011,19.3329770601989,20.8
23-02-2011,21.4327745120289,22.13
24-02-2011,22.4786856974322,21.32
25-02-2011,21.8485307032347,19.22
28-02-2011,21.9970729971366,18.35
01-03-2011,20.7301484834501,21.01
02-03-2011,20.6244699097299,20.7
03-03-2011,20.4885783081667,18.6
04-03-2011,20.3741236653902,19.06
07-03-2011,19.9748110362528,20.66
08-03-2011,20.066061860064,19.82
09-03-2011,19.8748288626614,20.22
10-03-2011,19.3118841108311,21.88
11-03-2011,20.2168070766838,20.08
14-03-2011,20.2746408665203,21.13
15-03-2011,20.3771529188867,24.32
16-03-2011,21.0608988843779,29.4
17-03-2011,20.9771668582518,26.37
18-03-2011,20.217512655488,24.44
21-03-2011,19.9309603286533,20.61
22-03-2011,19.9344853509699,20.21
23-03-2011,19.9324026676309,19.17
24-03-2011,19.7807601768595,18
25-03-2011,19.7337699417769,17.91
28-03-2011,19.7514883021178,19.44
29-03-2011,19.8858758763563,18.16
30-03-2011,18.8926884520328,17.71
31-03-2011,18.8613501712005,17.74
01-04-2011,19.0751689717839,17.4
04-04-2011,19.7546863355228,17.5
05-04-2011,19.3493472241192,17.25
06-04-2011,18.8436492161858,16.9
07-04-2011,18.1680515170194,17.11
08-04-2011,18.1619276538591,17.87
11-04-2011,17.6335284923195,16.59
12-04-2011,17.6207796288405,17.09
13-04-2011,19.0984795268481,16.92
14-04-2011,19.0897225002556,16.27
15-04-2011,19.1217347694901,15.32
18-04-2011,19.1419167491954,16.96
19-04-2011,21.3414032004649,15.83
20-04-2011,21.2138939722409,15.07
21-04-2011,21.893360396372,14.69
25-04-2011,21.8020789181828,15.77
26-04-2011,21.7460456507467,15.62
27-04-2011,21.8302745885852,15.35
28-04-2011,21.2227530509615,14.62
29-04-2011,20.9417745781226,14.75
02-05-2011,20.3177836564456,15.99
03-05-2011,20.3310051912484,16.7
04-05-2011,21.8189945422346,17.08
05-05-2011,23.4339332070511,18.2
06-05-2011,25.0019362270655,18.4
09-05-2011,24.0873469621842,17.16
10-05-2011,23.8226798653439,15.91
11-05-2011,23.7684821325852,16.95
12-05-2011,24.5311699097352,16.03
13-05-2011,24.3567333174024,17.07
16-05-2011,24.038535899962,18.24
17-05-2011,24.1168903134835,17.55
18-05-2011,24.3739994059329,16.23
19-05-2011,23.6834080419627,15.52
20-05-2011,23.0317418191471,17.43
23-05-2011,22.7969305564842,18.27
24-05-2011,24.1068030470067,17.82
25-05-2011,23.5530821667656,17.07
26-05-2011,22.9983900021014,16.09
27-05-2011,22.9677953716459,15.98
31-05-2011,23.2304609081314,15.45
01-06-2011,27.3481925924374,18.3
02-06-2011,28.1423333024095,18.09
03-06-2011,27.6283431361646,17.95
06-06-2011,27.3833743701939,18.49
07-06-2011,27.4324884381768,18.07
08-06-2011,27.127912601449,18.79
09-06-2011,27.5064345244596,17.77
10-06-2011,27.4227465504071,18.86
13-06-2011,28.0596267540483,19.61
14-06-2011,27.7006725655369,18.26
15-06-2011,27.4662064458419,21.32
16-06-2011,28.4542898709254,22.73
17-06-2011,28.2238762175966,21.85
20-06-2011,27.8388085944618,19.99
21-06-2011,27.6932826618989,18.86
22-06-2011,27.7075232255156,18.52
23-06-2011,27.5789285250828,19.29
24-06-2011,27.7589336890479,21.1
27-06-2011,27.583865579259,20.56
28-06-2011,27.220264499365,19.17
29-06-2011,27.3526468384575,17.27
30-06-2011,27.2001835759175,16.52
01-07-2011,27.1567713910132,15.87
05-07-2011,27.4368986218964,16.06
06-07-2011,27.1497478229883,16.34
07-07-2011,26.9513387795669,15.95
08-07-2011,27.1778370845591,15.95
11-07-2011,26.4290513417532,18.39
12-07-2011,27.9955534246059,19.87
13-07-2011,27.4456370827758,19.91
14-07-2011,27.5830604071975,20.8
15-07-2011,27.8524596966357,19.53
18-07-2011,27.4771634329503,20.95
19-07-2011,27.8497570117785,19.21
20-07-2011,29.0218148436135,19.09
21-07-2011,28.9152098880179,17.56
22-07-2011,29.3096086406119,17.52
25-07-2011,29.0448452566417,19.35
26-07-2011,28.1108790149597,20.23
27-07-2011,27.8165124681476,22.98
28-07-2011,30.5965928421559,23.74
29-07-2011,29.9184663499762,25.25
01-08-2011,29.5205699773545,23.66
02-08-2011,29.1773573425425,24.79
03-08-2011,29.9015671503676,23.38
04-08-2011,30.2633230454445,31.66
05-08-2011,36.9144664094693,32
08-08-2011,36.3562466598476,48
09-08-2011,41.3557792301224,35.06
10-08-2011,40.1061966170141,42.99
11-08-2011,39.4011913949996,39
12-08-2011,39.8040650652359,36.36
15-08-2011,39.3712202649434,31.87
16-08-2011,40.2980129660268,32.85
17-08-2011,40.1120764987003,31.58
18-08-2011,39.40010059,42.67
19-08-2011,41.30373156,43.05
22-08-2011,41.1688783642696,42.44
23-08-2011,40.6117364881767,36.27
24-08-2011,41.0376227908226,35.9
25-08-2011,40.6300414558231,39.76
26-08-2011,40.1644686522282,35.59
29-08-2011,39.8630530340046,32.28
30-08-2011,40.4645715320629,32.89
31-08-2011,40.0296114788398,31.62
01-09-2011,39.2700612515909,31.82
02-09-2011,39.1525848206998,33.92
06-09-2011,39.6836499851731,37
07-09-2011,40.3180868732456,33.38
08-09-2011,40.3709063601696,34.32
09-09-2011,39.7327287451914,38.52
12-09-2011,39.8365946167285,38.59
13-09-2011,39.2124833775773,36.91
14-09-2011,38.9967069730495,34.6
15-09-2011,38.6611761167968,31.97
16-09-2011,38.1476863990685,30.98
19-09-2011,37.5946403242352,32.73
20-09-2011,37.2236050256401,32.86
21-09-2011,37.0332093756061,37.32
22-09-2011,37.7084525739125,41.35
23-09-2011,40.5323598029858,41.25
26-09-2011,39.9594564330546,39.02
27-09-2011,39.5312099601548,37.71
28-09-2011,40.3418522171085,41.08
29-09-2011,39.3149227121219,38.84
30-09-2011,38.8469875401348,42.96
03-10-2011,38.9172215109646,45.45
04-10-2011,39.6756195030137,40.82
05-10-2011,38.8631847684222,37.81
06-10-2011,38.5829517221462,36.27
07-10-2011,39.6517664534577,36.2
10-10-2011,39.0448378755417,33.02
11-10-2011,39.2440619404745,32.86
12-10-2011,38.5649034651126,31.26
13-10-2011,38.3331405845436,30.7
14-10-2011,37.894147869544,28.24
17-10-2011,37.7268612142149,33.39
18-10-2011,36.400352527943,31.56
19-10-2011,35.9058520972385,34.44
20-10-2011,35.0209571600365,34.78
21-10-2011,34.9111732996148,31.32
24-10-2011,34.8819771090537,29.26
25-10-2011,35.6544973549543,32.22
26-10-2011,35.0767264397177,29.86
27-10-2011,34.5652550980885,25.46
28-10-2011,37.2748511816657,24.53
31-10-2011,36.789423736587,29.96
01-11-2011,36.8524962504393,34.77
02-11-2011,38.3398378955666,32.74
03-11-2011,38.3088675900517,30.5
04-11-2011,37.9855217067192,30.16
07-11-2011,37.3132041402504,29.85
08-11-2011,37.106700595491,27.48
09-11-2011,36.7669168241697,36.16
10-11-2011,36.8378408906656,32.81
11-11-2011,36.7062898225322,30.04
14-11-2011,36.658151249116,31.13
15-11-2011,36.2442387641242,31.22
16-11-2011,36.3279623209214,33.51
17-11-2011,36.1106314593785,34.51
18-11-2011,35.7466464772036,32
21-11-2011,35.0419916692494,32.91
22-11-2011,36.7257775288698,31.97
23-11-2011,36.5572087865452,33.98
25-11-2011,37.4841543076436,34.47
28-11-2011,37.1743944544191,32.13
29-11-2011,38.4812482324768,30.64
30-11-2011,38.3290944045227,27.8
01-12-2011,39.0606606390082,27.41
02-12-2011,38.2877283855873,27.52
05-12-2011,37.991489655841,27.84
06-12-2011,37.8272943837848,28.13
07-12-2011,37.6755296167243,28.67
08-12-2011,37.4702853192418,30.59
09-12-2011,37.7320338779319,26.38
12-12-2011,37.7045661299477,25.67
13-12-2011,37.0411361267277,25.41
14-12-2011,37.1309768926254,26.04
15-12-2011,37.4467872057412,25.11
16-12-2011,37.2000582823927,24.29
19-12-2011,36.4729129061749,24.92
20-12-2011,36.0992985008256,23.22
21-12-2011,36.8720346840991,21.43
22-12-2011,36.6331184781865,21.16
23-12-2011,36.8609379257858,20.73
27-12-2011,36.5891430699794,21.91
28-12-2011,36.2593103692287,23.52
29-12-2011,36.1128901234964,22.65
30-12-2011,35.0891441084447,23.4
03-01-2012,35.0767286089356,22.97
04-01-2012,36.0149667517385,22.22
05-01-2012,35.1469175477665,21.48
06-01-2012,34.9458250569084,20.63
09-01-2012,34.8693070970435,21.07
10-01-2012,34.3004344751685,20.69
11-01-2012,34.5058852231328,21.05
12-01-2012,33.0474047932336,20.47
13-01-2012,33.0476528528956,20.91
17-01-2012,32.1996211240704,22.2
18-01-2012,31.9658404903579,20.89
19-01-2012,31.9053500087595,19.87
20-01-2012,31.4386721934844,18.28
23-01-2012,30.4616202746598,18.67
24-01-2012,30.3870591095806,18.91
25-01-2012,30.2527974093331,18.31
26-01-2012,29.6593507241071,18.57
27-01-2012,29.2163520520976,18.53
30-01-2012,28.430337776955,19.4
31-01-2012,27.8524862216756,19.44
01-02-2012,27.1779140357924,18.55
02-02-2012,27.5237139686188,17.98
03-02-2012,27.6771219949741,17.1
06-02-2012,27.604004161049,17.76
07-02-2012,27.2371741373026,17.65
08-02-2012,26.9966649211971,18.16
09-02-2012,27.1121742292379,18.63
10-02-2012,27.8509557134749,20.79
13-02-2012,28.6849045731442,19.04
14-02-2012,28.647380764074,19.54
15-02-2012,28.9356410527802,21.14
16-02-2012,28.9083024946365,19.22
17-02-2012,28.8561778403811,17.78
21-02-2012,28.6956919906547,18.19
22-02-2012,29.6610790675335,18.19
23-02-2012,28.6280764904317,16.8
24-02-2012,28.782077190389,17.31
27-02-2012,28.655877821118,18.19
28-02-2012,28.4138421322735,17.96
29-02-2012,28.8842263948727,18.43
01-03-2012,27.6576400823242,17.26
02-03-2012,27.641102571604,17.29
05-03-2012,27.4024142666777,18.05
06-03-2012,27.3256077809179,20.87
07-03-2012,27.9864626871928,19.07
08-03-2012,28.0439186907072,17.95
09-03-2012,27.7223392197638,17.11
12-03-2012,27.6089537258137,15.64
13-03-2012,27.0693098990788,14.8
14-03-2012,26.8851227173768,15.31
15-03-2012,26.9712640678124,15.42
16-03-2012,26.8217147871509,14.47
19-03-2012,26.7038211361591,15.04
20-03-2012,26.6603848012228,15.58
21-03-2012,26.5854343445175,15.13
22-03-2012,26.6114321274595,15.57
23-03-2012,26.8357264759844,14.82
26-03-2012,26.9179451257955,14.26
27-03-2012,26.7825088887235,15.59
28-03-2012,26.794181826665,15.47
29-03-2012,27.3209424767498,15.48
30-03-2012,27.9792078585497,15.5
02-04-2012,27.553047806846,15.64
03-04-2012,27.4930362969717,15.66
04-04-2012,27.1229139224408,16.44
05-04-2012,25.3594527265413,16.7
09-04-2012,25.2025276726039,18.81
10-04-2012,25.5221628991693,20.39
11-04-2012,26.1374694681761,20.02
12-04-2012,26.4453301826789,17.2
13-04-2012,26.4380990405094,19.55
16-04-2012,26.4113145706006,19.55
17-04-2012,26.2703139841845,18.46
18-04-2012,26.1971408209859,18.64
19-04-2012,25.9708395151826,18.36
20-04-2012,25.7410401404037,17.44
23-04-2012,25.4076030051754,18.97
24-04-2012,25.5691740239375,18.1
25-04-2012,25.4241040040161,16.82
26-04-2012,25.0216251678407,16.24
27-04-2012,24.6066811530829,16.32
30-04-2012,24.5177687509753,17.15
01-05-2012,24.2807659019956,16.6
02-05-2012,23.4636289029285,16.88
03-05-2012,23.0330883076879,17.56
04-05-2012,23.6045604719727,19.16
07-05-2012,24.6325565337801,18.94
08-05-2012,24.9054395672219,19.05
09-05-2012,25.2175440511004,20.08
10-05-2012,24.6499072921016,18.83
11-05-2012,24.1495597562617,19.89
14-05-2012,23.9040226505793,21.87
15-05-2012,24.6549405744981,21.97
16-05-2012,25.0791214614455,22.27
17-05-2012,26.0170818381529,24.49
18-05-2012,26.0133733055392,25.1
21-05-2012,26.8069659551033,22.01
22-05-2012,27.5058938177939,22.48
23-05-2012,27.2918845839411,22.33
24-05-2012,27.4866909029395,21.54
25-05-2012,27.3024052066415,21.76
29-05-2012,26.979334955892,21.03
30-05-2012,27.127161417058,24.14
31-05-2012,26.7817967403865,24.06
01-06-2012,26.4141766332922,26.66
04-06-2012,28.6400770225402,26.12
05-06-2012,28.4714834226475,24.68
06-06-2012,28.1601245632441,22.16
07-06-2012,27.2148806156657,21.72
08-06-2012,27.0433117021392,21.23
11-06-2012,26.9495487028147,23.56
12-06-2012,26.8958906820532,22.09
13-06-2012,26.5483194371735,24.27
14-06-2012,26.1573730897614,21.68
15-06-2012,25.8145604309491,21.11
18-06-2012,26.1942430184987,18.32
19-06-2012,26.0204620712515,18.38
20-06-2012,26.9778125269408,17.24
21-06-2012,26.6377636602953,20.08
22-06-2012,27.8568231642839,18.11
25-06-2012,28.0683210131775,20.38
26-06-2012,28.9113031989062,19.72
27-06-2012,28.0638890142716,19.45
28-06-2012,27.8637970975544,19.71
29-06-2012,27.7381338556036,17.08
02-07-2012,32.494290302372,16.8
03-07-2012,31.6303408267339,16.66
05-07-2012,31.3088293152406,17.5
06-07-2012,31.210966283321,17.1
09-07-2012,31.0774095000769,17.98
10-07-2012,31.0594452293116,18.72
11-07-2012,31.0974083029673,17.95
12-07-2012,30.7668207503289,18.33
13-07-2012,30.4212194897442,16.74
16-07-2012,29.8448121242887,17.11
17-07-2012,29.7413058879951,16.48
18-07-2012,29.601492096627,16.16
19-07-2012,29.5168695899454,15.45
20-07-2012,28.6230773296133,16.27
23-07-2012,28.5716174459638,18.62
24-07-2012,30.7051689301984,20.47
25-07-2012,30.7320192096903,19.34
26-07-2012,30.3975646907821,17.53
27-07-2012,30.5850394837979,16.7
30-07-2012,30.4928850448686,18.03
31-07-2012,29.6361691249557,18.93
01-08-2012,29.347187077902,18.96
02-08-2012,29.3682641197531,17.57
03-08-2012,28.7115530859506,15.64
06-08-2012,28.4179355015383,15.95
07-08-2012,28.1310310141215,15.99
08-08-2012,28.3568854223443,15.32
09-08-2012,27.8749427019096,15.28
10-08-2012,27.8414666656146,14.74
13-08-2012,27.3805264258782,13.7
14-08-2012,27.0730846845993,14.85
15-08-2012,26.7273543249352,14.63
16-08-2012,26.6226820849938,14.29
17-08-2012,26.4609192163559,13.45
20-08-2012,26.4563100306684,14.02
21-08-2012,25.9809985883358,15.02
22-08-2012,25.7313203318642,15.11
23-08-2012,25.8507015597247,15.96
24-08-2012,25.9581810605044,15.18
27-08-2012,25.6418129592936,16.35
28-08-2012,25.5478330423542,16.49
29-08-2012,25.093323588092,17.06
30-08-2012,25.1311022918319,17.83
31-08-2012,25.5904439901403,17.47
04-09-2012,26.4334901608957,17.98
05-09-2012,25.5515403810269,17.74
06-09-2012,25.3982476480481,15.6
07-09-2012,24.1000876536408,14.38
10-09-2012,24.3371698928683,16.28
11-09-2012,23.7055263969135,16.41
12-09-2012,24.0685107538798,15.8
13-09-2012,23.8630232066624,14.05
14-09-2012,23.2525541787882,14.51
17-09-2012,24.2963309857936,14.59
18-09-2012,23.6524464909092,14.18
19-09-2012,23.514066652966,13.88
20-09-2012,22.7694299427577,14.07
21-09-2012,22.8603149557272,13.98
24-09-2012,22.1470948596989,14.15
25-09-2012,21.453866422351,15.43
26-09-2012,21.9533134418395,16.81
27-09-2012,23.8117621621246,14.84
28-09-2012,24.3362993851062,15.73
01-10-2012,24.0347157236953,16.32
02-10-2012,23.7200828721668,15.71
03-10-2012,23.4085144971642,15.43
04-10-2012,22.9369278004112,14.55
05-10-2012,23.2906234210325,14.33
08-10-2012,22.7660258817344,15.11
09-10-2012,22.7436457380014,16.37
10-10-2012,22.1910687289087,16.29
11-10-2012,22.4809838259909,15.59
12-10-2012,22.6498794873773,16.14
15-10-2012,23.290524070476,15.27
16-10-2012,22.3116172197768,15.22
17-10-2012,22.189605234765,15.07
18-10-2012,22.8912578113244,15.03
19-10-2012,22.7867479973365,17.06
22-10-2012,24.3022531592514,16.62
23-10-2012,23.2822734590974,18.83
24-10-2012,23.4567755141878,18.33
25-10-2012,23.2616971074631,18.12
26-10-2012,22.8691219375525,17.81
31-10-2012,22.5283477974872,18.6
01-11-2012,21.0521566809748,16.69
02-11-2012,21.3596763024733,17.59
05-11-2012,21.6583741290328,18.42
06-11-2012,21.375860504244,17.58
07-11-2012,22.3813408212741,19.08
08-11-2012,23.4698734392498,18.49
09-11-2012,23.1794659127594,18.61
12-11-2012,22.8766735094419,16.68
13-11-2012,22.8297344666094,16.65
14-11-2012,23.0078971412732,17.92
15-11-2012,23.0781080941315,17.99
16-11-2012,22.9895474892622,16.41
19-11-2012,22.2133632824695,15.24
20-11-2012,23.1182526351413,15.08
21-11-2012,23.1576277939266,15.31
23-11-2012,22.9529768974928,15.14
26-11-2012,23.6324122379285,15.5
27-11-2012,22.9269713721045,15.92
28-11-2012,22.3571543107133,15.51
29-11-2012,22.1000390519389,15.06
30-11-2012,22.1400483484268,15.87
03-12-2012,21.8835664803621,16.64
04-12-2012,21.6770166901027,17.12
05-12-2012,21.3384741098173,16.46
06-12-2012,21.3900704195356,16.58
07-12-2012,21.1232982845994,15.9
10-12-2012,21.093351490786,16.05
11-12-2012,21.4171552113011,15.57
12-12-2012,20.8783691043217,15.95
13-12-2012,19.7264950275213,16.56
14-12-2012,19.1064197457831,17
17-12-2012,19.0205945680669,16.34
18-12-2012,18.9605054645637,15.57
19-12-2012,18.7508814540551,17.36
20-12-2012,20.6248762751052,17.67
21-12-2012,20.3968826329244,17.84
24-12-2012,21.289333790615,17.84
26-12-2012,21.188817448972,19.48
27-12-2012,20.8957261689908,19.47
28-12-2012,20.6759020112348,22.72
31-12-2012,20.4070243205148,18.02
02-01-2013,20.6389538277902,14.68
03-01-2013,24.0777511827892,14.56
04-01-2013,22.352823659099,13.83
07-01-2013,22.6789279221589,13.79
08-01-2013,22.2418102910682,13.62
09-01-2013,21.8989814856139,13.81
10-01-2013,22.3407706804184,13.49
11-01-2013,22.1832320692652,13.36
14-01-2013,22.1604835049897,13.52
15-01-2013,21.8465296541316,13.55
16-01-2013,21.7587106698085,13.42
17-01-2013,21.5942218789864,13.57
18-01-2013,21.4178535382498,12.46
22-01-2013,21.1407087548969,12.43
23-01-2013,20.5444428753592,12.46
24-01-2013,20.3989932965234,12.69
25-01-2013,20.4240617594595,12.89
28-01-2013,20.3458403240036,13.57
29-01-2013,20.5927775798282,13.31
30-01-2013,20.7850335816649,14.32
31-01-2013,21.0356568391372,14.28
01-02-2013,20.277629647278,12.9
04-02-2013,19.69872068,14.67
05-02-2013,19.7133208152991,13.72
06-02-2013,19.5755628135984,13.41
07-02-2013,19.1683066694652,13.5
08-02-2013,18.7328266039874,13.02
11-02-2013,18.7158038086935,12.94
12-02-2013,19.1027528154634,12.64
13-02-2013,19.0080417929513,12.98
14-02-2013,18.7652777944524,12.66
15-02-2013,17.9047635236545,12.46
19-02-2013,18.0697088652266,12.31
20-02-2013,18.8560810287677,14.68
21-02-2013,19.5533566232628,15.22
22-02-2013,20.746705854581,14.17
25-02-2013,19.9589478229251,18.99
26-02-2013,20.1871264275412,16.87
27-02-2013,19.9294297442258,14.73
28-02-2013,19.2513447858889,15.51
01-03-2013,19.0416780204642,15.36
04-03-2013,18.8959739619361,14.01
05-03-2013,18.6565834942568,13.48
06-03-2013,19.4108199203463,13.53
07-03-2013,17.8026880129702,13.06
08-03-2013,17.648094908611,12.59
11-03-2013,17.5053584667883,11.56
12-03-2013,17.3355256087975,12.27
13-03-2013,16.9463838839881,11.83
14-03-2013,15.7904177628833,11.3
15-03-2013,15.7550308287266,11.3
18-03-2013,15.5505587110509,13.36
19-03-2013,15.9936113320016,14.39
20-03-2013,16.270741583943,12.67
21-03-2013,16.499124776235,13.99
22-03-2013,16.4643266469287,13.57
25-03-2013,15.860922925548,13.74
26-03-2013,15.6196786333633,12.77
27-03-2013,15.5850703382029,13.15
28-03-2013,15.6616197272358,12.7
01-04-2013,15.6018360888767,13.58
02-04-2013,15.5491631126201,12.78
03-04-2013,15.932475715491,14.21
04-04-2013,16.9034232457859,13.89
05-04-2013,16.7971199201947,13.92
08-04-2013,16.6229031405319,13.19
09-04-2013,16.9665447257403,12.84
10-04-2013,17.2444123288677,12.36
11-04-2013,17.6693451014118,12.24
12-04-2013,17.5412304719672,12.06
15-04-2013,17.9262255825426,17.27
16-04-2013,22.1063552736468,13.96
17-04-2013,21.3762390242518,16.51
18-04-2013,22.0247692425442,17.56
19-04-2013,21.703643741532,14.97
22-04-2013,21.8115361064673,14.39
23-04-2013,21.9092941488459,13.48
24-04-2013,21.8545542368858,13.61
25-04-2013,22.6766050804364,13.62
26-04-2013,21.7625336773516,13.61
29-04-2013,21.4011070127969,13.71
30-04-2013,22.0396350639149,13.52
01-05-2013,21.900916734137,14.49
02-05-2013,22.7076282740012,13.59
03-05-2013,23.2692723672584,12.85
06-05-2013,22.8634954016105,12.66
07-05-2013,22.6714236291038,12.83
08-05-2013,22.5238496728189,12.66
09-05-2013,22.3245148247565,13.13
10-05-2013,21.9643271163989,12.59
13-05-2013,21.6156757620531,12.55
14-05-2013,21.1328262247466,12.77
15-05-2013,20.7132181404453,12.81
16-05-2013,21.0808807013842,13.07
17-05-2013,21.5814219865754,12.45
20-05-2013,22.1036118720292,13.02
21-05-2013,21.5178471019093,13.37
22-05-2013,22.003345918518,13.82
23-05-2013,22.0826578705796,14.07
24-05-2013,21.7751397460771,13.99
28-05-2013,20.0629615119515,14.48
29-05-2013,19.8461963411757,14.83
30-05-2013,19.4696491173228,14.53
31-05-2013,18.9158560440606,16.3
03-06-2013,18.8023915688336,16.28
04-06-2013,18.4157024954375,16.27
05-06-2013,18.2995084928905,17.5
06-06-2013,17.9242684180199,16.63
07-06-2013,17.871556570099,15.14
10-06-2013,18.0882926455249,15.44
11-06-2013,17.3519935461091,17.07
12-06-2013,18.2371719389415,18.59
13-06-2013,18.0559563358129,16.41
14-06-2013,17.625978727676,17.15
17-06-2013,17.3168281863285,16.8
18-06-2013,17.2154131815238,16.61
19-06-2013,16.8347817718318,16.64
20-06-2013,17.0582142455716,20.49
21-06-2013,20.9671628467525,18.9
24-06-2013,20.5459232504103,20.11
25-06-2013,20.7781109437077,18.47
26-06-2013,20.6102414120236,17.21
27-06-2013,22.1373983530919,16.86
28-06-2013,22.0250125825865,16.86
01-07-2013,21.91863038,16.37
02-07-2013,22.3217590640211,16.44
03-07-2013,21.9721143373299,16.2
05-07-2013,21.7392978712029,14.89
08-07-2013,21.5854978166694,14.78
09-07-2013,21.5178177529424,14.35
10-07-2013,21.3950805656206,14.21
11-07-2013,21.3421947938267,14.01
12-07-2013,21.5999916646126,13.84
15-07-2013,21.3143203925374,13.79
16-07-2013,20.3143614150924,14.42
17-07-2013,20.2338938079422,13.78
18-07-2013,20.1470147253617,13.77
19-07-2013,19.9977065855032,12.54
22-07-2013,19.9101359763224,12.29
23-07-2013,20.0694079884262,12.66
24-07-2013,19.9343281656595,13.18
25-07-2013,20.059876625967,12.97
26-07-2013,19.7863402878536,12.72
29-07-2013,19.6724258736026,13.39
30-07-2013,19.2339012068541,13.39
31-07-2013,18.6065048280568,13.45
01-08-2013,18.3087082392036,12.94
02-08-2013,17.5919732175726,11.98
05-08-2013,17.3853281170245,11.84
06-08-2013,17.255549726816,12.72
07-08-2013,17.4813314430836,12.98
08-08-2013,18.5582911658056,12.73
09-08-2013,18.1061303081698,13.41
12-08-2013,18.5649964274539,12.81
13-08-2013,18.3361707216133,12.31
14-08-2013,17.8804858995315,13.04
15-08-2013,17.9210768885181,14.73
16-08-2013,18.7532215709384,14.37
19-08-2013,18.5440413305777,15.1
20-08-2013,18.9340080525877,14.91
21-08-2013,18.3848968834494,15.94
22-08-2013,18.1859771621673,14.76
23-08-2013,17.9873007626851,13.98
26-08-2013,18.198379782841,14.99
27-08-2013,18.1334865134587,16.77
28-08-2013,20.2709012689371,16.49
29-08-2013,19.8060943252032,16.81
30-08-2013,19.7463163470604,17.01
03-09-2013,19.4964352661545,16.61
04-09-2013,18.8035763241855,15.88
05-09-2013,18.543413235621,15.77
06-09-2013,19.1164607257877,15.85
09-09-2013,18.9488641911907,15.63
10-09-2013,19.1824577246076,14.53
11-09-2013,18.6441340496553,13.82
12-09-2013,18.1955981448014,14.29
13-09-2013,18.1627080990792,14.16
16-09-2013,18.1559186176185,14.38
17-09-2013,18.0383168557388,14.53
18-09-2013,17.7222491944486,13.59
19-09-2013,18.6464275414021,13.16
20-09-2013,18.9521582847679,13.12
23-09-2013,18.5481978531177,14.31
24-09-2013,18.5709447198947,14.08
25-09-2013,18.64458147,14.01
26-09-2013,18.9661564718226,14.06
27-09-2013,19.2828284824996,15.46
30-09-2013,18.7610514000832,16.6
01-10-2013,17.7819516649482,15.54
02-10-2013,18.1888401904438,16.6
03-10-2013,17.5974977685609,17.67
04-10-2013,17.7457197222574,16.74
07-10-2013,16.9823805165776,19.41
08-10-2013,17.0620917567465,20.34
09-10-2013,17.0839750176946,19.6
10-10-2013,16.2189641043443,16.48
11-10-2013,16.7596096440997,15.72
14-10-2013,16.9514452837336,16.07
15-10-2013,17.0211350663774,18.66
16-10-2013,16.8034911587883,14.71
17-10-2013,17.0863802789101,13.48
18-10-2013,17.2498843474719,13.04
21-10-2013,17.4730707663261,13.16
22-10-2013,18.1390211997645,13.33
23-10-2013,18.2492219423015,13.42
24-10-2013,18.7402782305793,13.2
25-10-2013,18.4592573609539,13.09
28-10-2013,19.2126746611434,13.31
29-10-2013,19.6783098356393,13.41
30-10-2013,19.4548540865658,13.65
31-10-2013,19.9359377238633,13.75
01-11-2013,20.0229101679629,13.28
04-11-2013,19.240635497628,12.93
05-11-2013,19.0708930640378,13.27
06-11-2013,19.0171303820826,12.67
07-11-2013,17.5107497372834,13.91
08-11-2013,18.0217851736211,12.9
11-11-2013,17.4465556538984,12.53
12-11-2013,16.7318745039074,12.82
13-11-2013,16.7676399067286,12.52
14-11-2013,16.7727229146522,12.37
15-11-2013,16.8275770886187,12.19
18-11-2013,16.7150807234207,13.1
19-11-2013,16.9982097598759,13.39
20-11-2013,18.9848330094282,13.4
21-11-2013,18.9742081043053,12.66
22-11-2013,18.9059860099954,12.26
25-11-2013,18.9999620248129,12.79
26-11-2013,18.8097757562963,12.81
27-11-2013,18.2096441741914,12.98
29-11-2013,18.1890081434231,13.7
02-12-2013,18.0290449699294,14.23
03-12-2013,17.9150908798184,14.55
04-12-2013,17.9064291392477,14.7
05-12-2013,16.7474387372574,15.08
06-12-2013,16.6330191209535,13.79
09-12-2013,15.5955550638391,13.49
10-12-2013,16.3149258901445,13.91
11-12-2013,16.5084908355863,15.42
12-12-2013,16.4867288183584,15.54
13-12-2013,16.1482648811396,15.76
16-12-2013,15.9734634655198,16.03
17-12-2013,16.1828640012203,16.21
18-12-2013,15.7584259719013,13.8
19-12-2013,15.3250050715526,14.15
20-12-2013,15.861733587473,13.79
23-12-2013,15.3250447845541,13.04
24-12-2013,15.6116002364896,12.48
26-12-2013,15.5587975672013,12.33
27-12-2013,15.6465541780575,12.46
30-12-2013,15.9850225285449,13.56
31-12-2013,15.4843024112604,13.72
02-01-2014,15.5905005416621,14.23
03-01-2014,15.5234380507634,13.76
06-01-2014,16.0190263740117,13.55
07-01-2014,15.7136598622137,12.92
08-01-2014,16.3777832101219,12.87
09-01-2014,16.4254699170439,12.89
10-01-2014,16.224477292058,12.14
13-01-2014,15.9482069833692,13.28
14-01-2014,15.8866027548315,12.28
15-01-2014,15.9584696964486,12.28
16-01-2014,16.0563003765873,12.53
17-01-2014,15.7866312866006,12.44
21-01-2014,15.5383680872733,12.87
22-01-2014,15.3998772785279,12.84
23-01-2014,15.5285343597118,13.77
24-01-2014,15.574162156442,18.14
27-01-2014,17.44333445,17.42
28-01-2014,18.3305894024784,15.8
29-01-2014,18.9775675379104,17.35
30-01-2014,18.7253246232454,17.29
31-01-2014,18.8208987633519,18.41
03-02-2014,18.681257780416,21.44
04-02-2014,19.8905960980145,19.11
05-02-2014,19.7710997764619,19.95
06-02-2014,19.5983314662992,17.23
07-02-2014,19.9328670659712,15.29
10-02-2014,21.3867206563655,15.26
11-02-2014,21.1302928337417,14.51
12-02-2014,20.991949638171,14.3
13-02-2014,20.7255982671305,14.14
14-02-2014,21.1014598702006,13.57
18-02-2014,20.9844239234651,13.87
19-02-2014,22.4908499939123,15.5
20-02-2014,21.8097296752095,14.79
21-02-2014,21.2735323544179,14.68
24-02-2014,20.8652577431971,14.23
25-02-2014,20.6789064358646,13.67
26-02-2014,20.2053609637824,14.35
27-02-2014,21.4078890874896,14.04
28-02-2014,21.310402579671,14
03-03-2014,20.0236731965159,16
04-03-2014,19.1941436466521,14.1
05-03-2014,19.4887198525975,13.89
06-03-2014,19.1881147982127,14.21
07-03-2014,19.6819397752773,14.11
10-03-2014,19.7056401505658,14.2
11-03-2014,18.4097353472717,14.8
12-03-2014,18.6243075429954,14.47
13-03-2014,18.6853953285754,16.22
14-03-2014,18.7991024293076,17.82
17-03-2014,18.6600301566874,15.64
18-03-2014,18.2350024368348,14.52
19-03-2014,18.4346204629451,15.12
20-03-2014,18.3232854085088,14.52
21-03-2014,18.7095744166233,15
24-03-2014,18.8674797494731,15.09
25-03-2014,18.8190998675491,14.02
26-03-2014,17.9998703128528,14.93
27-03-2014,17.5371080168238,14.62
28-03-2014,17.6480087191986,14.41
31-03-2014,17.7278618878572,13.88
01-04-2014,17.8277660965246,13.1
02-04-2014,17.4416596878445,13.09
03-04-2014,17.4362756881548,13.37
04-04-2014,17.1524099868484,13.96
07-04-2014,17.0649802863141,15.57
08-04-2014,18.0643285511855,14.89
09-04-2014,18.671623542268,13.82
10-04-2014,18.8419118112786,15.89
11-04-2014,18.7333882761453,17.03
14-04-2014,18.9078465827592,16.11
15-04-2014,19.0884058511759,15.61
16-04-2014,19.4236164901018,14.18
17-04-2014,19.5274653103016,13.36
21-04-2014,19.1417032965529,13.25
22-04-2014,19.2865849054332,13.19
23-04-2014,18.7610792352524,13.27
24-04-2014,19.0094012964992,13.32
25-04-2014,19.0091540052952,14.06
28-04-2014,20.0918628244516,13.97
29-04-2014,20.2871461338435,13.71
30-04-2014,19.9936556870944,13.41
01-05-2014,19.7984695899271,13.25
02-05-2014,19.7984892866516,12.91
05-05-2014,19.7562392144964,13.29
06-05-2014,19.6539018664559,13.8
07-05-2014,19.8286570071408,13.4
08-05-2014,19.3189459848084,13.43
09-05-2014,19.333057752769,12.92
12-05-2014,19.4551905750025,12.23
13-05-2014,20.2974272517358,12.13
14-05-2014,20.2216008124305,12.17
15-05-2014,19.8805769089305,13.17
16-05-2014,19.9826025382591,12.44
19-05-2014,19.6433912276052,12.42
20-05-2014,19.4411457874866,12.96
21-05-2014,19.0015603858488,11.91
22-05-2014,19.1813989677474,12.03
23-05-2014,18.9207482918881,11.36
27-05-2014,18.8933171917861,11.51
28-05-2014,18.6696757514401,11.68
29-05-2014,18.6208816022647,11.57
30-05-2014,18.7327867808995,11.4
02-06-2014,18.4434221315611,11.58
03-06-2014,18.4050921409196,11.87
04-06-2014,18.2329394953924,12.08
05-06-2014,17.9368474784138,11.68
06-06-2014,18.2187071941733,10.73
09-06-2014,18.0516155837774,11.15
10-06-2014,19.1142636484837,10.99
11-06-2014,18.8375003538669,11.6
12-06-2014,18.5011246426498,12.56
13-06-2014,18.8319972976719,12.18
16-06-2014,19.4040193477513,12.65
17-06-2014,18.4990304274697,12.06
18-06-2014,17.7837137306505,10.61
19-06-2014,17.6195748598785,10.62
20-06-2014,17.5776173144632,10.85
23-06-2014,17.6210870820508,10.98
24-06-2014,17.3937531020933,12.13
25-06-2014,17.7042121694911,11.59
26-06-2014,17.6317332984429,11.63
27-06-2014,17.4451207743902,11.26
30-06-2014,17.3037471567317,11.57
01-07-2014,16.7137395585402,11.15
02-07-2014,16.6525514402674,10.82
03-07-2014,16.9879910787763,10.32
07-07-2014,17.0162431110101,11.33
08-07-2014,18.1835785267877,11.98
09-07-2014,19.521138187551,11.65
10-07-2014,18.9374744660388,12.59
11-07-2014,19.22878863,12.08
14-07-2014,19.2368501477706,11.82
15-07-2014,19.1708888497302,11.96
16-07-2014,18.4247045344529,11
17-07-2014,18.1491669775276,14.54
18-07-2014,18.2790343217328,12.06
21-07-2014,18.6648954356385,12.81
22-07-2014,18.4414049576683,12.24
23-07-2014,18.65748115,11.52
24-07-2014,18.4302245519132,11.84
25-07-2014,18.5471249967139,12.69
28-07-2014,18.3237589107201,12.56
29-07-2014,18.0074956832959,13.28
30-07-2014,18.206500847657,13.33
31-07-2014,18.3884058812509,16.95
01-08-2014,20.871896266717,17.03
04-08-2014,21.1482890835357,15.12
05-08-2014,21.0885591329319,16.87
06-08-2014,20.1038593867027,16.37
07-08-2014,20.136363495323,16.66
08-08-2014,19.9756152033582,15.77
11-08-2014,19.8115658495696,14.23
12-08-2014,21.5030259299857,14.13
13-08-2014,21.6242096026993,12.9
14-08-2014,21.9889560718037,12.42
15-08-2014,21.8094543629154,13.15
18-08-2014,22.0217712630182,12.32
19-08-2014,22.1586807347011,12.21
20-08-2014,22.1794942660786,11.78
21-08-2014,21.5844336778239,11.76
22-08-2014,21.0581741613546,11.47
25-08-2014,20.987043292258,11.7
26-08-2014,21.0473262335175,11.63
27-08-2014,20.5459769504001,11.78
28-08-2014,20.3756355406314,12.05
29-08-2014,20.7209053608714,11.98
02-09-2014,21.3028221838868,12.25
03-09-2014,21.6162906758814,12.36
04-09-2014,21.3059051357967,12.64
05-09-2014,20.8513048464951,12.09
08-09-2014,20.7274552062994,12.66
09-09-2014,20.2411947982016,13.5
10-09-2014,22.0433872658075,12.88
11-09-2014,21.7313884302497,12.8
12-09-2014,21.4782236845138,13.31
15-09-2014,21.5613485350765,14.12
16-09-2014,23.7710004122464,12.73
17-09-2014,23.8694752288771,12.65
18-09-2014,23.7042852922627,12.03
19-09-2014,23.4443139237001,12.11
22-09-2014,23.4501425367398,13.69
23-09-2014,23.9199750558121,14.93
24-09-2014,23.4176429229274,13.27
25-09-2014,23.2276953778584,15.64
26-09-2014,24.075238748518,14.85
29-09-2014,24.3152228471156,15.98
30-09-2014,23.8517201627529,16.31
01-10-2014,23.9597391718005,16.71
02-10-2014,25.1486706050303,16.16
03-10-2014,24.7961909538227,14.55
06-10-2014,24.6349912467912,15.46
07-10-2014,24.481866557526,17.2
08-10-2014,24.9648948124781,15.11
09-10-2014,24.3915863286622,18.76
10-10-2014,26.3791999835919,21.24
13-10-2014,27.1882981296817,24.64
14-10-2014,28.5422974021112,22.79
15-10-2014,28.3478229789722,26.25
16-10-2014,27.7951639888085,25.2
17-10-2014,28.4019894877316,21.99
20-10-2014,28.2040693541317,18.57
21-10-2014,28.3915277896326,16.08
22-10-2014,28.1776763569259,17.87
23-10-2014,28.2517940558279,16.53
24-10-2014,28.3516121553515,16.11
27-10-2014,28.0747619118127,16.04
28-10-2014,28.204955163996,14.39
29-10-2014,28.6271928797913,15.15
30-10-2014,28.0113878510156,14.52
31-10-2014,27.734886425614,14.03
03-11-2014,28.4395731008705,14.73
04-11-2014,28.1018338039267,14.89
05-11-2014,28.693843106744,14.17
06-11-2014,28.1689768116528,13.67
07-11-2014,27.9040712286702,13.12
10-11-2014,25.7938181899928,12.67
11-11-2014,25.4721477066825,12.92
12-11-2014,25.4694691517005,13.02
13-11-2014,24.5449190722489,13.79
14-11-2014,24.7741204931617,13.31
17-11-2014,24.2613930705624,13.99
18-11-2014,23.6532947781854,13.86
19-11-2014,23.5970597178318,13.96
20-11-2014,23.3292179515055,13.58
21-11-2014,22.6842401396672,12.9
24-11-2014,22.8089739794911,12.62
25-11-2014,22.6296786446693,12.25
26-11-2014,22.9571416909715,12.07
28-11-2014,21.731495277811,13.33
01-12-2014,28.026234779394,14.29
02-12-2014,28.2934422495464,12.85
03-12-2014,27.8843010288652,12.47
04-12-2014,27.8032757220468,12.38
05-12-2014,27.559023205466,11.82
08-12-2014,26.9974607103696,14.21
09-12-2014,28.185247879982,14.89
10-12-2014,27.7590444864211,18.53
11-12-2014,27.7350578893281,20.08
12-12-2014,27.1666133258308,21.08
15-12-2014,26.7195631233106,20.42
16-12-2014,27.2977647100354,23.57
17-12-2014,27.1740388852027,19.44
18-12-2014,27.0968242623369,16.81
19-12-2014,26.8696098565211,16.49
22-12-2014,26.9037213137772,15.25
23-12-2014,26.72989155,14.8
24-12-2014,26.509599526729,14.37
26-12-2014,26.2917798456812,14.5
29-12-2014,26.1960314868687,15.06
30-12-2014,25.9004398317081,15.92
31-12-2014,25.5342474732625,19.2
02-01-2015,24.7208092610606,17.79
05-01-2015,24.1824674125844,19.92
06-01-2015,25.136332498448,21.12
07-01-2015,25.3265935117468,19.31
08-01-2015,24.9261667240787,17.01
09-01-2015,25.395584156281,17.55
12-01-2015,25.028775562797,19.6
13-01-2015,25.8705310932751,20.56
14-01-2015,25.6455360279972,21.48
15-01-2015,25.03222926,22.39
16-01-2015,24.9612617679044,20.95
20-01-2015,24.3417385762614,19.89
21-01-2015,24.2357574558224,18.85
22-01-2015,23.9905110646079,16.4
23-01-2015,22.6990988009339,16.66
26-01-2015,22.4607712239549,15.52
27-01-2015,23.6010403141719,17.22
28-01-2015,23.5245604974278,20.44
29-01-2015,24.608602217094,18.76
30-01-2015,24.3421669046682,20.97
02-02-2015,22.7600224739488,19.43
03-02-2015,22.508862730169,17.33
04-02-2015,24.3085894070805,18.33
05-02-2015,23.8343589114676,16.85
06-02-2015,24.3276923604623,17.29
09-02-2015,23.7145283604851,18.55
10-02-2015,23.1298739570827,17.23
11-02-2015,22.8698801241529,16.96
12-02-2015,21.7172370026902,15.34
13-02-2015,22.0468154785117,14.69
17-02-2015,21.9632438858808,15.8
18-02-2015,21.7700365140729,15.45
19-02-2015,21.514618842944,15.29
20-02-2015,21.283632309854,14.3
23-02-2015,21.1765707136597,14.56
24-02-2015,21.1023253763206,13.69
25-02-2015,20.7952556305096,13.84
26-02-2015,20.4817314330683,13.91
27-02-2015,19.7922816384444,13.34
02-03-2015,19.751799998733,13.04
03-03-2015,19.0098819548553,13.86
04-03-2015,18.1125871777536,14.23
05-03-2015,16.4305345477514,14.04
06-03-2015,16.1837671249552,15.2
09-03-2015,16.7541913319954,15.06
10-03-2015,16.8955160364801,16.69
11-03-2015,17.9205562600057,16.87
12-03-2015,17.2415149883705,15.42
13-03-2015,17.0902065031419,16
16-03-2015,17.6877261812111,15.61
17-03-2015,17.464989806895,15.66
18-03-2015,17.259191404786,13.97
19-03-2015,17.704309041817,14.07
20-03-2015,17.3737124106733,13.02
23-03-2015,17.6376131653297,13.41
24-03-2015,17.6935750380365,13.62
25-03-2015,17.682687033164,15.44
26-03-2015,17.9623746764515,15.8
27-03-2015,17.3053693346828,15.07
30-03-2015,17.6143062486038,14.51
31-03-2015,17.4072608368376,15.29
01-04-2015,17.0433863890591,15.11
02-04-2015,16.7987855555898,14.67
06-04-2015,16.9453347039788,14.74
07-04-2015,17.2999820212269,14.78
08-04-2015,17.1304991286996,13.98
09-04-2015,16.7335716076806,13.09
10-04-2015,16.7806924857992,12.58
13-04-2015,16.9774214199484,13.94
14-04-2015,16.909592530647,13.67
15-04-2015,16.8577357667916,12.84
16-04-2015,17.5376147390585,12.6
17-04-2015,17.1728391338772,13.89
20-04-2015,18.2730982597006,13.3
21-04-2015,18.2505656476712,13.25
22-04-2015,18.2177995003933,12.71
23-04-2015,18.6004805972914,12.48
24-04-2015,18.8533808132372,12.29
27-04-2015,17.7770309539093,13.12
28-04-2015,17.700277083693,12.41
29-04-2015,17.6900291536841,13.39
30-04-2015,17.2385812354386,14.55
01-05-2015,17.5590150666161,12.7
04-05-2015,17.4783523908689,12.85
05-05-2015,16.5572750710762,14.31
06-05-2015,16.3735145748621,15.15
07-05-2015,16.0489657346868,15.13
08-05-2015,16.1931173619094,12.86
11-05-2015,16.5129361289047,13.85
12-05-2015,16.0179247870719,13.86
13-05-2015,16.2963452923739,13.76
14-05-2015,16.1358581941596,12.74
15-05-2015,15.8097912281765,12.38
18-05-2015,15.9907229704721,12.73
19-05-2015,15.9521654211478,12.85
20-05-2015,15.5503040902954,12.88
21-05-2015,14.8874336834608,12.11
22-05-2015,14.8786121603275,12.13
26-05-2015,14.9609589174756,14.06
27-05-2015,16.2149104937768,13.27
28-05-2015,15.5304715513121,13.31
29-05-2015,15.263211074888,13.84
01-06-2015,15.3068772305232,13.97
02-06-2015,14.8839495340418,14.24
03-06-2015,15.1679300458666,13.66
04-06-2015,14.983441503769,14.71
05-06-2015,14.8663686063062,14.21
08-06-2015,14.6947149766223,15.29
09-06-2015,14.2122747529476,14.47
10-06-2015,14.2962625706882,13.22
11-06-2015,14.788308253697,12.85
12-06-2015,14.7307641296404,13.78
15-06-2015,14.6804182543182,15.39
16-06-2015,14.544643779384,14.81
17-06-2015,14.4520637110911,14.5
18-06-2015,14.4025064904742,13.19
19-06-2015,15.1204204207383,13.96
22-06-2015,15.8024357387941,12.74
23-06-2015,16.0985518787325,12.11
24-06-2015,16.0874221452102,13.26
25-06-2015,16.1442741995887,14.01
26-06-2015,15.9641232686064,14.02
29-06-2015,15.857658612226,18.85
30-06-2015,19.4566503592733,18.23
01-07-2015,19.3736783762879,16.09
02-07-2015,19.0915816976993,16.79
06-07-2015,18.9931909151728,17.01
07-07-2015,22.1751480558052,16.09
08-07-2015,21.4292194049569,19.66
09-07-2015,23.0206176098528,19.97
10-07-2015,23.110263799752,16.83
13-07-2015,23.5932015801191,13.9
14-07-2015,23.8279249236643,13.37
15-07-2015,23.6950965668864,13.23
16-07-2015,24.360509360517,12.11
17-07-2015,24.1074037676875,11.95
20-07-2015,23.7560289042232,12.25
21-07-2015,23.3250790589745,12.22
22-07-2015,22.9607647928084,12.12
23-07-2015,22.2912369724784,12.64
24-07-2015,22.2359433148998,13.74
27-07-2015,22.4420416568674,15.6
28-07-2015,22.9252468654663,13.44
29-07-2015,22.3079945877894,12.5
30-07-2015,22.1102930269971,12.13
31-07-2015,21.9272413377105,12.12
03-08-2015,21.2925809964677,12.56
04-08-2015,21.0219325917419,13
05-08-2015,20.8299968881796,12.51
06-08-2015,20.1068104943467,13.77
07-08-2015,21.3781740397495,13.39
10-08-2015,21.43757814,12.23
11-08-2015,22.3239017250134,13.71
12-08-2015,22.4054595675595,13.61
13-08-2015,22.2336966701825,13.49
14-08-2015,22.0827761099172,12.83
17-08-2015,21.6609721206874,13.02
18-08-2015,21.1437450896217,13.79
19-08-2015,20.4873284357393,15.25
20-08-2015,20.9950049217745,19.14
21-08-2015,22.7644721173722,28.03
24-08-2015,23.0874459987963,40.74
25-08-2015,25.6393078304335,36.02
26-08-2015,25.2906025215403,30.32
27-08-2015,24.9173486599732,26.1
28-08-2015,27.2835620373911,26.05
31-08-2015,27.4156391218037,28.43
01-09-2015,26.1570248599581,31.4
02-09-2015,26.7177243815652,26.09
03-09-2015,26.230021311659,25.61
04-09-2015,25.894071634726,27.8
08-09-2015,25.0656817106446,24.9
09-09-2015,24.5019635548584,26.23
10-09-2015,24.1210391642634,24.37
11-09-2015,23.6298833472242,23.2
14-09-2015,23.5634451956753,24.25
15-09-2015,23.024242146553,22.54
16-09-2015,22.7326190100589,21.35
17-09-2015,23.4607353083384,21.14
18-09-2015,23.1302915142749,22.28
21-09-2015,23.1074521386428,20.14
22-09-2015,22.6872677269033,22.44
23-09-2015,22.9440804620104,22.13
24-09-2015,24.0889718477546,23.47
25-09-2015,23.9994212398386,23.62
28-09-2015,23.4507423279819,27.63
29-09-2015,24.2344811181007,26.83
30-09-2015,22.8643973111942,24.5
01-10-2015,22.7936231001006,22.55
02-10-2015,22.707811423223,20.94
05-10-2015,24.6002944686034,19.54
06-10-2015,25.5234501159307,19.4
07-10-2015,26.1356625422588,18.4
08-10-2015,26.2079022037069,17.42
09-10-2015,25.4880824414667,17.08
12-10-2015,25.4333414455856,16.17
13-10-2015,24.584026525514,17.67
14-10-2015,25.1858463215088,18.03
15-10-2015,24.2452809736578,16.05
16-10-2015,24.5674748719987,15.05
19-10-2015,23.9730856405994,14.98
20-10-2015,23.7192030115336,15.75
21-10-2015,23.2330549305131,16.7
22-10-2015,23.467083317527,14.45
23-10-2015,23.1565008971741,14.46
26-10-2015,23.1445945609266,15.29
27-10-2015,22.8122086736308,15.43
28-10-2015,23.6933709224152,14.33
29-10-2015,25.2845940828358,14.61
30-10-2015,24.5680466141591,15.07
02-11-2015,23.5959711718353,14.15
03-11-2015,23.2049692856758,14.54
04-11-2015,23.5141523296427,15.51
05-11-2015,23.2050233973288,15.05
06-11-2015,23.0319325636996,14.33
09-11-2015,22.3406821437402,16.52
10-11-2015,23.5121236400594,15.29
11-11-2015,23.3830013149859,16.06
12-11-2015,23.3364106707174,18.37
13-11-2015,23.4100702696383,20.08
16-11-2015,22.979190611352,18.16
17-11-2015,22.3933998230816,18.84
18-11-2015,22.4826314958892,16.85
19-11-2015,22.1138674239113,16.99
20-11-2015,21.8972399507302,15.47
23-11-2015,21.7595365781264,15.62
24-11-2015,20.9406954407166,15.93
25-11-2015,21.3221479317597,15.19
27-11-2015,20.7893213458492,15.12
30-11-2015,20.5909102663489,16.13
01-12-2015,20.3561929335273,14.67
02-12-2015,20.6532000053917,15.91
03-12-2015,20.5367964433071,18.11
04-12-2015,20.3842886365392,14.81
07-12-2015,20.0006608418566,15.84
08-12-2015,20.7894927787038,17.6
09-12-2015,22.1795110925945,19.61
10-12-2015,21.4745482898104,19.34
11-12-2015,21.6648607984138,24.39
14-12-2015,23.7042946788954,22.73
15-12-2015,23.2341148044661,20.95
16-12-2015,23.2956257308786,17.86
17-12-2015,26.0004783573137,18.94
18-12-2015,25.5044871397812,20.7
21-12-2015,25.1222857405826,18.7
22-12-2015,24.7706870300138,16.6
23-12-2015,24.828308698876,15.57
24-12-2015,24.8830915120184,15.74
28-12-2015,24.7967234106771,16.91
29-12-2015,23.8194736158782,16.08
30-12-2015,23.7672975958656,17.29
31-12-2015,24.1963753489799,18.21
04-01-2016,23.8732836327069,20.7
05-01-2016,23.7264900364179,19.34
06-01-2016,23.7066480559091,20.59
07-01-2016,24.0069924509498,24.99
08-01-2016,28.106549071162,27.01
11-01-2016,27.585592032403,24.3
12-01-2016,28.3032327200354,22.47
13-01-2016,28.482807638543,25.22
14-01-2016,28.0734265472005,23.95
15-01-2016,27.646847119942,27.02
19-01-2016,29.5865285351059,26.05
20-01-2016,28.5109102469244,27.59
21-01-2016,27.9852058311279,26.69
22-01-2016,27.9614142983497,22.34
25-01-2016,29.7899798149011,24.15
26-01-2016,30.0137176451363,22.5
27-01-2016,29.9059332792303,23.11
28-01-2016,29.3818184599065,22.42
29-01-2016,28.5097269324765,20.2
01-02-2016,29.3429324771192,19.98
02-02-2016,28.8728528319515,21.98
03-02-2016,30.0593237138967,21.65
04-02-2016,29.7471520008146,21.84
05-02-2016,29.6336791056022,23.38
08-02-2016,29.7665935687458,26
09-02-2016,30.5374459257479,26.54
10-02-2016,30.0767420275034,26.29
11-02-2016,29.232757632815,28.14
12-02-2016,29.4096765785857,25.4
16-02-2016,29.5087359187693,24.11
17-02-2016,30.1776942750703,22.31
18-02-2016,30.9913092255099,21.64
19-02-2016,30.7041546194023,20.53
22-02-2016,29.902386881404,19.38
23-02-2016,30.5400844114237,20.98
24-02-2016,30.3221325474237,20.72
25-02-2016,30.0146142903588,19.11
26-02-2016,30.0492086021919,19.81
29-02-2016,29.3442507913349,20.55
01-03-2016,29.1647593121925,17.7
02-03-2016,29.0981329401885,17.09
03-03-2016,29.4772458589057,16.7
04-03-2016,29.6049371283733,16.86
07-03-2016,28.5867010040311,17.35
08-03-2016,27.7246665053376,18.67
09-03-2016,28.2050197057662,18.34
10-03-2016,28.8243019942537,18.05
11-03-2016,28.264646664103,16.5
14-03-2016,28.9393346033777,16.92
15-03-2016,27.9986470121898,16.84
16-03-2016,28.1815714250522,14.99
17-03-2016,27.5569859626349,14.44
18-03-2016,29.1209611810078,14.02
21-03-2016,28.6762673645753,13.79
22-03-2016,28.024297071461,14.17
23-03-2016,27.6242962005695,14.94
24-03-2016,29.0048880910076,14.74
28-03-2016,28.1262476077841,15.24
29-03-2016,27.645511503988,13.82
30-03-2016,27.2832671708063,13.56
31-03-2016,26.7311827345233,13.95
01-04-2016,26.4350177781321,13.1
04-04-2016,26.337770110825,14.12
05-04-2016,26.1382491933704,15.42
06-04-2016,26.2115895777999,14.09
07-04-2016,25.8379822730224,16.16
08-04-2016,25.845441813389,15.36
11-04-2016,25.6713104418242,16.26
12-04-2016,25.9157920497214,14.85
13-04-2016,26.5168615255748,13.84
14-04-2016,26.394481799517,13.72
15-04-2016,26.3140017519152,13.62
18-04-2016,26.1472455978454,13.35
19-04-2016,26.0667426370636,13.24
20-04-2016,25.6187950895228,13.28
21-04-2016,25.0517295776425,13.95
22-04-2016,24.8625488448807,13.22
25-04-2016,24.2935061855057,14.08
26-04-2016,24.8560699063039,13.96
27-04-2016,24.6986896243862,13.77
28-04-2016,24.9941497269349,15.22
29-04-2016,24.0723476507909,15.7
02-05-2016,22.8679145210385,14.68
03-05-2016,23.7204238966465,15.6
04-05-2016,26.4644803970404,16.05
05-05-2016,25.5725007695317,15.91
06-05-2016,25.794324490254,14.72
09-05-2016,25.5326929295174,14.57
10-05-2016,25.3365004152773,13.63
11-05-2016,24.7914460906101,14.69
12-05-2016,24.2778639230347,14.41
13-05-2016,23.7530568655379,15.04
16-05-2016,23.6095502564547,14.68
17-05-2016,23.5607590745551,15.57
18-05-2016,23.3334152054944,15.95
19-05-2016,23.0191263977978,16.33
20-05-2016,23.1661383751442,15.2
23-05-2016,23.643984960579,15.82
24-05-2016,23.2276902467486,14.42
25-05-2016,22.955895676327,13.9
26-05-2016,23.0297244546737,13.43
27-05-2016,22.808214234385,13.12
31-05-2016,22.4547746040246,14.19
01-06-2016,21.2692533289348,14.2
02-06-2016,20.8143133437531,13.63
03-06-2016,20.6295303389329,13.47
06-06-2016,19.8126685655703,13.65
07-06-2016,21.0848254921199,14.05
08-06-2016,19.7869938313906,14.08
09-06-2016,19.6200428936805,14.64
10-06-2016,20.6552426501358,17.03
13-06-2016,23.1612016354417,20.97
14-06-2016,23.3728885274266,20.5
15-06-2016,23.8401513271367,20.14
16-06-2016,23.5932103851219,19.37
17-06-2016,23.2608526058431,19.41
20-06-2016,22.6700978370974,18.37
21-06-2016,23.3404392288199,18.48
22-06-2016,23.1580020137967,21.17
23-06-2016,22.6174716251694,17.25
24-06-2016,23.0482400333983,25.76
27-06-2016,27.9118797377839,23.85
28-06-2016,28.7083857722637,18.75
29-06-2016,30.2919421550567,16.64
30-06-2016,31.6257316119606,15.63
01-07-2016,30.5397009079234,14.77
05-07-2016,30.2996595437477,15.58
06-07-2016,30.5939907637045,14.96
07-07-2016,30.1223385677749,14.76
08-07-2016,29.6812958048869,13.2
11-07-2016,29.7569771880836,13.54
12-07-2016,29.5034943295161,13.55
13-07-2016,29.2016302217929,13.04
14-07-2016,28.5919870353928,12.82
15-07-2016,28.4598683494633,12.67
18-07-2016,27.4565889491835,12.44
19-07-2016,26.8400353209002,11.97
20-07-2016,26.8294742664441,11.77
21-07-2016,26.8590746518582,12.74
22-07-2016,26.8078521335903,12.02
25-07-2016,26.6015714612476,12.87
26-07-2016,26.4688647781451,13.05
27-07-2016,26.3905962035556,12.83
28-07-2016,26.0519065174341,12.72
29-07-2016,24.9693316861001,11.87
01-08-2016,24.603467947937,12.44
02-08-2016,24.5613708720597,13.37
03-08-2016,24.9677108265478,12.86
04-08-2016,24.4069082437304,12.42
05-08-2016,24.2090067069778,11.39
08-08-2016,23.9952883734067,11.5
09-08-2016,23.8839899231502,11.66
10-08-2016,22.8389241238874,12.05
11-08-2016,22.6569697700421,11.68
12-08-2016,22.109783570765,11.55
15-08-2016,21.9105224901098,11.81
16-08-2016,22.4166807912276,12.64
17-08-2016,22.0465543663109,12.19
18-08-2016,21.8069349302957,11.43
19-08-2016,22.9026812746932,11.34
22-08-2016,21.8606634879893,12.27
23-08-2016,21.397765697747,12.38
24-08-2016,21.6120109056838,13.45
25-08-2016,22.1509962901208,13.63
26-08-2016,22.0334238595852,13.65
29-08-2016,21.8404175127305,12.94
30-08-2016,21.5800699608262,13.12
31-08-2016,20.4004078817327,13.42
01-09-2016,20.7252090756061,13.48
02-09-2016,20.3220888485077,11.98
06-09-2016,20.5385637150627,12.02
07-09-2016,20.440813953232,11.94
08-09-2016,20.1799725961395,12.51
09-09-2016,20.1383497313222,17.5
12-09-2016,23.4854245096381,15.16
13-09-2016,23.269580730037,17.85
14-09-2016,24.338368175984,18.14
15-09-2016,24.3948954548878,16.3
16-09-2016,24.5090870571272,15.37
19-09-2016,24.2425492512287,15.53
20-09-2016,24.6628010239503,15.92
21-09-2016,24.1705980793973,13.3
22-09-2016,24.3825868367393,12.02
23-09-2016,24.2629963851726,12.29
26-09-2016,24.4662222575407,14.5
27-09-2016,23.6748430249659,13.1
28-09-2016,23.3599212891625,12.39
29-09-2016,23.6524724863377,14.02
30-09-2016,23.484041307788,13.29
03-10-2016,23.4125928328036,13.57
04-10-2016,22.591410198011,13.63
05-10-2016,22.3200124369913,12.99
06-10-2016,22.5085883928766,12.84
07-10-2016,22.3107100327946,13.48
10-10-2016,22.9811820333375,13.38
11-10-2016,22.8476833553841,15.36
12-10-2016,23.6778271955836,15.91
13-10-2016,23.4581345555668,16.69
14-10-2016,23.1634277831237,16.12
17-10-2016,23.0561641246071,16.21
18-10-2016,23.0664857912763,15.28
19-10-2016,23.0719371634036,14.41
20-10-2016,23.0859702081055,13.75
21-10-2016,22.8889760266883,13.34
24-10-2016,22.4435510782519,13.02
25-10-2016,22.4358190291696,13.46
26-10-2016,23.0374095101919,14.24
27-10-2016,22.9736194215604,15.36
28-10-2016,22.9350907182056,16.19
31-10-2016,22.9207298142553,17.06
01-11-2016,22.1504917041449,18.56
02-11-2016,22.483473171003,19.32
03-11-2016,22.6805405815597,22.08
04-11-2016,23.8283258907484,22.51
07-11-2016,23.7607190255595,18.71
08-11-2016,24.4583366510423,18.74
09-11-2016,24.3088545229696,14.38
10-11-2016,24.7583578378121,14.74
11-11-2016,25.451515722063,14.17
14-11-2016,24.76288507,14.48
15-11-2016,24.3693793954605,13.37
16-11-2016,23.5885146285424,13.72
17-11-2016,23.3108758136128,13.35
18-11-2016,23.0970701939196,12.85
21-11-2016,22.8603166958117,12.42
22-11-2016,23.1393162482842,12.41
23-11-2016,22.8078017800829,12.43
25-11-2016,22.3270663755527,12.34
28-11-2016,21.9356978888703,13.15
29-11-2016,21.761881544873,12.9
30-11-2016,21.2797591508168,13.33
01-12-2016,21.4038205171283,14.07
02-12-2016,21.2799641495618,14.12
05-12-2016,20.4503764509756,12.14
06-12-2016,20.2257995521136,11.79
07-12-2016,19.3787474084913,12.22
08-12-2016,19.8372506575382,12.64
09-12-2016,19.0470314686216,11.75
12-12-2016,18.9699771961551,12.64
13-12-2016,19.1095187186422,12.72
14-12-2016,18.7537706741531,13.19
15-12-2016,18.7768553760474,12.79
16-12-2016,18.1389005039293,12.2
19-12-2016,17.914139419751,11.71
20-12-2016,17.5732137341215,11.45
21-12-2016,17.4712029566837,11.27
22-12-2016,17.2467397252515,11.43
23-12-2016,16.8232912706933,11.44
27-12-2016,16.4879061624558,11.99
28-12-2016,15.9136879860313,12.95
29-12-2016,15.6069268359829,13.37
30-12-2016,15.4703799982735,14.04
03-01-2017,15.3987725817072,12.85
04-01-2017,15.0832480817301,11.85
05-01-2017,15.6103278875505,11.67
06-01-2017,15.5006738240343,11.32
09-01-2017,15.2625880872863,11.56
10-01-2017,14.6648081230143,11.49
11-01-2017,14.6598884356439,11.26
12-01-2017,14.6657484889903,11.54
13-01-2017,14.6015270120375,11.23
17-01-2017,14.8516303690203,11.87
18-01-2017,14.2311336036166,12.48
19-01-2017,14.3812130397998,12.78
20-01-2017,14.4814753217063,11.54
23-01-2017,15.014750342627,11.77
24-01-2017,15.0376649446497,11.07
25-01-2017,15.5043861283628,10.81
26-01-2017,15.7121617105618,10.63
27-01-2017,15.7568857403913,10.58
30-01-2017,15.7463454032912,11.88
31-01-2017,16.5609937925839,11.99
01-02-2017,16.4366195058522,11.81
02-02-2017,16.8462328434545,11.93
03-02-2017,16.6322657633644,10.97
06-02-2017,17.3730277139898,11.37
07-02-2017,17.6096791277171,11.29
08-02-2017,17.4632969928901,11.45
09-02-2017,17.3445549374747,10.88
10-02-2017,17.2005870352407,10.85
13-02-2017,17.6955604118398,11.07
14-02-2017,17.7210929380719,10.74
15-02-2017,17.6989622428664,11.97
16-02-2017,17.4575030055256,11.76
17-02-2017,17.1016695426127,11.49
21-02-2017,16.5497174016307,11.57
22-02-2017,16.8839783955702,11.74
23-02-2017,17.1053748315227,11.71
24-02-2017,16.549128104494,11.47
27-02-2017,16.772975130384,12.09
28-02-2017,16.6533768069935,12.92
01-03-2017,16.910241472709,12.54
02-03-2017,17.1762242147571,11.81
03-03-2017,17.1465704937219,10.96
06-03-2017,16.6424031879099,11.24
07-03-2017,16.5385029883754,11.45
08-03-2017,16.4795089162449,11.86
09-03-2017,16.6201260706355,12.3
10-03-2017,16.4297387203474,11.66
13-03-2017,15.9501221938822,11.35
14-03-2017,15.9920901468837,12.3
15-03-2017,16.4314577147624,11.63
16-03-2017,17.4034615073747,11.21
17-03-2017,17.135542559726,11.28
20-03-2017,17.0181826434958,11.34
21-03-2017,16.8243223333462,12.47
22-03-2017,19.4040138997775,12.81
23-03-2017,19.2608588375777,13.12
24-03-2017,18.7786628202007,12.96
27-03-2017,18.7654200730325,12.5
28-03-2017,18.5026181086765,11.53
29-03-2017,18.7990320505846,11.42
30-03-2017,18.7847531882884,11.54
31-03-2017,18.1721392416213,12.37
03-04-2017,18.2198900942667,12.38
04-04-2017,17.5821697828497,11.79
05-04-2017,17.0587656241166,12.89
06-04-2017,14.7504958588196,12.39
07-04-2017,14.8325351158218,12.87
10-04-2017,14.7428625357599,14.05
11-04-2017,15.0467969592539,15.07
12-04-2017,14.1533812630534,15.77
13-04-2017,13.8008788544338,15.96
17-04-2017,14.0523063685711,14.66
18-04-2017,13.9880815371176,14.42
19-04-2017,14.156446148611,14.93
20-04-2017,14.581632628866,14.15
21-04-2017,14.3767560824618,14.63
24-04-2017,14.0547355985501,10.84
25-04-2017,15.2635365702359,10.76
26-04-2017,15.631594099012,10.85
27-04-2017,15.3820695212097,10.36
28-04-2017,14.9124113939192,10.82
01-05-2017,14.6472911750257,10.11
02-05-2017,14.6615435107324,10.59
03-05-2017,14.6527402167283,10.68
04-05-2017,14.5651413502892,10.46
05-05-2017,16.6267770970933,10.57
08-05-2017,17.1364025851706,9.77
09-05-2017,17.023667730264,9.96
10-05-2017,16.8130800980608,10.21
11-05-2017,16.7927294128447,10.6
12-05-2017,16.2779768123842,10.4
15-05-2017,16.1416530165039,10.42
16-05-2017,16.6478641407318,10.65
17-05-2017,16.3773438339219,15.59
18-05-2017,18.7801246133858,14.66
19-05-2017,15.3334839630825,12.04
22-05-2017,15.6938248699516,10.93
23-05-2017,15.5451754315685,10.72
24-05-2017,15.4148581026189,10.02
25-05-2017,15.3063598820984,9.99
26-05-2017,14.8645191705926,9.81
30-05-2017,15.1727862583235,10.38
31-05-2017,15.1184546817358,10.41
01-06-2017,14.924210100533,9.89
02-06-2017,14.9339877622607,9.75
05-06-2017,14.3698361473584,10.07
06-06-2017,14.7656559092152,10.45
07-06-2017,14.6291450093907,10.39
08-06-2017,14.6230918990149,10.16
09-06-2017,14.7324740952781,10.7
12-06-2017,14.4277404355408,11.46
13-06-2017,14.2102472551513,10.42
14-06-2017,14.3440591259849,10.64
15-06-2017,13.5126554815036,10.9
16-06-2017,13.8835953777825,10.38
19-06-2017,13.7086785847602,10.37
20-06-2017,13.7799646860523,10.86
21-06-2017,14.8603361494032,10.75
22-06-2017,15.1589606047216,10.48
23-06-2017,15.1642917711297,10.02
26-06-2017,15.6193831769611,9.9
27-06-2017,15.5946203769492,11.06
28-06-2017,15.4524992594264,10.03
29-06-2017,15.8761998661574,11.44
30-06-2017,16.3291752168937,11.18
03-07-2017,16.4765609791285,11.22
05-07-2017,16.350316308502,11.07
06-07-2017,17.0679640638019,12.54
07-07-2017,16.843205862624,11.19
10-07-2017,16.8741320077913,11.11
11-07-2017,15.8888150269616,10.89
12-07-2017,15.6272493470623,10.3
13-07-2017,16.4017901462014,9.9
14-07-2017,16.0784414736525,9.51
17-07-2017,15.7574628627499,9.82
18-07-2017,15.6494887841022,9.89
19-07-2017,15.6629000716932,9.79
20-07-2017,16.1764905825909,9.58
21-07-2017,16.0864393075214,9.36
24-07-2017,15.3875269670684,9.43
25-07-2017,15.4185862223596,9.43
26-07-2017,15.2817506384047,9.6
27-07-2017,15.141481258094,10.11
28-07-2017,15.3788365589769,10.29
31-07-2017,15.349045634636,10.26
01-08-2017,15.2941858380279,10.09
02-08-2017,15.5700865970626,10.28
03-08-2017,15.6600994931538,10.44
04-08-2017,15.7551417693691,10.03
07-08-2017,15.4996571125363,9.93
08-08-2017,15.7671696403272,10.96
09-08-2017,16.0609251573862,11.11
10-08-2017,15.8670554646722,16.04
11-08-2017,17.772876958873,15.51
14-08-2017,17.6185018544596,12.33
15-08-2017,17.6879635148596,12.04
16-08-2017,17.6117940270434,11.74
17-08-2017,17.4078784984922,15.55
18-08-2017,18.1270737601503,14.26
21-08-2017,18.604732799627,13.19
22-08-2017,18.9239506924537,11.35
23-08-2017,19.2186452924128,12.25
24-08-2017,18.855645402642,12.23
25-08-2017,18.2280385898099,11.28
28-08-2017,17.6768098389297,11.32
29-08-2017,17.6083864581024,11.7
30-08-2017,17.5721389890845,11.22
31-08-2017,17.4533475340965,10.59
01-09-2017,17.9507933236239,10.13
05-09-2017,18.0482390999923,12.23
06-09-2017,18.342075999786,11.63
07-09-2017,17.9511534536709,11.55
08-09-2017,18.1411367804233,12.12
11-09-2017,18.1703112625526,10.73
12-09-2017,19.1241434959629,10.58
13-09-2017,19.0268047839985,10.5
14-09-2017,19.2477151023968,10.44
15-09-2017,18.0053305688223,10.17
18-09-2017,17.9843260400932,10.15
19-09-2017,17.9402477098964,10.18
20-09-2017,18.0453108597694,9.78
21-09-2017,17.462927481035,9.67
22-09-2017,17.5349427580365,9.59
25-09-2017,16.5627031284003,10.21
26-09-2017,17.5740402862182,10.17
27-09-2017,17.7914882742918,9.87
28-09-2017,17.6961812454468,9.55
29-09-2017,18.7730998194463,9.51
02-10-2017,17.8724043420191,9.45
03-10-2017,17.3188615756907,9.51
04-10-2017,17.1546332906275,9.63
05-10-2017,16.8719654297701,9.19
06-10-2017,16.6682114694649,9.65
09-10-2017,16.0416531727823,10.33
10-10-2017,15.8767752635126,10.08
11-10-2017,16.7505061639204,9.85
12-10-2017,16.3460647661435,9.91
13-10-2017,16.1597797624621,9.61
16-10-2017,16.0116137657613,9.91
17-10-2017,15.7101203769378,10.31
18-10-2017,15.7348107821639,10.07
19-10-2017,15.7420528563564,10.05
20-10-2017,15.8544881218874,9.97
23-10-2017,15.7437128621314,11.07
24-10-2017,15.8707273706518,11.16
25-10-2017,15.42917672,11.23
26-10-2017,16.2187360824114,11.3
27-10-2017,16.4526878402186,9.8
30-10-2017,17.7090007054341,10.5
31-10-2017,17.202406632018,10.18
01-11-2017,16.4546523837884,10.2
02-11-2017,16.3539321513569,9.93
03-11-2017,15.9886918913715,9.14
06-11-2017,16.1414013955026,9.4
07-11-2017,16.0342600347661,9.89
08-11-2017,16.0074749651891,9.78
09-11-2017,14.4226746022992,10.5
10-11-2017,13.5077558500301,11.29
13-11-2017,13.3083923393133,11.5
14-11-2017,13.1424545336548,11.59
15-11-2017,13.6393240639126,13.13
16-11-2017,14.0229538518153,11.76
17-11-2017,14.2298872729037,11.43
20-11-2017,14.3924352620605,10.65
21-11-2017,14.1281448805243,9.73
22-11-2017,14.1876730702075,9.88
24-11-2017,14.0128131466356,9.67
27-11-2017,14.2531298399718,9.87
28-11-2017,14.4347945569383,10.03
29-11-2017,14.505593209597,10.7
30-11-2017,14.4774870358714,11.28
01-12-2017,14.0459049310564,11.43
04-12-2017,13.8882782836097,11.68
05-12-2017,14.2579610016961,11.33
06-12-2017,14.1743652858101,11.02
07-12-2017,13.9944043642055,10.16
08-12-2017,14.3298730985501,9.58
11-12-2017,13.8790058696614,9.34
12-12-2017,14.0110036831372,9.92
13-12-2017,14.4423735837982,10.18
14-12-2017,13.5995935232596,10.49
15-12-2017,13.0546976596748,9.42
18-12-2017,12.8147969768086,9.53
19-12-2017,13.4407075826408,10.03
20-12-2017,13.4872792883068,9.72
21-12-2017,13.678405793386,9.62
22-12-2017,13.4536447179161,9.9
26-12-2017,13.1575506691013,10.25
27-12-2017,13.016411418598,10.47
28-12-2017,13.4632167922394,10.18
29-12-2017,13.3198386121327,11.04
02-01-2018,13.3414572301944,9.77
03-01-2018,15.0270766861206,9.15
04-01-2018,14.4481704455317,9.22
05-01-2018,14.2247927248248,9.22
08-01-2018,13.8652816036884,9.52
09-01-2018,13.7773424025803,10.08
10-01-2018,13.6483422261613,9.82
11-01-2018,14.0468737385575,9.88
12-01-2018,14.3792539897723,10.16
16-01-2018,14.2453496672595,11.66
17-01-2018,12.8416553464444,11.91
18-01-2018,13.0503387207729,12.22
19-01-2018,12.8783752709472,11.27
22-01-2018,12.8463896644305,11.03
23-01-2018,12.7370964305151,11.1
24-01-2018,12.6022306388192,11.47
25-01-2018,11.8381978757022,11.58
26-01-2018,12.1744075860844,11.08
29-01-2018,11.7769072484877,13.84
30-01-2018,10.1207911650263,14.79
31-01-2018,11.5181601947087,13.54
01-02-2018,11.3399044329762,13.47
02-02-2018,11.0379162974078,17.31
05-02-2018,12.8433387857428,37.32
06-02-2018,15.32300623,29.98
07-02-2018,15.082030133341,27.73
08-02-2018,14.8307395147528,33.46
09-02-2018,16.5006316297399,29.06
12-02-2018,15.6503051660308,25.61
13-02-2018,15.7192175052918,24.97
14-02-2018,15.6052520752692,19.26
15-02-2018,16.5583253138899,19.13
16-02-2018,16.9657829813315,19.46
20-02-2018,16.8844961097806,20.6
21-02-2018,16.5280279765413,20.02
22-02-2018,16.041554320168,18.72
23-02-2018,15.7360425920255,16.49
26-02-2018,15.4786855791184,15.8
27-02-2018,15.3530267429807,18.59
28-02-2018,15.9476865472397,19.85
01-03-2018,16.1374912362531,22.47
02-03-2018,16.6822713500104,19.59
05-03-2018,16.5274559205508,18.73
06-03-2018,16.459671974346,18.36
07-03-2018,16.0077146563393,17.76
08-03-2018,16.4744356714018,16.54
09-03-2018,16.3707781915871,14.64
12-03-2018,18.0596696710832,15.78
13-03-2018,18.1175293289549,16.35
14-03-2018,18.6007932516333,17.23
15-03-2018,18.1560941249858,16.59
16-03-2018,17.9184470283804,15.8
19-03-2018,17.2887504352667,19.02
20-03-2018,17.0885001987272,18.2
21-03-2018,16.9159339668592,17.86
22-03-2018,16.9574052342642,23.34
23-03-2018,17.8033787140764,24.87
26-03-2018,17.3291052351489,21.03
27-03-2018,18.1880951565159,22.5
28-03-2018,19.2014492802531,22.87
29-03-2018,19.4483068053047,19.97
02-04-2018,19.5256662973457,23.62
03-04-2018,20.5300637595966,21.1
04-04-2018,20.358855442084,20.06
05-04-2018,19.9982284165208,18.94
06-04-2018,19.861958689549,21.49
09-04-2018,20.1707409197061,21.77
10-04-2018,19.2516033021602,20.47
11-04-2018,19.5823586903425,20.24
12-04-2018,19.5183126588347,18.49
13-04-2018,19.6353234580365,17.41
16-04-2018,19.4157679,16.56
17-04-2018,18.8806035915221,15.25
18-04-2018,19.7904014890526,15.6
19-04-2018,19.1696712499804,15.96
20-04-2018,19.3522861223569,16.88
23-04-2018,19.5433832888726,16.34
24-04-2018,19.4162625881639,18.02
25-04-2018,17.9830799798392,17.84
26-04-2018,17.617514193355,16.24
27-04-2018,17.9074147399629,15.41
30-04-2018,17.6921726862954,15.93
01-05-2018,17.684470664986,15.49
02-05-2018,17.4765731547898,15.97
03-05-2018,17.2492842417259,15.9
04-05-2018,16.5757588910557,14.77
07-05-2018,16.3578468239879,14.75
08-05-2018,16.2704282374273,14.71
09-05-2018,15.6909927847343,13.42
10-05-2018,16.0113167539715,13.23
11-05-2018,16.4295027110173,12.65
14-05-2018,15.8309713578553,12.93
15-05-2018,15.4368691067777,14.63
16-05-2018,15.545124588984,13.42
17-05-2018,15.479656218949,13.43
18-05-2018,15.0733805520422,13.42
21-05-2018,14.85847827,13.08
22-05-2018,15.3093626783948,13.22
23-05-2018,14.7505263359984,12.58
24-05-2018,14.5960111903242,12.53
25-05-2018,14.3778477199033,13.22
29-05-2018,15.2926451030716,17.02
30-05-2018,15.0675629143366,14.94
31-05-2018,15.108236555761,15.43
01-06-2018,15.1326060044911,13.46
04-06-2018,15.0601698620583,12.74
05-06-2018,14.72945437,12.4
06-06-2018,14.5654690550705,11.64
07-06-2018,14.3569868201756,12.13
08-06-2018,14.1247423967354,12.18
11-06-2018,14.035645919418,12.35
12-06-2018,13.9200257603666,12.34
13-06-2018,13.1576424823282,12.94
14-06-2018,13.1282835075177,12.12
15-06-2018,13.4650322674487,11.98
18-06-2018,14.1550673589655,12.31
19-06-2018,13.9711801873861,13.35
20-06-2018,14.0693971420643,12.79
21-06-2018,14.1522938297316,14.64
22-06-2018,14.5648644897501,13.77
25-06-2018,15.1529670822117,17.33
26-06-2018,15.0972649377053,15.92
27-06-2018,15.4340379426461,17.91
28-06-2018,16.2300343997749,16.85
29-06-2018,16.0622147241762,16.09
02-07-2018,16.1120189907714,15.6
03-07-2018,15.936324047044,16.14
05-07-2018,15.9158096720923,14.97
06-07-2018,16.120562092683,13.37
09-07-2018,15.9886566727711,12.69
10-07-2018,14.9792492515837,12.64
11-07-2018,14.660866578307,13.63
12-07-2018,14.5510933670759,12.58
13-07-2018,14.788224590877,12.18
16-07-2018,14.5815393997613,12.83
17-07-2018,14.635900764558,12.06
18-07-2018,14.6267104758423,12.1
19-07-2018,14.921401825362,12.87
20-07-2018,14.0822734723415,12.86
23-07-2018,13.2585647542129,12.62
24-07-2018,13.4837885058093,12.41
25-07-2018,13.3270352019373,12.29
26-07-2018,13.3426083263234,12.14
27-07-2018,12.9709319792291,13.03
30-07-2018,12.8513284012815,14.26
31-07-2018,12.7426986273275,12.83
01-08-2018,12.9173449963274,13.15
02-08-2018,12.8325367055594,12.19
03-08-2018,12.9440288553468,11.64
06-08-2018,12.7244540411895,11.27
07-08-2018,12.3094905446432,10.93
08-08-2018,12.2121449381821,10.85
09-08-2018,12.2680283015438,11.27
10-08-2018,13.6628646962361,13.16
13-08-2018,13.7186583193288,14.78
14-08-2018,13.7642173943045,13.31
15-08-2018,13.5989149759206,14.64
16-08-2018,14.5438173014286,13.45
17-08-2018,14.2389536226067,12.64
20-08-2018,14.4024279724222,12.49
21-08-2018,14.4828085031141,12.86
22-08-2018,14.2647630736349,12.25
23-08-2018,13.9456147605446,12.41
24-08-2018,13.8032711420889,11.99
27-08-2018,13.6060368544142,12.16
28-08-2018,14.0611609031604,12.5
29-08-2018,14.045256012587,12.25
30-08-2018,14.2388107426301,13.53
31-08-2018,14.1495609633963,12.86
04-09-2018,13.6710007199894,13.16
05-09-2018,13.367530550379,13.91
06-09-2018,13.297851118995,14.65
07-09-2018,13.1872384019524,14.88
10-09-2018,12.7618637309487,14.16
11-09-2018,12.7752889953685,13.22
12-09-2018,11.9095689298738,13.14
13-09-2018,11.5879698202941,12.37
14-09-2018,11.5621617814132,12.07
17-09-2018,11.2960054103133,13.68
18-09-2018,10.9603685116081,12.79
19-09-2018,11.1216235463465,11.75
20-09-2018,11.2250636011124,11.8
21-09-2018,11.4363900222124,11.68
24-09-2018,11.2969718559965,12.2
25-09-2018,11.5538574839727,12.42
26-09-2018,12.1364211363667,12.89
27-09-2018,11.9490986780763,12.41
28-09-2018,12.0188931330119,12.12
01-10-2018,12.4364406849188,12
02-10-2018,12.3044244775123,12.05
03-10-2018,12.2307570888257,11.61
04-10-2018,11.6795892639836,14.22
05-10-2018,13.5919629060406,14.82
08-10-2018,12.4901106135474,15.69
09-10-2018,11.1625680928021,15.95
10-10-2018,11.3705792715265,22.96
11-10-2018,14.4541420207039,24.98
12-10-2018,15.5662457872113,21.31
15-10-2018,15.4789686392059,21.3
16-10-2018,15.480971437673,17.62
17-10-2018,16.6596622172522,17.4
18-10-2018,16.4234488756171,20.06
19-10-2018,16.3625081688399,19.89
22-10-2018,16.1692907042649,19.64
23-10-2018,16.1696443266421,20.71
24-10-2018,14.8068503306231,25.23
25-10-2018,16.7359441534601,24.22
26-10-2018,16.2532249460521,24.16
29-10-2018,15.5160696326469,24.7
30-10-2018,15.4009035526784,23.35
31-10-2018,14.8513938303508,21.23
01-11-2018,14.7226299263139,19.34
02-11-2018,15.1145081763906,19.51
05-11-2018,15.0611308461934,19.96
06-11-2018,14.07507551,19.91
07-11-2018,13.1885762942999,16.36
08-11-2018,12.4629199053625,16.72
09-11-2018,12.3185596668141,17.36
12-11-2018,12.7096829702003,20.45
13-11-2018,13.0228293795488,20.02
14-11-2018,12.7902446488071,21.25
15-11-2018,12.6108785254821,19.98
16-11-2018,12.3541655191541,18.14
19-11-2018,12.4208561307759,20.1
20-11-2018,12.690874191048,22.48
21-11-2018,13.3314028693864,20.8
23-11-2018,13.2823177127164,21.52
26-11-2018,13.9182754184044,18.9
27-11-2018,13.4096502648643,19.02
28-11-2018,13.3679061585736,18.49
29-11-2018,13.6646664981036,18.79
30-11-2018,13.2234433954465,18.07
03-12-2018,13.1898548405496,16.44
04-12-2018,14.0209173928002,20.74
06-12-2018,15.160088041239,21.19
07-12-2018,15.9381388266608,23.23
10-12-2018,15.8726256025132,22.64
11-12-2018,15.7280100911038,21.76
12-12-2018,15.6816715985905,21.46
13-12-2018,15.6956931645368,20.65
14-12-2018,15.5337792728946,21.63
17-12-2018,16.0906059534953,24.52
18-12-2018,16.8973259107055,25.58
19-12-2018,17.5964072995729,25.58
20-12-2018,16.9541827627856,28.38
21-12-2018,18.1195632857838,30.11
24-12-2018,18.309458849539,36.07
26-12-2018,18.9080183412479,30.41
27-12-2018,21.845207615882,29.96
28-12-2018,21.6367107373135,28.34
31-12-2018,21.3826478299127,25.42
02-01-2019,21.0142476024285,23.22
03-01-2019,21.0552520798491,25.45
04-01-2019,21.103977001493,21.38
07-01-2019,22.9496445556582,21.4
08-01-2019,22.8554206694256,20.47
09-01-2019,22.1824821206721,19.98
10-01-2019,22.6872535771547,19.5
11-01-2019,22.5038731792703,18.19
14-01-2019,22.4468940177897,19.07
15-01-2019,22.2595249766867,18.6
16-01-2019,22.1658641383877,19.04
17-01-2019,21.5749951588126,18.06
18-01-2019,21.7278527034743,17.8
22-01-2019,21.5492425100523,20.8
23-01-2019,22.5992751299478,19.52
24-01-2019,22.4203705251332,18.89
25-01-2019,23.2108432141523,17.42
28-01-2019,22.6613911993985,18.87
29-01-2019,22.036043210004,19.13
30-01-2019,22.1219328876953,17.66
31-01-2019,22.0745601278535,16.57
01-02-2019,21.2491468286695,16.14
04-02-2019,20.9312213389665,15.73
05-02-2019,20.7973291696897,15.57
06-02-2019,19.9564809446294,15.38
07-02-2019,18.8382115856505,16.37
08-02-2019,19.3436364416263,15.72
11-02-2019,19.413663337794,15.97
12-02-2019,19.1131420198288,15.43
13-02-2019,19.1096052163205,15.65
14-02-2019,18.9199480216999,16.22
15-02-2019,18.6940899791293,14.91
19-02-2019,17.6982842652535,14.88
20-02-2019,18.2633207789267,14.02
21-02-2019,18.0880464664613,14.46
22-02-2019,17.7223116638078,13.51
25-02-2019,18.2909646778408,14.85
26-02-2019,18.4066554545349,15.17
27-02-2019,18.0878813114458,14.7
28-02-2019,18.1693669084281,14.78
01-03-2019,17.3283590813009,13.57
04-03-2019,17.3225636645771,14.63
05-03-2019,16.9635470562625,14.74
06-03-2019,16.9978222620481,15.74
07-03-2019,18.8327393333452,16.59
08-03-2019,18.9970125765925,16.05
11-03-2019,18.7518665151627,14.33
12-03-2019,20.5763142456562,13.77
13-03-2019,20.4024418837801,13.41
14-03-2019,20.3621102558953,13.5
15-03-2019,20.0450642017708,12.88
18-03-2019,19.2572501400741,13.1
19-03-2019,18.9043841655681,13.56
20-03-2019,18.8249367664842,13.91
21-03-2019,18.5311539755691,13.63
22-03-2019,17.5383297368009,16.48
25-03-2019,20.3048634376227,16.33
26-03-2019,20.5263407925485,14.68
27-03-2019,20.2119355261231,15.15
28-03-2019,20.2623454278755,14.43
29-03-2019,20.1358671664781,13.71
01-04-2019,20.0837896449217,13.4
02-04-2019,20.2684367760921,13.36
03-04-2019,20.1604689926299,13.74
04-04-2019,20.3114801183001,13.58
05-04-2019,20.293457885222,12.82
08-04-2019,21.086914530254,13.18
09-04-2019,20.9385145406964,14.28
10-04-2019,21.2959079598161,13.3
11-04-2019,21.3863422327978,13.02
12-04-2019,20.9200616808259,12.01
15-04-2019,20.0417113408972,12.32
16-04-2019,19.7171404349376,12.18
17-04-2019,19.6702686295981,12.6
18-04-2019,19.12860263,12.09
22-04-2019,18.6807034240329,12.42
23-04-2019,18.428687016707,12.28
24-04-2019,18.7677212330327,13.14
25-04-2019,18.124337606807,13.25
26-04-2019,18.5945954370258,12.73
29-04-2019,18.1918406373581,13.11
30-04-2019,17.7877289250856,13.12
01-05-2019,17.4631002765637,14.8
02-05-2019,17.5371338347879,14.42
03-05-2019,17.3813375567999,12.87
06-05-2019,17.3349491147647,15.44
07-05-2019,17.7769515930347,19.32
08-05-2019,16.5116366213612,19.4
09-05-2019,15.9515018914563,19.1
10-05-2019,16.5087935759076,16.04
13-05-2019,16.805362084914,20.55
14-05-2019,19.0822247946681,18.06
15-05-2019,19.0211713848998,16.44
16-05-2019,18.7287698206639,15.29
17-05-2019,18.666459138017,15.96
20-05-2019,17.7777435794149,16.31
21-05-2019,16.6677978955611,14.95
22-05-2019,17.4070974732176,14.75
23-05-2019,16.6476262542189,16.92
24-05-2019,18.3209030994529,15.85
28-05-2019,17.9521886211359,17.5
29-05-2019,17.6290810874264,17.9
30-05-2019,17.50289477,17.3
31-05-2019,17.0559714543367,18.71
03-06-2019,16.847448838934,18.86
04-06-2019,16.9795881799701,16.97
05-06-2019,17.8386382328116,16.09
06-06-2019,17.6527186466124,15.93
07-06-2019,17.5336792821249,16.3
10-06-2019,17.6807048369482,15.94
11-06-2019,17.8327284951812,15.99
12-06-2019,17.2531434951701,15.91
13-06-2019,17.3671066374216,15.82
14-06-2019,17.6721933181921,15.28
17-06-2019,17.6274567239907,15.35
18-06-2019,18.2213399271432,15.15
19-06-2019,18.6563562526227,14.33
20-06-2019,18.5238758327268,14.75
21-06-2019,19.6410229714735,15.4
24-06-2019,19.3471385159877,15.26
25-06-2019,19.0537680280107,16.28
26-06-2019,18.8220342223424,16.21
27-06-2019,18.7845920585622,15.82
28-06-2019,18.7838697160148,15.08
01-07-2019,18.6728369274832,14.06
02-07-2019,18.8565044309886,12.93
03-07-2019,19.1723773481174,12.57
05-07-2019,18.9684632,13.28
08-07-2019,17.800050648503,13.96
09-07-2019,17.7204415290868,14.09
10-07-2019,17.5979120169159,13.03
11-07-2019,18.3239662114175,12.93
12-07-2019,17.8017112491062,12.39
15-07-2019,17.7125101951409,12.68
16-07-2019,17.3690188385201,12.86
17-07-2019,17.6453762398444,13.97
18-07-2019,17.3778788033313,13.53
19-07-2019,16.787028172643,14.45
22-07-2019,16.6901321557785,13.53
23-07-2019,15.7250579077125,12.61
24-07-2019,15.4643499823334,12.07
25-07-2019,16.0009746762061,12.74
26-07-2019,16.2149151840784,12.16
29-07-2019,16.0611893975103,12.83
30-07-2019,15.7206779593564,13.94
31-07-2019,15.143012740079,16.12
01-08-2019,15.2542627981005,17.87
02-08-2019,15.5936989828014,17.61
05-08-2019,15.3593937942094,24.59
06-08-2019,18.7491840789201,20.17
07-08-2019,18.7964919324647,19.49
08-08-2019,19.266435457091,16.91
09-08-2019,20.5543706205071,17.97
12-08-2019,20.8205549412818,21.09
13-08-2019,20.8564921684107,17.52
14-08-2019,19.9768910509547,22.1
15-08-2019,21.6985558837402,21.18
16-08-2019,21.080156055081,18.47
19-08-2019,21.2623016060698,16.88
20-08-2019,21.3757760592766,17.5
21-08-2019,21.3426205330707,15.8
22-08-2019,21.2222289416963,16.68
23-08-2019,21.1540344384792,19.87
26-08-2019,21.8506667314556,19.32
27-08-2019,21.491168143729,20.31
28-08-2019,21.2181436654322,19.35
29-08-2019,21.2991651972529,17.88
30-08-2019,21.5458315395057,18.98
03-09-2019,21.3932478398714,19.66
04-09-2019,21.7486866788751,17.33
05-09-2019,22.7450658789481,16.27
06-09-2019,22.4719305958954,15
09-09-2019,22.0361004263382,15.27
10-09-2019,21.5739698462614,15.2
11-09-2019,21.2683863712602,14.61
12-09-2019,21.8789115797929,14.22
13-09-2019,20.6792088642666,13.74
16-09-2019,20.2736811452131,14.67
17-09-2019,20.5814829015294,14.44
18-09-2019,20.4886649422924,13.95
19-09-2019,20.3099638045416,14.05
20-09-2019,19.6975639959253,15.32
23-09-2019,19.4614996201974,14.91
24-09-2019,18.9032540911092,17.05
25-09-2019,18.861502935892,15.96
26-09-2019,18.8136703897589,16.07
27-09-2019,18.5140919095546,17.22
30-09-2019,19.1987187549658,16.24
01-10-2019,19.2283982513511,18.56
02-10-2019,19.3478688697445,20.56
03-10-2019,20.0259969687952,19.12
04-10-2019,19.7362043369936,17.04
07-10-2019,21.3055412497998,17.86
08-10-2019,20.9973067583458,20.28
09-10-2019,21.1144351526833,18.64
10-10-2019,21.3953685897735,17.57
11-10-2019,21.4737722404377,15.58
14-10-2019,22.0995688575566,14.57
15-10-2019,21.2924113046464,13.54
16-10-2019,21.1227956953962,13.68
17-10-2019,19.7553010776694,13.79
18-10-2019,20.0571516930289,14.25
21-10-2019,19.2707718410069,14
22-10-2019,20.0122436812609,14.46
23-10-2019,19.0313604028398,14.01
24-10-2019,19.1929448748856,13.71
25-10-2019,17.5468551156193,12.65
28-10-2019,17.2512310752091,13.11
29-10-2019,17.1537384750083,13.2
30-10-2019,16.8643600913965,12.33
31-10-2019,16.5112818515261,13.22
01-11-2019,17.0540857972946,12.3
04-11-2019,17.9767317608635,12.83
05-11-2019,17.196504473513,13.1
06-11-2019,16.5998498713049,12.62
07-11-2019,16.4230470647712,12.73
08-11-2019,16.0387296584609,12.07
11-11-2019,15.8644042588414,12.69
12-11-2019,15.7063697303086,12.68
13-11-2019,14.6500918898079,13
14-11-2019,14.8696241352306,13.05
15-11-2019,14.4885092067477,12.05
18-11-2019,15.0755183117756,12.46
19-11-2019,14.522239937491,12.86
20-11-2019,15.6952854419311,12.78
21-11-2019,15.4393320582966,13.13
22-11-2019,15.3326992126343,12.34
25-11-2019,14.6630411504337,11.87
26-11-2019,15.2013943055049,11.54
27-11-2019,14.6517318446379,11.75
29-11-2019,14.6819816419562,12.62
02-12-2019,14.2778846056215,14.91
03-12-2019,14.1852260342435,15.96
04-12-2019,14.035544903231,14.8
05-12-2019,14.680138314215,14.52
06-12-2019,14.7238779050057,13.62
09-12-2019,14.8194287469686,15.86
10-12-2019,14.9330445754442,15.68
11-12-2019,14.8909757037743,14.99
12-12-2019,15.3711335144893,13.94
13-12-2019,15.923236496959,12.63
16-12-2019,15.8673048454812,12.14
17-12-2019,16.8868766333691,12.29
18-12-2019,16.8130671834619,12.58
19-12-2019,16.4627431377477,12.5
20-12-2019,16.2186536909682,12.51
23-12-2019,16.3502583294193,12.61
24-12-2019,15.8039247549644,12.67
26-12-2019,15.838336185041,12.65
27-12-2019,15.8810062802652,13.43
30-12-2019,15.7979395361798,14.82
31-12-2019,15.6290836859961,13.78
02-01-2020,15.3616253707829,12.47
03-01-2020,16.4833626594637,14.02
06-01-2020,16.8503946010437,13.85
07-01-2020,15.4997022968271,13.79
08-01-2020,15.2823772245846,13.45
09-01-2020,15.3928449257036,12.54
10-01-2020,15.3642246368973,12.56
13-01-2020,14.4555682569711,12.32
14-01-2020,15.2934235966513,12.39
15-01-2020,15.5356932405234,12.42
16-01-2020,14.8193259027806,12.32
17-01-2020,15.8290120551714,12.1
21-01-2020,15.6063047636749,12.85
22-01-2020,15.149310755008,12.91
23-01-2020,13.8531889367545,12.98
24-01-2020,13.6422064955621,14.56
27-01-2020,13.2137329311465,18.23
28-01-2020,16.9037888002291,16.28
29-01-2020,17.4714663249803,16.39
30-01-2020,17.334637709526,15.49
31-01-2020,17.0373545333972,18.84
03-02-2020,18.2667503383743,17.97
04-02-2020,18.5106436380749,16.05
05-02-2020,19.7720778837007,15.15
06-02-2020,19.7913229033127,14.96
07-02-2020,19.7067033673853,15.47
10-02-2020,20.2373664354452,15.04
11-02-2020,20.1663292153023,15.18
12-02-2020,20.7638257704232,13.74
13-02-2020,20.9098049234882,14.15
14-02-2020,20.7593428698777,13.68
18-02-2020,20.6642097339159,14.83
19-02-2020,20.3663171110387,14.38
20-02-2020,21.8698618495368,15.56
21-02-2020,21.1289702971709,17.08
24-02-2020,20.8520444337656,25.03
25-02-2020,23.5304067244427,27.85
26-02-2020,24.5942933797158,27.56
27-02-2020,22.2539430129677,39.16
28-02-2020,24.3637641073085,40.11
02-03-2020,23.6734039060206,33.42
03-03-2020,25.2629644646011,36.82
04-03-2020,24.8939916488585,31.99
05-03-2020,24.9308687142792,39.62
06-03-2020,24.8639084415992,41.94
09-03-2020,25.9300802704072,54.46
10-03-2020,33.1278801307936,47.3
11-03-2020,33.5009435189341,53.9
12-03-2020,34.3973608880012,75.47
13-03-2020,36.2379869596939,57.83
16-03-2020,36.496104710868,82.69
17-03-2020,37.6121172929224,75.91
18-03-2020,37.1967567315068,76.45
19-03-2020,38.4435131979311,72
20-03-2020,37.9576981706009,66.04
23-03-2020,36.9834333450412,61.59
24-03-2020,36.3722471312157,61.67
25-03-2020,37.1982192179942,63.95
26-03-2020,36.5189178032313,61
27-03-2020,35.781075397991,65.54
30-03-2020,36.0772202684299,57.08
31-03-2020,35.7921180811006,53.54
01-04-2020,35.4501393641068,57.06
02-04-2020,35.6121845200275,50.91
03-04-2020,35.3576468380006,46.8
06-04-2020,34.9960476875485,45.24
07-04-2020,35.1500631733429,46.7
08-04-2020,34.8227560771365,43.35
09-04-2020,34.0557934285246,41.67
13-04-2020,33.4643311020837,41.17
14-04-2020,33.1956538626763,37.76
15-04-2020,32.7266112785873,40.84
16-04-2020,32.7925724316285,40.11
17-04-2020,32.4576116151009,38.15
20-04-2020,32.4322005989992,43.83
21-04-2020,30.4159350720245,45.41
22-04-2020,30.7126721330599,41.98
23-04-2020,30.9101075972484,41.38
24-04-2020,30.6935620836375,35.93
27-04-2020,30.1049559528758,33.29
28-04-2020,29.8412968968293,33.57
29-04-2020,29.5715509795409,31.23
30-04-2020,30.1615919922413,34.15
01-05-2020,30.3877722630606,37.19
04-05-2020,30.5708672650934,35.97
05-05-2020,30.2607771242697,33.61
06-05-2020,30.3790424088399,34.12
07-05-2020,29.3874729959699,31.44
08-05-2020,29.0686746370395,27.98
11-05-2020,29.3024953421266,27.57
12-05-2020,27.9504965960424,33.04
13-05-2020,27.7647402671112,35.28
14-05-2020,27.8466560914286,32.61
15-05-2020,27.1160426261358,31.89
18-05-2020,26.3596603516395,29.3
19-05-2020,28.3236566045042,30.53
20-05-2020,27.9722328896462,27.99
21-05-2020,28.2007701242419,29.53
22-05-2020,27.8128504385979,28.16
26-05-2020,27.5401381555589,28.01
27-05-2020,28.3277498484282,27.62
28-05-2020,27.9165684930206,28.59
29-05-2020,27.2526070373519,27.51
01-06-2020,27.0805043763175,28.23
02-06-2020,26.7373413286288,26.84
03-06-2020,26.2559372266757,25.66
04-06-2020,26.9056473667229,25.81
05-06-2020,26.3987502301129,24.52
08-06-2020,27.0067163689384,25.81
09-06-2020,26.8733040139821,27.57
10-06-2020,26.7312987294621,27.57
11-06-2020,25.4599120245508,40.79
12-06-2020,29.0621321781892,36.09
15-06-2020,28.4413103166562,34.4
16-06-2020,28.2017556864063,33.67
17-06-2020,28.0834469540423,33.47
18-06-2020,27.9254306874454,32.94
19-06-2020,27.7180284940144,35.12
22-06-2020,27.1313833510487,31.77
23-06-2020,26.6822915132532,31.37
24-06-2020,26.4056282201451,33.84
25-06-2020,27.3941736440101,32.22
26-06-2020,27.1242675729471,34.73
29-06-2020,27.7664983308074,31.78
30-06-2020,28.8712503811653,30.43
01-07-2020,28.4777521758279,28.62
02-07-2020,27.9289983834216,27.68
06-07-2020,27.7296304005557,27.94
07-07-2020,27.1227344786091,29.43
08-07-2020,26.7675133818467,28.08
09-07-2020,27.0901136738272,29.26
10-07-2020,26.9553391355675,27.29
13-07-2020,26.857599230665,32.19
14-07-2020,26.6396728666972,29.52
15-07-2020,25.9870515011515,27.76
16-07-2020,26.1933010312187,28
17-07-2020,26.1201793245513,25.68
20-07-2020,25.9190689967309,24.46
21-07-2020,24.0513244695979,24.84
22-07-2020,24.0463655940279,24.32
23-07-2020,23.793832094137,26.08
24-07-2020,23.6387590670742,25.84
27-07-2020,23.9881623601622,24.74
28-07-2020,23.5741524637099,25.44
29-07-2020,23.5993770470836,24.1
30-07-2020,23.419829924002,24.76
31-07-2020,22.9648955560892,24.46
03-08-2020,22.7588917227851,24.28
04-08-2020,22.4148447726546,23.76
05-08-2020,21.242702095196,22.99
06-08-2020,21.9162750472106,22.65
07-08-2020,21.8434547295984,22.21
10-08-2020,21.7024921462123,22.13
11-08-2020,21.8354216285925,24.03
12-08-2020,21.5140487910067,22.28
13-08-2020,22.1926776702591,22.13
14-08-2020,22.0300290413098,22.05
17-08-2020,21.667923902047,21.35
18-08-2020,21.7741613737722,21.51
19-08-2020,21.1243633598195,22.54
20-08-2020,20.5997883890852,22.72
21-08-2020,21.5684448635723,22.54
24-08-2020,21.3390483109456,22.37
25-08-2020,21.8570876984915,22.03
26-08-2020,21.5314920392809,23.27
27-08-2020,21.336107182026,24.47
28-08-2020,21.353621033257,22.96
31-08-2020,21.167010124099,26.41
01-09-2020,21.3357479826708,26.12
02-09-2020,21.0454926915191,26.57
03-09-2020,20.0904047233612,33.6
04-09-2020,22.1571860517187,30.75
08-09-2020,20.3324323475705,31.46
09-09-2020,19.2783391367955,28.81
10-09-2020,19.5062986883017,29.71
11-09-2020,19.7885229274489,26.87
14-09-2020,19.7866008779368,25.85
15-09-2020,19.9878243012098,25.59
16-09-2020,20.2665695277721,26.04
17-09-2020,20.3224712983991,26.46
18-09-2020,19.767688325657,25.83
21-09-2020,19.58745236,27.78
22-09-2020,19.6901688341209,26.86
23-09-2020,19.5082684428334,28.58
24-09-2020,18.9466023878188,28.51
25-09-2020,18.6573538350328,26.38
28-09-2020,18.2023315152106,26.19
29-09-2020,18.337966436066,26.27
30-09-2020,18.3265848796676,26.37
01-10-2020,18.4728984314584,26.7
02-10-2020,19.5564802633442,27.63
05-10-2020,19.0492220307962,27.96
06-10-2020,20.8829834232355,29.48
07-10-2020,20.7573398090491,28.06
08-10-2020,21.8806322040378,26.36
09-10-2020,21.6470972412818,25
12-10-2020,21.8486457313315,25.07
13-10-2020,21.3521061366258,26.07
14-10-2020,21.0342117433272,26.4
15-10-2020,20.873341329659,26.97
16-10-2020,21.0232122851153,27.41
19-10-2020,20.9245221487902,29.18
20-10-2020,20.7270073367531,29.35
21-10-2020,20.5918212885838,28.65
22-10-2020,22.5977276501328,28.11
23-10-2020,22.3446478019378,27.55
26-10-2020,22.221604920837,32.46
27-10-2020,23.5527153253812,33.35
28-10-2020,23.0178904995145,40.28
29-10-2020,23.9310889849272,37.59
30-10-2020,23.979328255037,38.02
02-11-2020,23.7669521400087,37.13
03-11-2020,24.1110088593289,35.55
04-11-2020,24.0283737784523,29.57
05-11-2020,23.2623266186813,27.58
06-11-2020,27.4866689414435,24.86
09-11-2020,27.4984508390261,25.75
10-11-2020,28.2331462978151,24.8
11-11-2020,27.6683760700495,23.45
12-11-2020,27.8626036854447,25.35
13-11-2020,27.5737328262098,23.1
16-11-2020,27.1139850210575,22.45
17-11-2020,27.4716178831721,22.71
18-11-2020,27.0767073609272,23.84
19-11-2020,26.0453371729391,23.11
20-11-2020,25.5815978556431,23.7
23-11-2020,25.4235456520454,22.66
24-11-2020,25.7899063365882,21.64
25-11-2020,24.5145880477031,21.25
27-11-2020,24.5261059400947,20.84
30-11-2020,24.7614314333573,20.57
01-12-2020,23.9538763888421,20.77
02-12-2020,23.5317125157046,21.17
03-12-2020,23.1614747325458,21.28
04-12-2020,23.1007415627373,20.79
07-12-2020,23.1690355341816,21.3
08-12-2020,22.9396953042645,20.68
09-12-2020,23.0075062672451,22.27
10-12-2020,24.0817089322613,22.52
11-12-2020,24.3028463344785,23.31
14-12-2020,24.0102026656385,24.72
15-12-2020,23.1985619105363,22.89
16-12-2020,26.042582213597,22.5
17-12-2020,25.9166943585043,21.93
18-12-2020,25.7168229447451,21.57
21-12-2020,25.1886748944667,25.16
22-12-2020,24.6475757399779,24.23
23-12-2020,25.4350492999003,23.31
24-12-2020,24.949343337072,21.53
28-12-2020,24.784986026047,21.7
29-12-2020,23.6186990637747,23.08
30-12-2020,23.1249306012679,22.77
31-12-2020,23.1534248184232,22.75
04-01-2021,22.9392871639201,26.97
05-01-2021,22.7536904580426,25.34
06-01-2021,23.512697844488,25.07
07-01-2021,27.3881589081925,22.37
08-01-2021,30.0118939339872,21.56
11-01-2021,29.5535967380349,24.08
12-01-2021,29.3027096476179,23.33
13-01-2021,28.7981495264346,22.21
14-01-2021,27.4369096820076,23.25
15-01-2021,27.0900241551763,24.34
19-01-2021,28.4462943887236,23.24
20-01-2021,28.7609405959486,21.58
21-01-2021,28.4734038316291,21.32
22-01-2021,27.6914249541305,21.91
25-01-2021,27.2915810275607,23.19
26-01-2021,26.8665399153735,23.02
27-01-2021,25.6092647336906,37.21
28-01-2021,26.1257005346235,30.21
29-01-2021,25.8457622343645,33.09
01-02-2021,25.9578026891585,30.24
02-02-2021,26.7472470052094,25.56
03-02-2021,26.7150689601498,22.91
04-02-2021,26.4338962554379,21.77
05-02-2021,26.3007236511011,20.87
08-02-2021,26.0160921028741,21.24
09-02-2021,26.924993140792,21.63
10-02-2021,26.6494570904652,21.99
11-02-2021,25.7765531148803,21.25
12-02-2021,25.051645385132,19.97
16-02-2021,24.6954884673619,21.46
17-02-2021,24.1115517287103,21.5
18-02-2021,24.1206031667038,22.49
19-02-2021,26.0778053648359,22.05
22-02-2021,26.2336195587076,23.45
23-02-2021,27.9067333916199,23.11
24-02-2021,27.6937876759712,21.34
25-02-2021,27.1131138140257,28.89
26-02-2021,28.2790034320447,27.95
01-03-2021,27.4351093182473,23.35
02-03-2021,27.4642909128411,24.1
03-03-2021,26.1097213821119,26.67
04-03-2021,26.6406026577117,28.57
05-03-2021,27.1684910235228,24.66
08-03-2021,26.8588807999656,25.47
09-03-2021,26.4520256396042,24.03
10-03-2021,27.9053692615623,22.56
11-03-2021,27.724708474584,21.91
12-03-2021,27.9475705003674,20.69
15-03-2021,27.5681528417144,20.03
16-03-2021,27.1163313891336,19.79
17-03-2021,26.9485873551638,19.23
18-03-2021,26.634065811798,21.58
19-03-2021,27.8021096862372,20.95
22-03-2021,27.6644764653932,18.88
23-03-2021,27.6639648328584,20.3
24-03-2021,28.5014269792301,21.2
25-03-2021,28.4343200990249,19.81
26-03-2021,28.2586509453473,18.86
29-03-2021,28.4774165357352,20.74
30-03-2021,28.2448787035749,19.61
31-03-2021,28.4926270060885,19.4
01-04-2021,28.438481076612,17.33
05-04-2021,28.4887111882945,17.91
06-04-2021,28.6909327009324,18.12
07-04-2021,28.3313265336917,17.16
08-04-2021,28.6936963342764,16.95
09-04-2021,28.4163044621675,16.69
12-04-2021,28.1912114783967,16.91
13-04-2021,28.4930147600842,16.65
14-04-2021,28.2099251481605,16.99
15-04-2021,27.8933901575481,16.57
16-04-2021,27.4688399788043,16.25
19-04-2021,27.3820351869702,17.29
20-04-2021,28.2334728286535,18.68
21-04-2021,27.9185383408979,17.5
22-04-2021,27.6154477176218,18.71
23-04-2021,27.1834014747216,17.33
26-04-2021,26.98759628,17.64
27-04-2021,26.8785103742038,17.56
28-04-2021,26.6471358576717,17.28
29-04-2021,26.431594918065,17.61
30-04-2021,26.4843826294562,18.61
03-05-2021,27.0192925686634,18.31
04-05-2021,26.627493209448,19.48
05-05-2021,28.4887487761483,19.15
06-05-2021,28.1272125029427,18.39
07-05-2021,27.5095678489147,16.69
10-05-2021,27.2177327958312,19.66
11-05-2021,29.7347572983306,21.84
12-05-2021,29.0131326255858,27.59
13-05-2021,29.9195146503629,23.13
14-05-2021,29.6365324054935,18.81
17-05-2021,30.6352466041255,19.72
18-05-2021,30.4192561741826,21.34
19-05-2021,30.0000683130652,22.18
20-05-2021,29.9941924211327,20.67
21-05-2021,29.7272950198647,20.15
24-05-2021,29.0337405922796,18.4
25-05-2021,28.5391067792213,18.84
26-05-2021,27.9110422890991,17.36
27-05-2021,28.074167417926,16.74
28-05-2021,27.7506121736328,16.76
01-06-2021,27.5225997146046,17.9
02-06-2021,27.5851882984215,17.48
03-06-2021,27.3492931972745,18.04
04-06-2021,27.3506423848562,16.42
07-06-2021,27.1564791431644,16.42
08-06-2021,26.5814087095217,17.07
09-06-2021,25.5199781397074,17.89
10-06-2021,25.3943118735619,16.1
11-06-2021,24.6817553073385,15.65
14-06-2021,24.4767053384842,16.39
15-06-2021,23.8425039962609,17.02
16-06-2021,24.0216886764266,18.15
17-06-2021,23.9272446545727,17.75
18-06-2021,23.5565597873069,20.7
21-06-2021,24.7367427927861,17.89
22-06-2021,25.5153350412827,16.66
23-06-2021,25.2602407463557,16.32
24-06-2021,25.0209639324215,15.97
25-06-2021,25.2890053398644,15.62
28-06-2021,24.3453562940519,15.76
29-06-2021,24.2177584232138,16.02
30-06-2021,23.3104604290842,15.83
01-07-2021,22.9952175460108,15.48
02-07-2021,22.0875002458276,15.07
06-07-2021,21.924849834287,16.44
07-07-2021,22.6958869709871,16.2
08-07-2021,21.373881844995,19
09-07-2021,21.0545744380335,16.18
12-07-2021,21.2405168623424,16.17
13-07-2021,20.6206413867492,17.12
14-07-2021,20.2025112579892,16.33
15-07-2021,19.7508034653034,17.01
16-07-2021,17.9823647444084,18.45
19-07-2021,17.8985683930711,22.5
20-07-2021,18.7450511339767,19.73
21-07-2021,19.1224124038357,17.91
22-07-2021,21.0899266628603,17.69
23-07-2021,20.7349375882453,17.2
26-07-2021,20.5851574822891,17.58
27-07-2021,20.8067940074604,19.36
28-07-2021,20.7155131395771,18.31
29-07-2021,21.3577062762382,17.7
30-07-2021,21.1584620872039,18.24
02-08-2021,20.6844144066496,19.46
03-08-2021,20.4859502775235,18.04
04-08-2021,20.530055080637,17.97
05-08-2021,20.9445991444044,17.28
06-08-2021,20.577571933102,16.15
09-08-2021,19.8356982141807,16.72
10-08-2021,19.079549207706,16.79
11-08-2021,19.1619077239553,16.06
12-08-2021,18.9297405317004,15.59
13-08-2021,18.3072934769488,15.45
16-08-2021,18.5598037931359,16.12
17-08-2021,18.5990975089593,17.91
18-08-2021,18.6683366288415,21.57
19-08-2021,18.1383440340338,21.67
20-08-2021,18.6129591130549,18.56
23-08-2021,17.8080332431755,17.15
24-08-2021,18.7885453628805,17.22
25-08-2021,20.2056842434797,16.79
26-08-2021,20.63136864,18.84
27-08-2021,21.1290818377071,16.39
30-08-2021,21.8789665229211,16.19
31-08-2021,20.58851075,16.48
01-09-2021,20.0494781480913,16.11
02-09-2021,19.7176833037409,16.41
03-09-2021,19.7831016975561,16.41
07-09-2021,20.1423058878665,18.14
08-09-2021,19.557320123938,17.96
09-09-2021,20.0411614686803,18.8
10-09-2021,19.0267336713288,20.95
13-09-2021,18.9074242853761,19.37
14-09-2021,18.2001578386216,19.46
15-09-2021,18.1591693802378,18.18
16-09-2021,18.08039384,18.69
17-09-2021,17.9351873158589,20.81
20-09-2021,17.493985858177,25.71
21-09-2021,18.2697618784903,24.36
22-09-2021,17.7989894128272,20.87
23-09-2021,17.4618025023513,18.63
24-09-2021,18.1113239098376,17.75
27-09-2021,18.0246459152845,18.76
28-09-2021,18.8215947318685,23.25
29-09-2021,20.2911935332382,22.56
30-09-2021,20.215501200211,23.14
01-10-2021,19.9486868442741,21.15
04-10-2021,19.7899063274588,22.96
05-10-2021,18.6858001747145,21.3
06-10-2021,18.6112122277236,21
07-10-2021,18.6813489573855,19.54
08-10-2021,19.3053874241106,18.77
11-10-2021,19.0583423122491,20
12-10-2021,18.4989876091055,19.85
13-10-2021,18.5884912922041,18.64
14-10-2021,20.0030971577271,16.86
15-10-2021,19.9948698437013,16.3
18-10-2021,19.1932439614277,16.31
19-10-2021,19.1972792877364,15.7
20-10-2021,19.4468983874311,15.49
21-10-2021,18.4355103453437,15.01
22-10-2021,18.0360701048361,15.43
25-10-2021,17.741794824091,15.24
26-10-2021,17.6412206737908,15.98
27-10-2021,17.1809470372412,16.98
28-10-2021,16.9657972300892,16.53
29-10-2021,17.4210512667371,16.26
01-11-2021,17.1917569663002,16.41
02-11-2021,17.5163790492939,16.03
03-11-2021,17.9340661224901,15.1
04-11-2021,18.1259730794323,15.44
05-11-2021,17.177180322134,16.48
08-11-2021,16.5997105364574,17.22
09-11-2021,16.6966496329779,17.78
10-11-2021,14.302711598422,18.73
11-11-2021,14.1281716558483,17.66
12-11-2021,14.0608508000389,16.29
15-11-2021,14.0626493384675,16.49
16-11-2021,14.762431445023,16.37
17-11-2021,14.6684645186155,17.11
18-11-2021,14.3648837630037,17.59
19-11-2021,14.4392384691883,17.91
22-11-2021,14.207465962852,19.17
23-11-2021,14.1609209923426,19.38
24-11-2021,14.2844105469725,18.58
26-11-2021,14.3935273558851,28.62
29-11-2021,16.7601194523823,22.96
30-11-2021,16.5355632305928,27.19
01-12-2021,16.7749949042527,31.12
02-12-2021,16.9313565589591,27.95
03-12-2021,16.6067966450317,30.67
06-12-2021,17.3562535951485,27.18
07-12-2021,17.4252913564363,21.89
08-12-2021,18.8049338075428,19.9
09-12-2021,18.3610158965281,21.58
10-12-2021,18.4841131145849,18.69
13-12-2021,18.344033146573,20.31
14-12-2021,18.1151392129375,21.89
15-12-2021,18.761232557103,19.29
16-12-2021,18.4811252213214,20.57
17-12-2021,17.7086511480787,21.57
20-12-2021,17.9848357533118,22.87
21-12-2021,19.6923337143754,21.01
22-12-2021,20.2212405872078,18.63
23-12-2021,19.7168782988074,17.96
27-12-2021,19.4270219716035,17.68
28-12-2021,18.5326667388348,17.54
29-12-2021,18.1826008054575,16.95
30-12-2021,18.095955264194,17.33
31-12-2021,18.2923827744479,17.22
03-01-2022,18.0402716840896,16.6
04-01-2022,17.8604368957392,16.91
05-01-2022,17.9679899255585,19.73
06-01-2022,19.3216715165663,19.61
07-01-2022,19.7304504210644,18.76
10-01-2022,19.6753666315795,19.4
11-01-2022,19.8955745212855,18.41
12-01-2022,20.5263109053642,17.62
13-01-2022,20.03984574,20.31
14-01-2022,20.0166482664302,19.19
18-01-2022,19.9864315619523,22.79
19-01-2022,20.2958321110529,23.85
20-01-2022,20.0449841536625,25.59
21-01-2022,19.3871141021736,28.85
24-01-2022,21.516628596169,29.9
25-01-2022,20.9847555730313,31.16
26-01-2022,21.6597494908257,31.96
27-01-2022,19.9849165100429,30.49
28-01-2022,20.0424692181475,27.66
31-01-2022,19.5613003794482,24.83
01-02-2022,21.1306673274541,21.96
02-02-2022,20.9995315903002,22.09
03-02-2022,20.5578309313403,24.35
04-02-2022,20.6421242283843,23.22
07-02-2022,20.0740364460514,22.86
08-02-2022,19.8046635963901,21.44
09-02-2022,19.674792485574,19.96
10-02-2022,20.2311694714642,23.91
11-02-2022,20.3174816933711,27.36
14-02-2022,19.7089559927543,28.33
15-02-2022,19.3950624863675,25.7
16-02-2022,21.912436722157,24.29
17-02-2022,21.6452201001398,28.11
18-02-2022,21.566541988471,27.75
22-02-2022,21.7796714327122,28.81
23-02-2022,21.7487045044824,31.02
24-02-2022,21.5200743302086,30.32
25-02-2022,22.8603979889407,27.59
28-02-2022,23.6995132748502,30.15
01-03-2022,26.2032058961799,33.32
02-03-2022,26.0741111148551,30.74
03-03-2022,25.9620290698299,30.48
04-03-2022,24.6587571770955,31.98
07-03-2022,24.6192160214634,36.45
08-03-2022,23.8275975056136,35.13
09-03-2022,25.307262841944,32.45
10-03-2022,24.4204561760295,30.23
11-03-2022,23.2036927558785,30.75
14-03-2022,22.8389109040801,31.77
15-03-2022,24.0320358197568,29.83
16-03-2022,23.7173474949531,26.67
17-03-2022,23.9870418140368,25.67
18-03-2022,24.2095681949979,23.87
21-03-2022,24.111760010851,23.53
22-03-2022,24.0420286690167,22.94
23-03-2022,23.8173709193898,23.57
24-03-2022,23.6622725101314,21.67
25-03-2022,23.2686986269899,20.81
28-03-2022,23.3467872968829,19.63
29-03-2022,23.3714940523936,18.9
30-03-2022,23.225859547474,19.33
31-03-2022,22.9338787762059,20.56
01-04-2022,22.6670973051059,19.63
04-04-2022,22.5875696095296,18.57
05-04-2022,21.9928300468663,21.03
06-04-2022,21.7691413061262,22.1
07-04-2022,22.5576771831595,21.55
08-04-2022,21.984402381209,21.16
11-04-2022,21.4987483241258,24.37
12-04-2022,21.5883877373839,24.26
13-04-2022,21.686421931494,21.82
14-04-2022,20.9696063883606,22.7
18-04-2022,20.7525314442113,22.17
19-04-2022,20.6396957909674,21.37
20-04-2022,20.4407586338834,20.32
21-04-2022,19.9339447497354,22.68
22-04-2022,22.6018417330305,28.21
25-04-2022,23.5432578597316,27.02
26-04-2022,24.8421738674043,33.52
27-04-2022,24.6236843122124,31.6
28-04-2022,24.3599264441598,29.99
29-04-2022,24.6176872700818,33.4
02-05-2022,22.9887541213438,32.34
03-05-2022,22.9575410763024,29.25
04-05-2022,22.8225391178286,25.42
05-05-2022,22.7676578681749,31.2
06-05-2022,23.2357749947642,30.19
09-05-2022,24.1021409019518,34.75
10-05-2022,25.143519883555,32.99
11-05-2022,25.0969963818842,32.56
12-05-2022,24.9939346075114,31.77
13-05-2022,24.7005356774981,28.87
16-05-2022,25.7687965932827,27.47
17-05-2022,25.2564093453014,26.1
18-05-2022,25.8130612877985,30.96
19-05-2022,25.3963830399976,29.35
20-05-2022,25.4714182628986,29.43
23-05-2022,24.9685772207867,28.48
24-05-2022,24.9613983681166,29.45
25-05-2022,24.5102800215734,28.37
26-05-2022,24.4201540710114,27.5
27-05-2022,25.0002380655314,25.72
31-05-2022,25.7062784136497,26.19
01-06-2022,25.1828432112736,25.69
02-06-2022,25.0242419332421,24.72
03-06-2022,25.3555507730757,24.79
06-06-2022,24.829699880682,25.07
07-06-2022,23.7670627528514,24.02
08-06-2022,22.8201237890181,23.96
09-06-2022,22.455005360423,26.09
10-06-2022,22.4446238889436,27.75
13-06-2022,23.1376666986033,34.02
14-06-2022,24.8053953678933,32.69
15-06-2022,25.0185301240625,29.62
16-06-2022,24.8483983851021,32.95
17-06-2022,24.8785876846629,31.13
21-06-2022,24.5371683276599,30.19
22-06-2022,24.7826190192924,28.95
23-06-2022,24.7803066442954,29.05
24-06-2022,24.279370556131,27.23
27-06-2022,24.5131597505041,26.95
28-06-2022,24.5335023330057,28.36
29-06-2022,24.185616687386,28.16
30-06-2022,25.129338342153,28.71
01-07-2022,24.8556027443285,26.7
05-07-2022,23.3705990526623,27.54
06-07-2022,23.4099171623642,26.73
07-07-2022,23.2654246558808,26.08
08-07-2022,23.9266744838998,24.64
11-07-2022,23.7238416283231,26.17
12-07-2022,24.4081537195633,27.29
13-07-2022,24.9015937066352,26.82
14-07-2022,24.7323080329528,26.4
15-07-2022,24.7907266981059,24.23
18-07-2022,24.1879670734362,25.3
19-07-2022,24.2321171459218,24.5
20-07-2022,24.2937458794527,23.88
21-07-2022,23.9943757071249,23.11
22-07-2022,23.7268766876867,23.03
25-07-2022,23.6284646414285,23.36
26-07-2022,23.4275896778263,24.69
27-07-2022,23.51862983,23.24
28-07-2022,25.0887218869767,22.33
29-07-2022,26.2779082361279,21.33
01-08-2022,26.1258702555285,22.84
02-08-2022,25.7740935422937,23.93
03-08-2022,25.2367248259085,21.95
04-08-2022,25.0951092587903,21.44
05-08-2022,24.6849966668737,21.15
08-08-2022,24.7381763745259,21.29
09-08-2022,23.9263707805995,21.77
10-08-2022,24.0961508868993,19.74
11-08-2022,26.2212290126798,20.2
12-08-2022,25.5750030957546,19.53
15-08-2022,25.3898245834325,19.95
16-08-2022,25.2181355945149,19.69
17-08-2022,25.260185512498,19.9
18-08-2022,24.9603992841031,19.56
19-08-2022,24.5224119947332,20.6
22-08-2022,25.4439987971929,23.8
23-08-2022,25.7596009511254,24.11
24-08-2022,25.7362781784059,22.82
25-08-2022,25.6274565656179,21.78
26-08-2022,25.6145772541794,25.56
29-08-2022,25.8856153710722,26.21
30-08-2022,25.8562581784862,26.21
31-08-2022,25.9457466382533,25.87
01-09-2022,25.8666488129835,25.56
02-09-2022,26.4941737148722,25.47
06-09-2022,26.5360198959807,26.91
07-09-2022,25.8364194501518,24.64
08-09-2022,26.2894677558571,23.61
09-09-2022,26.1673476825188,22.79
12-09-2022,26.3052817222794,23.87
13-09-2022,26.2623775304008,27.27
14-09-2022,26.951758984279,26.16
15-09-2022,26.8255192696232,26.27
16-09-2022,27.268628511338,26.3
19-09-2022,27.1719566846337,25.76
20-09-2022,26.8917456792157,27.16
21-09-2022,26.333449825064,27.99
22-09-2022,26.3210215442122,27.35
23-09-2022,26.0093084628954,29.92
26-09-2022,27.648816297311,32.26
27-09-2022,28.089461311999,32.6
28-09-2022,27.5854181549516,30.18
29-09-2022,27.3106339370617,31.84
30-09-2022,27.951311753598,31.62
03-10-2022,27.4076779335714,30.1
04-10-2022,29.4261928413787,29.07
05-10-2022,30.0200550856352,28.55
06-10-2022,30.5293176573072,30.52
07-10-2022,30.1772154926849,31.36
10-10-2022,29.5852684053355,32.45
11-10-2022,29.5886611646125,33.63
12-10-2022,29.2853863199929,33.57
13-10-2022,29.0370787727072,31.94
14-10-2022,29.0291182836583,32.02
17-10-2022,28.6331679813005,31.37
18-10-2022,28.3438603129236,30.5
19-10-2022,28.3102962663994,30.76
20-10-2022,27.8366714366308,29.98
21-10-2022,27.6066425558333,29.69
24-10-2022,27.378563955749,29.85
25-10-2022,26.8488985089456,28.46
26-10-2022,25.9912842041564,27.28
27-10-2022,25.8875428239722,27.39
28-10-2022,25.7481684720655,25.75
31-10-2022,25.2235378918784,25.88
01-11-2022,24.6769334406203,25.81
02-11-2022,24.8707752213055,25.86
03-11-2022,24.4205703527315,25.3
04-11-2022,23.8506532860371,24.55
07-11-2022,25.2290681941068,24.35
08-11-2022,24.6461073158495,25.54
09-11-2022,23.9417660190044,26.09
10-11-2022,24.82268335,23.53
11-11-2022,26.7409429300818,22.52
14-11-2022,27.2701344822884,23.73
15-11-2022,26.9964557356248,24.54
16-11-2022,27.0742936042817,24.11
17-11-2022,27.3260604683955,23.93
18-11-2022,27.4028169234663,23.12
21-11-2022,26.9059578160189,22.36
22-11-2022,26.8968277318411,21.29
23-11-2022,26.859001987172,20.35
25-11-2022,26.8339016378489,20.5
28-11-2022,26.2311229777521,22.21
29-11-2022,26.5567690714948,21.89
30-11-2022,26.3353818568038,20.58
01-12-2022,26.9907046026212,19.84
02-12-2022,26.8158099895401,19.06
05-12-2022,26.6717045568959,20.75
06-12-2022,26.8209411980027,22.17
07-12-2022,27.1826025613791,22.68
08-12-2022,27.2235355557366,22.29
09-12-2022,27.1308850344232,22.83
12-12-2022,26.7920439562721,25
13-12-2022,25.9769174765391,22.55
14-12-2022,25.6992465602294,21.14
15-12-2022,25.2659485580786,22.83
16-12-2022,25.6682594760691,22.62
19-12-2022,25.5024457249133,22.42
20-12-2022,24.9898299214227,21.48
21-12-2022,24.620162227495,20.07
22-12-2022,24.9042796403889,21.97
23-12-2022,24.8923486624724,20.87
27-12-2022,24.8697251817812,21.65
28-12-2022,24.514620995798,22.14
29-12-2022,24.0792499621041,21.44
30-12-2022,24.1129749200496,21.67
03-01-2023,23.7124318919368,22.9
04-01-2023,23.8659470345046,22.01
05-01-2023,22.9292964724767,22.46
06-01-2023,22.7150216078058,21.13
09-01-2023,23.8132445816357,21.97
10-01-2023,24.030626858651,20.58
11-01-2023,23.9727889775734,21.09
12-01-2023,24.1497431650316,18.83
13-01-2023,24.4883510069315,18.35
17-01-2023,24.1146142046693,19.36
18-01-2023,23.7644745528673,20.34
19-01-2023,23.6631063671227,20.52
20-01-2023,25.1933907428816,19.85
23-01-2023,24.6433111426091,19.81
24-01-2023,24.4593914285793,19.2
25-01-2023,24.1286725802243,19.08
26-01-2023,23.8687634567718,18.73
27-01-2023,23.5915516520895,18.51
30-01-2023,23.3281225527705,19.94
31-01-2023,23.708680413173,19.4
01-02-2023,24.7365145680629,17.87
02-02-2023,24.354307952473,18.73
03-02-2023,24.1969523900556,18.33
06-02-2023,25.4767413547829,19.43
07-02-2023,25.7437324466389,18.66
08-02-2023,25.6481598216435,19.63
09-02-2023,25.2286208506755,20.71
10-02-2023,25.0708782190105,20.53
13-02-2023,24.926478757157,20.34
14-02-2023,24.8829956048893,18.91
15-02-2023,24.3064298173038,18.23
16-02-2023,24.2915355572616,20.17
17-02-2023,24.3275788445489,20.02
21-02-2023,24.4813098778481,22.87
22-02-2023,24.3746758523682,22.29
23-02-2023,24.4628607956882,21.14
24-02-2023,24.543802037442,21.67
27-02-2023,24.2766503162728,20.95
28-02-2023,24.2898594611536,20.7
01-03-2023,24.2151118244126,20.58
02-03-2023,22.8749363699397,19.59
03-03-2023,22.805831262521,18.49
06-03-2023,22.6447468527548,18.61
07-03-2023,22.9369967642466,19.59
08-03-2023,23.208324922138,19.11
09-03-2023,22.6069484028319,22.61
10-03-2023,22.706310402175,24.8
13-03-2023,23.1562329239248,26.52
14-03-2023,23.019560454596,23.73
15-03-2023,22.7906688620429,26.14
16-03-2023,24.1297071864488,22.99
17-03-2023,24.0650715928239,25.51
20-03-2023,24.6127708244441,24.15
21-03-2023,24.2920766807293,21.38
22-03-2023,24.1157214345946,22.26
23-03-2023,24.1639021744292,22.61
24-03-2023,23.9328468587979,21.74
27-03-2023,23.9453754592496,20.6
28-03-2023,24.078352463812,19.97
29-03-2023,23.517086229524,19.12
30-03-2023,24.0944056284891,19.02
31-03-2023,24.7153937320715,18.7
03-04-2023,24.4623136108945,18.55
04-04-2023,24.9689802738609,19
05-04-2023,25.0224615107514,19.08
06-04-2023,25.3139379990716,18.4
10-04-2023,25.1311851507995,18.97
11-04-2023,25.0745429291519,19.1
12-04-2023,25.2874566462106,19.09
13-04-2023,25.5371727820918,17.8
14-04-2023,25.4257493145917,17.07
17-04-2023,25.2560395370266,16.95
18-04-2023,25.2849168021445,16.83
19-04-2023,24.8049486968028,16.46
20-04-2023,24.6412987960077,17.17
21-04-2023,24.4586281911582,16.77
24-04-2023,24.2056187717171,16.89
25-04-2023,23.9287342528045,18.76
26-04-2023,24.5836491912788,18.84
27-04-2023,25.5398414588901,17.03
28-04-2023,25.497053131625,15.78
01-05-2023,25.467236665829,16.08
02-05-2023,25.0640403053408,17.78
03-05-2023,25.9214823269894,18.34
04-05-2023,25.4678547386433,20.09
05-05-2023,25.017577038238,17.19
08-05-2023,26.1803147758043,16.98
09-05-2023,26.0425469493424,17.71
10-05-2023,25.716875888044,16.94
11-05-2023,24.9964757078874,16.93
12-05-2023,24.0396485499129,17.03
15-05-2023,23.7257361271797,17.12
16-05-2023,23.6258735841443,17.99
17-05-2023,23.595741934166,16.87
18-05-2023,23.9557436505558,16.05
19-05-2023,23.9832480444616,16.81
22-05-2023,23.9835207606737,17.21
23-05-2023,24.15248413,18.53
24-05-2023,24.1770001377186,20.03
25-05-2023,24.1918187075171,19.14
26-05-2023,25.2257718225503,17.95
30-05-2023,24.2999767284056,17.46
31-05-2023,23.6810089963689,17.94
01-06-2023,23.925121567181,15.65
02-06-2023,24.4791096021661,14.6
05-06-2023,23.4667485586831,14.73
06-06-2023,23.1620558843388,13.96
07-06-2023,22.0184853646674,13.94
08-06-2023,21.8435192633917,13.65
09-06-2023,21.4353210473483,13.83
12-06-2023,20.7844747988113,15.01
13-06-2023,21.1361568442493,14.61
14-06-2023,20.6319283588521,13.88
15-06-2023,20.2217812375037,14.5
16-06-2023,19.8815982714349,13.54
20-06-2023,19.4982467277219,13.88
21-06-2023,19.5401497585519,13.2
22-06-2023,19.6483768298976,12.91
23-06-2023,20.0502022013658,13.44
26-06-2023,20.628283267292,14.25
27-06-2023,20.453065807859,13.74
28-06-2023,20.5054220253772,13.43
29-06-2023,19.7530922108013,13.54
30-06-2023,19.5106316641703,13.59
03-07-2023,19.5532979123874,13.57
05-07-2023,19.0646909506762,14.18
06-07-2023,19.178488386569,15.44
07-07-2023,20.4531385804788,14.83
10-07-2023,21.7501646921655,15.07
11-07-2023,21.7297020710323,14.84
12-07-2023,21.4437110074984,13.54
13-07-2023,22.0299688284106,13.61
14-07-2023,22.7163517473016,13.34
17-07-2023,23.0190244113114,13.48
18-07-2023,23.5487649661367,13.3
19-07-2023,23.4703617960091,13.76
20-07-2023,22.8514305540107,13.99
21-07-2023,23.1621310921827,13.6
24-07-2023,22.9894979687267,13.91
25-07-2023,23.1114090906827,13.86
26-07-2023,22.6785042601778,13.19
27-07-2023,22.2756082303018,14.41
28-07-2023,20.9017797764555,13.33
31-07-2023,20.6274562275926,13.63
01-08-2023,20.1405554482376,13.93
02-08-2023,20.3135523208987,16.09
03-08-2023,22.8602079609202,15.92
04-08-2023,22.0569869750107,17.1
07-08-2023,21.6602667842768,15.77
08-08-2023,20.7313039426259,15.99
09-08-2023,20.6376933329789,15.96
10-08-2023,20.6040024444897,15.85
11-08-2023,19.8448162830074,14.84
14-08-2023,19.8243726060946,14.82
15-08-2023,19.4681330424811,16.46
16-08-2023,20.7247995059384,16.78
17-08-2023,21.2582048006784,17.89
18-08-2023,21.1227551016685,17.3
21-08-2023,21.0101699766098,17.13
22-08-2023,20.776555438221,16.97
23-08-2023,20.5655950512294,15.98
24-08-2023,20.3969588962606,17.2
25-08-2023,20.7164568461087,15.68
28-08-2023,20.6392834105676,15.08
29-08-2023,20.7644106611479,14.45
30-08-2023,22.3881826469163,13.88
31-08-2023,21.8366349179477,13.57
01-09-2023,20.2312856566805,13.09
05-09-2023,20.3790451899427,14.01
06-09-2023,20.1794553069593,14.45
07-09-2023,20.451246440268,14.4
08-09-2023,20.0213525683917,13.84
11-09-2023,19.9209181468031,13.8
12-09-2023,19.6834447317001,14.23
13-09-2023,19.5956629466873,13.48
14-09-2023,19.5461210597061,12.82
15-09-2023,21.4230300810844,13.79
18-09-2023,21.6633641461497,14
19-09-2023,21.4971955401812,14.11
20-09-2023,21.2836722565067,15.14
21-09-2023,21.3057446646179,17.54
22-09-2023,22.4700679099889,17.2
25-09-2023,22.4703233611617,16.9
26-09-2023,22.4708721762592,18.94
27-09-2023,22.8386670907758,18.22
28-09-2023,21.9206882824301,17.34
29-09-2023,21.6880799212247,17.52
02-10-2023,21.5050808904033,17.61
03-10-2023,24.2708739480117,19.78
04-10-2023,25.3335337328808,18.58
05-10-2023,25.4506542106829,18.49
06-10-2023,25.70942665,17.45
09-10-2023,25.6637849567734,17.7
10-10-2023,25.1862614367938,17.03
11-10-2023,27.1939744352987,16.09
12-10-2023,27.1995705507344,16.69
13-10-2023,26.9781386938724,19.32
16-10-2023,27.4950720026767,17.21
17-10-2023,27.3102479981418,17.88
18-10-2023,27.2732348267607,19.22
19-10-2023,28.1549573496554,21.4
20-10-2023,28.1781094460049,21.71
23-10-2023,28.2419114368687,20.37
24-10-2023,27.5182922058529,18.97
25-10-2023,26.9377429630518,20.19
26-10-2023,27.1856284836227,20.68
27-10-2023,26.9325051398808,21.27
30-10-2023,27.5848320983763,19.75
31-10-2023,27.5069249929459,18.14
01-11-2023,27.4248810198478,16.87
02-11-2023,25.8049005379323,15.66
03-11-2023,27.3881523756812,14.91
06-11-2023,28.0262150787082,14.89
07-11-2023,27.9474958947618,14.81
08-11-2023,27.5086440143745,14.45
09-11-2023,27.131596090619,15.29
10-11-2023,26.7871774806398,14.17
13-11-2023,23.8925050226448,14.76
14-11-2023,23.3794890417021,14.16
15-11-2023,27.3744729886852,14.18
16-11-2023,27.3458557043434,14.32
17-11-2023,27.1649576908925,13.8
20-11-2023,26.8923893414974,13.41
21-11-2023,27.0600056373335,13.35
22-11-2023,27.3818070168226,12.85
24-11-2023,27.0980297741198,12.46
27-11-2023,26.9670682600182,12.69
28-11-2023,26.7096541513265,12.69
29-11-2023,26.4810332008019,12.98
30-11-2023,26.4827279347361,12.92
01-12-2023,26.1842051734124,12.63
04-12-2023,27.1195441503927,13.08
05-12-2023,26.595991586801,12.85
06-12-2023,27.1358817553983,12.97
07-12-2023,26.2634669962721,13.06
08-12-2023,25.8621947743193,12.35
11-12-2023,25.7045760630407,12.63
12-12-2023,24.3384061787442,12.07
13-12-2023,24.567941582055,12.19
14-12-2023,25.8594464292723,12.48
15-12-2023,29.3663793592798,12.28
18-12-2023,29.0259840681929,12.56
19-12-2023,28.9043637279356,12.53
20-12-2023,29.2819927892428,13.67
21-12-2023,28.8117632175724,13.65
22-12-2023,28.984211241972,13.03
26-12-2023,28.7991781446187,12.99
27-12-2023,29.1119452460938,12.43
28-12-2023,28.7434506826808,12.47
29-12-2023,28.6678400094691,12.45
02-01-2024,28.8210859676387,13.2
03-01-2024,28.5305311098783,14.04
04-01-2024,28.5827392147471,14.13
05-01-2024,28.4634497336957,13.35
08-01-2024,28.2610119583488,13.08
09-01-2024,27.8925025541909,12.76
10-01-2024,27.9233215691247,12.69
11-01-2024,27.9106641925477,12.44
12-01-2024,27.687286842305,12.7
16-01-2024,27.3209424049546,13.84
17-01-2024,28.7880704054584,14.79
18-01-2024,29.1622506278152,14.13
19-01-2024,28.9358735493299,13.3
22-01-2024,27.9260274467074,13.19
23-01-2024,27.5628732757795,12.55
24-01-2024,26.5404419247745,13.14
25-01-2024,26.1844917466486,13.45
26-01-2024,25.7013494891628,13.26
29-01-2024,25.2812218526706,13.6
30-01-2024,25.2533443512462,13.31
31-01-2024,25.4059683487228,14.35
01-02-2024,24.3984640410809,13.88
02-02-2024,24.7900594562441,13.85
05-02-2024,25.0459247202454,13.67
06-02-2024,25.0883502125852,13.06
07-02-2024,25.0778681862836,12.83
08-02-2024,24.582240952898,12.79
09-02-2024,23.7577735945876,12.93
12-02-2024,23.6155489847418,13.93
13-02-2024,24.0801259991738,15.85
14-02-2024,25.5651849803417,14.38
15-02-2024,25.5793747508273,14.01
16-02-2024,25.5410297644263,14.24
20-02-2024,24.7872399739355,15.42
21-02-2024,25.1852469265226,15.34
22-02-2024,24.7731234046001,14.54
23-02-2024,24.7374509574774,13.75
26-02-2024,25.146785915842,13.74
27-02-2024,24.9899289176302,13.43
28-02-2024,25.4166031365482,13.84
29-02-2024,25.581045716405,13.4
01-03-2024,25.0772085284258,13.11
04-03-2024,25.2100632410625,13.49
05-03-2024,25.2955289797862,14.46
06-03-2024,25.503945531053,14.5
07-03-2024,25.5849819011415,14.44
08-03-2024,25.3242225769295,14.74
11-03-2024,24.7833655131192,15.22
12-03-2024,24.9851100216705,13.84
13-03-2024,24.7591668347881,13.75
14-03-2024,24.0534926609091,14.4
15-03-2024,23.9538097097393,14.41
18-03-2024,23.7268579884303,14.33
19-03-2024,23.2325561131653,13.82
20-03-2024,22.9547483047634,13.04
21-03-2024,22.9401603102469,12.92
22-03-2024,23.0174282837609,13.06
25-03-2024,22.7325173883177,13.19
26-03-2024,22.4683653623145,13.24
27-03-2024,22.2186372089028,12.78
28-03-2024,23.0053814295094,13.01
01-04-2024,22.9296987213419,13.65
02-04-2024,22.0870435102803,14.61
03-04-2024,22.7661481927682,14.33
04-04-2024,22.9047025985261,16.35
05-04-2024,22.6210273299031,16.03
08-04-2024,22.4063692259624,15.19
09-04-2024,22.608654831774,14.98
10-04-2024,23.5834191859115,15.8
11-04-2024,24.9854120810891,14.91
12-04-2024,24.4767725983399,17.31
15-04-2024,25.2701359526096,19.23
16-04-2024,26.3896861178911,18.4
17-04-2024,26.3040704143462,18.21
18-04-2024,25.7180142783622,18
19-04-2024,25.1277055379692,18.71
22-04-2024,24.8102929179792,16.94
23-04-2024,24.2933381552602,15.69
24-04-2024,24.5865707227321,15.97
25-04-2024,24.3488241554649,15.37
26-04-2024,24.3761213339809,15.03
29-04-2024,24.6303084495356,14.67
30-04-2024,24.8418722777365,15.65
01-05-2024,24.9049958687186,15.39
02-05-2024,25.3330799739843,14.68
03-05-2024,25.2909797378052,13.49
06-05-2024,25.9440734802598,13.49
07-05-2024,25.3753460457298,13.23
08-05-2024,24.732292899287,13
09-05-2024,24.5204629716975,12.69
10-05-2024,24.1074712918907,12.55
13-05-2024,23.0166638837603,13.6
14-05-2024,22.5434992037262,13.42
15-05-2024,23.3560033436883,12.45
16-05-2024,23.1102345130288,12.42
17-05-2024,22.9423057545178,11.99
20-05-2024,22.6126181618989,12.15
21-05-2024,22.288935964596,11.86
22-05-2024,22.3152424237152,12.29
23-05-2024,22.7503355181563,12.77
24-05-2024,23.0079831860769,11.93
28-05-2024,23.0489495057551,12.92
29-05-2024,22.9594708632048,14.28
30-05-2024,23.646120652904,14.47
31-05-2024,23.8106787123333,12.92
03-06-2024,23.8380963959536,13.11
04-06-2024,23.7525073586638,13.16
05-06-2024,24.5674572368657,12.63
06-06-2024,23.9791071903189,12.58
07-06-2024,23.8578190195883,12.22
