Date,TCI,OVX
14-10-2010,19.4270330065575,32.46
15-10-2010,19.4199039661566,33.42
18-10-2010,19.6303024459391,32.2
19-10-2010,19.3392072505509,33.99
20-10-2010,22.1234104666385,32.39
21-10-2010,22.4128255170139,33.65
22-10-2010,22.2118675912395,32.45
25-10-2010,21.9715855259317,33.05
26-10-2010,22.1271255174459,31.89
27-10-2010,21.7177067592137,32
28-10-2010,21.6440667293278,31.56
29-10-2010,21.6366356138626,32.12
01-11-2010,21.3859143853901,32.83
02-11-2010,20.78920779,33.33
03-11-2010,21.1307521510381,31.89
04-11-2010,21.1554375076316,30.78
05-11-2010,22.0959183148853,29.86
08-11-2010,21.8795966912093,30.82
09-11-2010,21.2295717615492,30.93
10-11-2010,21.4959815502477,30.25
11-11-2010,21.1366975539506,30.27
12-11-2010,21.0032019184066,30.92
15-11-2010,23.2105672396916,31.13
16-11-2010,22.9438537127891,33.43
17-11-2010,25.1951862138074,33.69
18-11-2010,24.6967130797687,31.49
19-11-2010,25.0899887720143,30.64
22-11-2010,24.827576633519,30.84
23-11-2010,24.6389334656108,31.6
24-11-2010,25.3500149332792,30.03
26-11-2010,25.5754828567457,29.91
29-11-2010,25.4649285403175,30.75
30-11-2010,25.0674537557258,31.89
01-12-2010,24.1778186940261,31.17
02-12-2010,24.7514722430785,30.9
03-12-2010,25.1382703264475,31.7
06-12-2010,25.284507123183,31.5
07-12-2010,25.2237627509183,32.17
08-12-2010,25.0447034563141,30.96
09-12-2010,24.5201301835191,30.41
10-12-2010,24.1435669564786,30.36
13-12-2010,23.9060600746188,29.25
14-12-2010,23.5245815832294,29
15-12-2010,23.3687583721157,28.46
16-12-2010,23.3737783523761,27.93
17-12-2010,23.232371422211,26.82
20-12-2010,22.9155369087028,26.61
21-12-2010,22.6193172611866,25.83
22-12-2010,22.8359501206291,25.5
23-12-2010,22.4466193783978,25.42
27-12-2010,22.6389885480054,27.48
28-12-2010,22.3729684246529,27.88
29-12-2010,22.0283684992527,27.78
30-12-2010,21.796287934625,29.27
31-12-2010,21.684708177802,29.48
03-01-2011,21.216266217437,28.21
04-01-2011,21.3054858237837,30.26
05-01-2011,20.9736842735616,29.32
06-01-2011,20.0433009535206,30.21
07-01-2011,20.429966722858,29.64
10-01-2011,20.1944889481644,29.09
11-01-2011,19.1667521810578,28.01
12-01-2011,19.0364034198294,27.53
13-01-2011,21.3408895952093,27.73
14-01-2011,21.1782720082987,26.5
18-01-2011,20.5284529847775,26.52
19-01-2011,19.349347568986,27.28
20-01-2011,19.1612713993071,27.4
21-01-2011,20.5557590243021,26.53
24-01-2011,19.8327059926413,27.1
25-01-2011,19.842825293527,29.98
26-01-2011,19.9353774863626,28
27-01-2011,19.7926134002245,29.79
28-01-2011,19.4994777669697,33.26
31-01-2011,19.5592838185724,35.18
01-02-2011,18.7264906855274,33.38
02-02-2011,19.2337010002909,31.83
03-02-2011,19.6278026770538,32.19
04-02-2011,19.794265113096,32.24
07-02-2011,19.6461276875412,31.56
08-02-2011,19.7311965130459,31.07
09-02-2011,19.099123242547,30.29
10-02-2011,19.117967040348,29.86
11-02-2011,19.4800687523376,29.58
14-02-2011,19.2302175074443,30.12
15-02-2011,19.3810719327911,30.47
16-02-2011,19.4485792788417,31.42
17-02-2011,19.6051160746978,31.04
18-02-2011,19.4275771518213,30.82
22-02-2011,19.3329770601989,38.54
23-02-2011,21.4327745120289,41.92
24-02-2011,22.4786856974322,42.62
25-02-2011,21.8485307032347,42.49
28-02-2011,21.9970729971366,39.05
01-03-2011,20.7301484834501,41.85
02-03-2011,20.6244699097299,42.25
03-03-2011,20.4885783081667,40.42
04-03-2011,20.3741236653902,44.87
07-03-2011,19.9748110362528,45.16
08-03-2011,20.066061860064,44.21
09-03-2011,19.8748288626614,43
10-03-2011,19.3118841108311,42.86
11-03-2011,20.2168070766838,41.36
14-03-2011,20.2746408665203,40.99
15-03-2011,20.3771529188867,42.34
16-03-2011,21.0608988843779,42.82
17-03-2011,20.9771668582518,43.1
18-03-2011,20.217512655488,41.9
21-03-2011,19.9309603286533,39.1
22-03-2011,19.9344853509699,37.9
23-03-2011,19.9324026676309,36.36
24-03-2011,19.7807601768595,35.98
25-03-2011,19.7337699417769,34.7
28-03-2011,19.7514883021178,34.29
29-03-2011,19.8858758763563,33.49
30-03-2011,18.8926884520328,33.07
31-03-2011,18.8613501712005,34.62
01-04-2011,19.0751689717839,33.91
04-04-2011,19.7546863355228,33.32
05-04-2011,19.3493472241192,32.15
06-04-2011,18.8436492161858,32.4
07-04-2011,18.1680515170194,32.77
08-04-2011,18.1619276538591,35.5
11-04-2011,17.6335284923195,33.86
12-04-2011,17.6207796288405,34.48
13-04-2011,19.0984795268481,32.78
14-04-2011,19.0897225002556,32.38
15-04-2011,19.1217347694901,31.58
18-04-2011,19.1419167491954,30.72
19-04-2011,21.3414032004649,30
20-04-2011,21.2138939722409,30.36
21-04-2011,21.893360396372,30.15
25-04-2011,21.8020789181828,31.22
26-04-2011,21.7460456507467,30.68
27-04-2011,21.8302745885852,30.39
28-04-2011,21.2227530509615,30.21
29-04-2011,20.9417745781226,30.39
02-05-2011,20.3177836564456,31.82
03-05-2011,20.3310051912484,31.82
04-05-2011,21.8189945422346,31.85
05-05-2011,23.4339332070511,42.51
06-05-2011,25.0019362270655,41.44
09-05-2011,24.0873469621842,42.09
10-05-2011,23.8226798653439,40.45
11-05-2011,23.7684821325852,42.83
12-05-2011,24.5311699097352,42.34
13-05-2011,24.3567333174024,39.73
16-05-2011,24.038535899962,40.51
17-05-2011,24.1168903134835,38.67
18-05-2011,24.3739994059329,38.6
19-05-2011,23.6834080419627,37.29
20-05-2011,23.0317418191471,37.18
23-05-2011,22.7969305564842,38.73
24-05-2011,24.1068030470067,36.58
25-05-2011,23.5530821667656,35.53
26-05-2011,22.9983900021014,34.01
27-05-2011,22.9677953716459,33.47
31-05-2011,23.2304609081314,33.51
01-06-2011,27.3481925924374,34.77
02-06-2011,28.1423333024095,33.26
03-06-2011,27.6283431361646,32.37
06-06-2011,27.3833743701939,34.03
07-06-2011,27.4324884381768,33.62
08-06-2011,27.127912601449,32.83
09-06-2011,27.5064345244596,32.16
10-06-2011,27.4227465504071,33.47
13-06-2011,28.0596267540483,34.69
14-06-2011,27.7006725655369,32.57
15-06-2011,27.4662064458419,35.75
16-06-2011,28.4542898709254,35.59
17-06-2011,28.2238762175966,36.31
20-06-2011,27.8388085944618,35.91
21-06-2011,27.6932826618989,35.72
22-06-2011,27.7075232255156,34.29
23-06-2011,27.5789285250828,34.48
24-06-2011,27.7589336890479,35.08
27-06-2011,27.583865579259,34.66
28-06-2011,27.220264499365,32.88
29-06-2011,27.3526468384575,32.29
30-06-2011,27.2001835759175,31.36
01-07-2011,27.1567713910132,30.57
05-07-2011,27.4368986218964,30.79
06-07-2011,27.1497478229883,31.04
07-07-2011,26.9513387795669,30.96
08-07-2011,27.1778370845591,30.86
11-07-2011,26.4290513417532,33.98
12-07-2011,27.9955534246059,33.3
13-07-2011,27.4456370827758,33.6
14-07-2011,27.5830604071975,33.57
15-07-2011,27.8524596966357,31.88
18-07-2011,27.4771634329503,32.85
19-07-2011,27.8497570117785,31.46
20-07-2011,29.0218148436135,31.18
21-07-2011,28.9152098880179,31.08
22-07-2011,29.3096086406119,30.63
25-07-2011,29.0448452566417,31.23
26-07-2011,28.1108790149597,31.17
27-07-2011,27.8165124681476,32.34
28-07-2011,30.5965928421559,33.13
29-07-2011,29.9184663499762,33.64
01-08-2011,29.5205699773545,34.29
02-08-2011,29.1773573425425,35.27
03-08-2011,29.9015671503676,34.02
04-08-2011,30.2633230454445,42.94
05-08-2011,36.9144664094693,42.37
08-08-2011,36.3562466598476,56.17
09-08-2011,41.3557792301224,61.82
10-08-2011,40.1061966170141,59.45
11-08-2011,39.4011913949996,50.25
12-08-2011,39.8040650652359,49.06
15-08-2011,39.3712202649434,44.66
16-08-2011,40.2980129660268,43.95
17-08-2011,40.1120764987003,42.67
18-08-2011,39.40010059,57.42
19-08-2011,41.30373156,55.29
22-08-2011,41.1688783642696,52.4
23-08-2011,40.6117364881767,47.67
24-08-2011,41.0376227908226,47.89
25-08-2011,40.6300414558231,51.42
26-08-2011,40.1644686522282,48.12
29-08-2011,39.8630530340046,45.63
30-08-2011,40.4645715320629,44.74
31-08-2011,40.0296114788398,44.33
01-09-2011,39.2700612515909,42.77
02-09-2011,39.1525848206998,45.33
06-09-2011,39.6836499851731,47.41
07-09-2011,40.3180868732456,44.9
08-09-2011,40.3709063601696,45.7
09-09-2011,39.7327287451914,49.45
12-09-2011,39.8365946167285,48.14
13-09-2011,39.2124833775773,45.14
14-09-2011,38.9967069730495,43.72
15-09-2011,38.6611761167968,42.05
16-09-2011,38.1476863990685,41.7
19-09-2011,37.5946403242352,45.93
20-09-2011,37.2236050256401,45.8
21-09-2011,37.0332093756061,47.35
22-09-2011,37.7084525739125,55.61
23-09-2011,40.5323598029858,54.63
26-09-2011,39.9594564330546,54.31
27-09-2011,39.5312099601548,50.13
28-09-2011,40.3418522171085,53.51
29-09-2011,39.3149227121219,50.62
30-09-2011,38.8469875401348,55.68
03-10-2011,38.9172215109646,58.65
04-10-2011,39.6756195030137,57.09
05-10-2011,38.8631847684222,52.79
06-10-2011,38.5829517221462,50.04
07-10-2011,39.6517664534577,49.71
10-10-2011,39.0448378755417,47.21
11-10-2011,39.2440619404745,47.07
12-10-2011,38.5649034651126,47.53
13-10-2011,38.3331405845436,47.76
14-10-2011,37.894147869544,45.35
17-10-2011,37.7268612142149,50.14
18-10-2011,36.400352527943,47.8
19-10-2011,35.9058520972385,50.01
20-10-2011,35.0209571600365,49.52
21-10-2011,34.9111732996148,48.03
24-10-2011,34.8819771090537,45.6
25-10-2011,35.6544973549543,48.27
26-10-2011,35.0767264397177,47.59
27-10-2011,34.5652550980885,43.82
28-10-2011,37.2748511816657,41.58
31-10-2011,36.789423736587,43.26
01-11-2011,36.8524962504393,46.63
02-11-2011,38.3398378955666,45.56
03-11-2011,38.3088675900517,43.85
04-11-2011,37.9855217067192,42.45
07-11-2011,37.3132041402504,43.3
08-11-2011,37.106700595491,43.35
09-11-2011,36.7669168241697,48.97
10-11-2011,36.8378408906656,47.84
11-11-2011,36.7062898225322,46.6
14-11-2011,36.658151249116,46.41
15-11-2011,36.2442387641242,43.05
16-11-2011,36.3279623209214,43.29
17-11-2011,36.1106314593785,42.94
18-11-2011,35.7466464772036,42.94
21-11-2011,35.0419916692494,44.82
22-11-2011,36.7257775288698,42.94
23-11-2011,36.5572087865452,45.19
25-11-2011,37.4841543076436,45.37
28-11-2011,37.1743944544191,44.52
29-11-2011,38.4812482324768,42.7
30-11-2011,38.3290944045227,41
01-12-2011,39.0606606390082,40.89
02-12-2011,38.2877283855873,39.8
05-12-2011,37.991489655841,39.34
06-12-2011,37.8272943837848,38.23
07-12-2011,37.6755296167243,38.34
08-12-2011,37.4702853192418,40.27
09-12-2011,37.7320338779319,38.87
12-12-2011,37.7045661299477,40.45
13-12-2011,37.0411361267277,39.39
14-12-2011,37.1309768926254,43.82
15-12-2011,37.4467872057412,45.04
16-12-2011,37.2000582823927,41.73
19-12-2011,36.4729129061749,41.27
20-12-2011,36.0992985008256,38.96
21-12-2011,36.8720346840991,36.37
22-12-2011,36.6331184781865,35.81
23-12-2011,36.8609379257858,35.74
27-12-2011,36.5891430699794,36.95
28-12-2011,36.2593103692287,38.73
29-12-2011,36.1128901234964,38.66
30-12-2011,35.0891441084447,38.74
03-01-2012,35.0767286089356,40.07
04-01-2012,36.0149667517385,39.04
05-01-2012,35.1469175477665,38.7
06-01-2012,34.9458250569084,37.12
09-01-2012,34.8693070970435,36.52
10-01-2012,34.3004344751685,35.44
11-01-2012,34.5058852231328,35.52
12-01-2012,33.0474047932336,36.59
13-01-2012,33.0476528528956,35.62
17-01-2012,32.1996211240704,33.97
18-01-2012,31.9658404903579,32.59
19-01-2012,31.9053500087595,33.51
20-01-2012,31.4386721934844,33.35
23-01-2012,30.4616202746598,33.16
24-01-2012,30.3870591095806,33.23
25-01-2012,30.2527974093331,31.93
26-01-2012,29.6593507241071,31.97
27-01-2012,29.2163520520976,31.57
30-01-2012,28.430337776955,31.74
31-01-2012,27.8524862216756,32.31
01-02-2012,27.1779140357924,32.18
02-02-2012,27.5237139686188,31.81
03-02-2012,27.6771219949741,30.71
06-02-2012,27.604004161049,31.2
07-02-2012,27.2371741373026,32.41
08-02-2012,26.9966649211971,32.32
09-02-2012,27.1121742292379,32.43
10-02-2012,27.8509557134749,32.83
13-02-2012,28.6849045731442,33.3
14-02-2012,28.647380764074,33.64
15-02-2012,28.9356410527802,34.85
16-02-2012,28.9083024946365,33.99
17-02-2012,28.8561778403811,33.05
21-02-2012,28.6956919906547,34.68
22-02-2012,29.6610790675335,33.67
23-02-2012,28.6280764904317,33.21
24-02-2012,28.782077190389,33.8
27-02-2012,28.655877821118,34.12
28-02-2012,28.4138421322735,33.52
29-02-2012,28.8842263948727,32.52
01-03-2012,27.6576400823242,33.2
02-03-2012,27.641102571604,32.91
05-03-2012,27.4024142666777,33.34
06-03-2012,27.3256077809179,34.34
07-03-2012,27.9864626871928,32.93
08-03-2012,28.0439186907072,32.12
09-03-2012,27.7223392197638,31.42
12-03-2012,27.6089537258137,30
13-03-2012,27.0693098990788,29.45
14-03-2012,26.8851227173768,29.31
15-03-2012,26.9712640678124,29.44
16-03-2012,26.8217147871509,28.68
19-03-2012,26.7038211361591,26.85
20-03-2012,26.6603848012228,27.87
21-03-2012,26.5854343445175,26.93
22-03-2012,26.6114321274595,27.51
23-03-2012,26.8357264759844,28.17
26-03-2012,26.9179451257955,27.89
27-03-2012,26.7825088887235,27.53
28-03-2012,26.794181826665,28.03
29-03-2012,27.3209424767498,28.94
30-03-2012,27.9792078585497,29
02-04-2012,27.553047806846,28.46
03-04-2012,27.4930362969717,27.95
04-04-2012,27.1229139224408,28.73
05-04-2012,25.3594527265413,28.03
09-04-2012,25.2025276726039,29.84
10-04-2012,25.5221628991693,31.62
11-04-2012,26.1374694681761,30.69
12-04-2012,26.4453301826789,29.41
13-04-2012,26.4380990405094,29.61
16-04-2012,26.4113145706006,29.78
17-04-2012,26.2703139841845,28.74
18-04-2012,26.1971408209859,28.36
19-04-2012,25.9708395151826,28.31
20-04-2012,25.7410401404037,27.1
23-04-2012,25.4076030051754,26.91
24-04-2012,25.5691740239375,26.11
25-04-2012,25.4241040040161,25.68
26-04-2012,25.0216251678407,24.62
27-04-2012,24.6066811530829,24.34
30-04-2012,24.5177687509753,25.15
01-05-2012,24.2807659019956,25.12
02-05-2012,23.4636289029285,25.03
03-05-2012,23.0330883076879,27.46
04-05-2012,23.6045604719727,29.79
07-05-2012,24.6325565337801,29.07
08-05-2012,24.9054395672219,29.06
09-05-2012,25.2175440511004,29.27
10-05-2012,24.6499072921016,28.61
11-05-2012,24.1495597562617,28.79
14-05-2012,23.9040226505793,30.96
15-05-2012,24.6549405744981,32.13
16-05-2012,25.0791214614455,31.48
17-05-2012,26.0170818381529,32.62
18-05-2012,26.0133733055392,33.18
21-05-2012,26.8069659551033,30.01
22-05-2012,27.5058938177939,29.75
23-05-2012,27.2918845839411,30.9
24-05-2012,27.4866909029395,30.12
25-05-2012,27.3024052066415,30.19
29-05-2012,26.979334955892,30.72
30-05-2012,27.127161417058,33.32
31-05-2012,26.7817967403865,34.79
01-06-2012,26.4141766332922,41.63
04-06-2012,28.6400770225402,38.58
05-06-2012,28.4714834226475,36.67
06-06-2012,28.1601245632441,35.58
07-06-2012,27.2148806156657,36.9
08-06-2012,27.0433117021392,37.57
11-06-2012,26.9495487028147,42.31
12-06-2012,26.8958906820532,39.45
13-06-2012,26.5483194371735,39.07
14-06-2012,26.1573730897614,36.19
15-06-2012,25.8145604309491,36.28
18-06-2012,26.1942430184987,35.04
19-06-2012,26.0204620712515,32.92
20-06-2012,26.9778125269408,34.66
21-06-2012,26.6377636602953,37.52
22-06-2012,27.8568231642839,35.08
25-06-2012,28.0683210131775,36.84
26-06-2012,28.9113031989062,34.42
27-06-2012,28.0638890142716,33.45
28-06-2012,27.8637970975544,34.58
29-06-2012,27.7381338556036,35
02-07-2012,32.494290302372,36.38
03-07-2012,31.6303408267339,38.29
05-07-2012,31.3088293152406,38.22
06-07-2012,31.210966283321,37.51
09-07-2012,31.0774095000769,37.28
10-07-2012,31.0594452293116,37.68
11-07-2012,31.0974083029673,35.97
12-07-2012,30.7668207503289,34.46
13-07-2012,30.4212194897442,33.86
16-07-2012,29.8448121242887,34.01
17-07-2012,29.7413058879951,35.36
18-07-2012,29.601492096627,34.93
19-07-2012,29.5168695899454,36.74
20-07-2012,28.6230773296133,35.33
23-07-2012,28.5716174459638,37.23
24-07-2012,30.7051689301984,36.27
25-07-2012,30.7320192096903,34.86
26-07-2012,30.3975646907821,34.1
27-07-2012,30.5850394837979,32.99
30-07-2012,30.4928850448686,33.09
31-07-2012,29.6361691249557,34.53
01-08-2012,29.347187077902,33.98
02-08-2012,29.3682641197531,33.6
03-08-2012,28.7115530859506,33.23
06-08-2012,28.4179355015383,32.07
07-08-2012,28.1310310141215,32.15
08-08-2012,28.3568854223443,31.42
09-08-2012,27.8749427019096,30.78
10-08-2012,27.8414666656146,30.59
13-08-2012,27.3805264258782,29.45
14-08-2012,27.0730846845993,29.84
15-08-2012,26.7273543249352,31.18
16-08-2012,26.6226820849938,31.73
17-08-2012,26.4609192163559,31.19
20-08-2012,26.4563100306684,30.5
21-08-2012,25.9809985883358,30.64
22-08-2012,25.7313203318642,31.07
23-08-2012,25.8507015597247,31.76
24-08-2012,25.9581810605044,32.01
27-08-2012,25.6418129592936,33.42
28-08-2012,25.5478330423542,33.06
29-08-2012,25.093323588092,32.59
30-08-2012,25.1311022918319,31.95
31-08-2012,25.5904439901403,31.4
04-09-2012,26.4334901608957,33.61
05-09-2012,25.5515403810269,33.64
06-09-2012,25.3982476480481,34.07
07-09-2012,24.1000876536408,32.77
10-09-2012,24.3371698928683,32.71
11-09-2012,23.7055263969135,32.38
12-09-2012,24.0685107538798,33.33
13-09-2012,23.8630232066624,32.96
14-09-2012,23.2525541787882,34.07
17-09-2012,24.2963309857936,35.64
18-09-2012,23.6524464909092,35.81
19-09-2012,23.514066652966,36.58
20-09-2012,22.7694299427577,33.58
21-09-2012,22.8603149557272,33.21
24-09-2012,22.1470948596989,34.23
25-09-2012,21.453866422351,34.35
26-09-2012,21.9533134418395,35.13
27-09-2012,23.8117621621246,33.05
28-09-2012,24.3362993851062,32.45
01-10-2012,24.0347157236953,32.87
02-10-2012,23.7200828721668,32.53
03-10-2012,23.4085144971642,35.15
04-10-2012,22.9369278004112,33.39
05-10-2012,23.2906234210325,32.76
08-10-2012,22.7660258817344,34.05
09-10-2012,22.7436457380014,34.5
10-10-2012,22.1910687289087,35.09
11-10-2012,22.4809838259909,34.52
12-10-2012,22.6498794873773,33.69
15-10-2012,23.290524070476,33.84
16-10-2012,22.3116172197768,33.54
17-10-2012,22.189605234765,32.25
18-10-2012,22.8912578113244,30.83
19-10-2012,22.7867479973365,31.91
22-10-2012,24.3022531592514,33.13
23-10-2012,23.2822734590974,34.28
24-10-2012,23.4567755141878,33.61
25-10-2012,23.2616971074631,32.27
26-10-2012,22.8691219375525,32.21
31-10-2012,22.5283477974872,32.18
01-11-2012,21.0521566809748,31.29
02-11-2012,21.3596763024733,32.42
05-11-2012,21.6583741290328,32.1
06-11-2012,21.375860504244,32.02
07-11-2012,22.3813408212741,33.98
08-11-2012,23.4698734392498,33.51
09-11-2012,23.1794659127594,31.54
12-11-2012,22.8766735094419,30
13-11-2012,22.8297344666094,31.27
14-11-2012,23.0078971412732,31.5
15-11-2012,23.0781080941315,30.54
16-11-2012,22.9895474892622,31.1
19-11-2012,22.2133632824695,30.97
20-11-2012,23.1182526351413,29.83
21-11-2012,23.1576277939266,29.49
23-11-2012,22.9529768974928,29.49
26-11-2012,23.6324122379285,29.38
27-11-2012,22.9269713721045,28.65
28-11-2012,22.3571543107133,28.69
29-11-2012,22.1000390519389,28.28
30-11-2012,22.1400483484268,27.62
03-12-2012,21.8835664803621,28.39
04-12-2012,21.6770166901027,28.84
05-12-2012,21.3384741098173,29.13
06-12-2012,21.3900704195356,29.89
07-12-2012,21.1232982845994,29.65
10-12-2012,21.093351490786,30.32
11-12-2012,21.4171552113011,29.94
12-12-2012,20.8783691043217,29.13
13-12-2012,19.7264950275213,29.63
14-12-2012,19.1064197457831,29.32
17-12-2012,19.0205945680669,28.95
18-12-2012,18.9605054645637,28.56
19-12-2012,18.7508814540551,27.64
20-12-2012,20.6248762751052,27.61
21-12-2012,20.3968826329244,28.88
24-12-2012,21.289333790615,28.88
26-12-2012,21.188817448972,28.73
27-12-2012,20.8957261689908,28.08
28-12-2012,20.6759020112348,28.88
31-12-2012,20.4070243205148,28.45
02-01-2013,20.6389538277902,27.8
03-01-2013,24.0777511827892,26.83
04-01-2013,22.352823659099,26.03
07-01-2013,22.6789279221589,25.04
08-01-2013,22.2418102910682,24.3
09-01-2013,21.8989814856139,24.6
10-01-2013,22.3407706804184,24.59
11-01-2013,22.1832320692652,24.57
14-01-2013,22.1604835049897,25.72
15-01-2013,21.8465296541316,25.7
16-01-2013,21.7587106698085,24.39
17-01-2013,21.5942218789864,23.99
18-01-2013,21.4178535382498,21.98
22-01-2013,21.1407087548969,21.67
23-01-2013,20.5444428753592,22.75
24-01-2013,20.3989932965234,22.48
25-01-2013,20.4240617594595,22.52
28-01-2013,20.3458403240036,22.98
29-01-2013,20.5927775798282,22.97
30-01-2013,20.7850335816649,22.88
31-01-2013,21.0356568391372,22.54
01-02-2013,20.277629647278,22.4
04-02-2013,19.69872068,23.96
05-02-2013,19.7133208152991,23.06
06-02-2013,19.5755628135984,23.39
07-02-2013,19.1683066694652,23.3
08-02-2013,18.7328266039874,23.08
11-02-2013,18.7158038086935,21.68
12-02-2013,19.1027528154634,20.7
13-02-2013,19.0080417929513,21
14-02-2013,18.7652777944524,20.21
15-02-2013,17.9047635236545,22.59
19-02-2013,18.0697088652266,22.44
20-02-2013,18.8560810287677,24.97
21-02-2013,19.5533566232628,27.13
22-02-2013,20.746705854581,24.58
25-02-2013,19.9589478229251,26.22
26-02-2013,20.1871264275412,25.9
27-02-2013,19.9294297442258,24.33
28-02-2013,19.2513447858889,23.61
01-03-2013,19.0416780204642,23.68
04-03-2013,18.8959739619361,24.28
05-03-2013,18.6565834942568,22.41
06-03-2013,19.4108199203463,22.52
07-03-2013,17.8026880129702,21.29
08-03-2013,17.648094908611,20.8
11-03-2013,17.5053584667883,19.42
12-03-2013,17.3355256087975,18.77
13-03-2013,16.9463838839881,19.09
14-03-2013,15.7904177628833,18.36
15-03-2013,15.7550308287266,18.76
18-03-2013,15.5505587110509,19.45
19-03-2013,15.9936113320016,21.14
20-03-2013,16.270741583943,19.58
21-03-2013,16.499124776235,19.74
22-03-2013,16.4643266469287,19.11
25-03-2013,15.860922925548,19.08
26-03-2013,15.6196786333633,17.81
27-03-2013,15.5850703382029,17.95
28-03-2013,15.6616197272358,18.19
01-04-2013,15.6018360888767,19.2
02-04-2013,15.5491631126201,19.33
03-04-2013,15.932475715491,21.74
04-04-2013,16.9034232457859,21.84
05-04-2013,16.7971199201947,21.39
08-04-2013,16.6229031405319,21.01
09-04-2013,16.9665447257403,20.64
10-04-2013,17.2444123288677,20.55
11-04-2013,17.6693451014118,21.2
12-04-2013,17.5412304719672,22.59
15-04-2013,17.9262255825426,29.84
16-04-2013,22.1063552736468,27.32
17-04-2013,21.3762390242518,31.14
18-04-2013,22.0247692425442,28.53
19-04-2013,21.703643741532,27.57
22-04-2013,21.8115361064673,25.07
23-04-2013,21.9092941488459,24.43
24-04-2013,21.8545542368858,23.26
25-04-2013,22.6766050804364,22.68
26-04-2013,21.7625336773516,22.51
29-04-2013,21.4011070127969,23.44
30-04-2013,22.0396350639149,24.57
01-05-2013,21.900916734137,26.68
02-05-2013,22.7076282740012,24.49
03-05-2013,23.2692723672584,24.01
06-05-2013,22.8634954016105,25.16
07-05-2013,22.6714236291038,24.38
08-05-2013,22.5238496728189,22.64
09-05-2013,22.3245148247565,23.24
10-05-2013,21.9643271163989,22.83
13-05-2013,21.6156757620531,23.66
14-05-2013,21.1328262247466,24.12
15-05-2013,20.7132181404453,24.48
16-05-2013,21.0808807013842,24.39
17-05-2013,21.5814219865754,22.82
20-05-2013,22.1036118720292,23.44
21-05-2013,21.5178471019093,23.11
22-05-2013,22.003345918518,24.45
23-05-2013,22.0826578705796,23.3
24-05-2013,21.7751397460771,22.57
28-05-2013,20.0629615119515,22.95
29-05-2013,19.8461963411757,24.04
30-05-2013,19.4696491173228,24.21
31-05-2013,18.9158560440606,24.41
03-06-2013,18.8023915688336,24.79
04-06-2013,18.4157024954375,24.64
05-06-2013,18.2995084928905,24.49
06-06-2013,17.9242684180199,23.89
07-06-2013,17.871556570099,22.41
10-06-2013,18.0882926455249,21.74
11-06-2013,17.3519935461091,21.81
12-06-2013,18.2371719389415,22.72
13-06-2013,18.0559563358129,21.47
14-06-2013,17.625978727676,21.22
17-06-2013,17.3168281863285,21.04
18-06-2013,17.2154131815238,20.64
19-06-2013,16.8347817718318,19.98
20-06-2013,17.0582142455716,25.9
21-06-2013,20.9671628467525,23.68
24-06-2013,20.5459232504103,24.32
25-06-2013,20.7781109437077,23.63
26-06-2013,20.6102414120236,22.82
27-06-2013,22.1373983530919,23.17
28-06-2013,22.0250125825865,22.37
01-07-2013,21.91863038,22.18
02-07-2013,22.3217590640211,22.63
03-07-2013,21.9721143373299,25.7
05-07-2013,21.7392978712029,26.74
08-07-2013,21.5854978166694,25.37
09-07-2013,21.5178177529424,25.22
10-07-2013,21.3950805656206,26.22
11-07-2013,21.3421947938267,24.58
12-07-2013,21.5999916646126,24.51
15-07-2013,21.3143203925374,23.72
16-07-2013,20.3143614150924,24.5
17-07-2013,20.2338938079422,23.3
18-07-2013,20.1470147253617,23.05
19-07-2013,19.9977065855032,24.08
22-07-2013,19.9101359763224,24.23
23-07-2013,20.0694079884262,23.63
24-07-2013,19.9343281656595,23.77
25-07-2013,20.059876625967,23.37
26-07-2013,19.7863402878536,22.98
29-07-2013,19.6724258736026,22.79
30-07-2013,19.2339012068541,23.48
31-07-2013,18.6065048280568,22.95
01-08-2013,18.3087082392036,22.28
02-08-2013,17.5919732175726,22.26
05-08-2013,17.3853281170245,22.87
06-08-2013,17.255549726816,22.64
07-08-2013,17.4813314430836,22.56
08-08-2013,18.5582911658056,22.25
09-08-2013,18.1061303081698,22.64
12-08-2013,18.5649964274539,22.68
13-08-2013,18.3361707216133,22.63
14-08-2013,17.8804858995315,23.15
15-08-2013,17.9210768885181,24.15
16-08-2013,18.7532215709384,23.99
19-08-2013,18.5440413305777,23.48
20-08-2013,18.9340080525877,24.18
21-08-2013,18.3848968834494,24.33
22-08-2013,18.1859771621673,23.26
23-08-2013,17.9873007626851,22.7
26-08-2013,18.198379782841,23.43
27-08-2013,18.1334865134587,27.19
28-08-2013,20.2709012689371,29.79
29-08-2013,19.8060943252032,27.41
30-08-2013,19.7463163470604,28.1
03-09-2013,19.4964352661545,29.41
04-09-2013,18.8035763241855,28.73
05-09-2013,18.543413235621,27.44
06-09-2013,19.1164607257877,28.1
09-09-2013,18.9488641911907,27.93
10-09-2013,19.1824577246076,27.12
11-09-2013,18.6441340496553,24.32
12-09-2013,18.1955981448014,23.57
13-09-2013,18.1627080990792,23.18
16-09-2013,18.1559186176185,23.03
17-09-2013,18.0383168557388,23.17
18-09-2013,17.7222491944486,22.81
19-09-2013,18.6464275414021,21.51
20-09-2013,18.9521582847679,21.38
23-09-2013,18.5481978531177,22.27
24-09-2013,18.5709447198947,22.5
25-09-2013,18.64458147,22.32
26-09-2013,18.9661564718226,21.77
27-09-2013,19.2828284824996,21.84
30-09-2013,18.7610514000832,22.98
01-10-2013,17.7819516649482,22.57
02-10-2013,18.1888401904438,21.52
03-10-2013,17.5974977685609,21.62
04-10-2013,17.7457197222574,21.49
07-10-2013,16.9823805165776,22.01
08-10-2013,17.0620917567465,21.95
09-10-2013,17.0839750176946,23.24
10-10-2013,16.2189641043443,21.39
11-10-2013,16.7596096440997,21.55
14-10-2013,16.9514452837336,22.52
15-10-2013,17.0211350663774,23.52
16-10-2013,16.8034911587883,21.73
17-10-2013,17.0863802789101,21.22
18-10-2013,17.2498843474719,20.12
21-10-2013,17.4730707663261,20.91
22-10-2013,18.1390211997645,21.62
23-10-2013,18.2492219423015,23.28
24-10-2013,18.7402782305793,21.88
25-10-2013,18.4592573609539,20.28
28-10-2013,19.2126746611434,20.57
29-10-2013,19.6783098356393,20.64
30-10-2013,19.4548540865658,20.95
31-10-2013,19.9359377238633,20.59
01-11-2013,20.0229101679629,21.29
04-11-2013,19.240635497628,21.74
05-11-2013,19.0708930640378,22.18
06-11-2013,19.0171303820826,20.98
07-11-2013,17.5107497372834,20.79
08-11-2013,18.0217851736211,19.7
11-11-2013,17.4465556538984,19.69
12-11-2013,16.7318745039074,20.32
13-11-2013,16.7676399067286,19.63
14-11-2013,16.7727229146522,19.92
15-11-2013,16.8275770886187,19.39
18-11-2013,16.7150807234207,19.71
19-11-2013,16.9982097598759,19.83
20-11-2013,18.9848330094282,19.87
21-11-2013,18.9742081043053,18.69
22-11-2013,18.9059860099954,18.1
25-11-2013,18.9999620248129,19.23
26-11-2013,18.8097757562963,18.64
27-11-2013,18.2096441741914,19.62
29-11-2013,18.1890081434231,20
02-12-2013,18.0290449699294,20.28
03-12-2013,17.9150908798184,19.49
04-12-2013,17.9064291392477,19.06
05-12-2013,16.7474387372574,18.59
06-12-2013,16.6330191209535,17.95
09-12-2013,15.5955550638391,18.1
10-12-2013,16.3149258901445,17.95
11-12-2013,16.5084908355863,17.98
12-12-2013,16.4867288183584,18.19
13-12-2013,16.1482648811396,18.42
16-12-2013,15.9734634655198,17.49
17-12-2013,16.1828640012203,17.7
18-12-2013,15.7584259719013,17.26
19-12-2013,15.3250050715526,16.7
20-12-2013,15.861733587473,15.86
23-12-2013,15.3250447845541,15.42
24-12-2013,15.6116002364896,15.26
26-12-2013,15.5587975672013,15.2
27-12-2013,15.6465541780575,15.74
30-12-2013,15.9850225285449,16.53
31-12-2013,15.4843024112604,17.76
02-01-2014,15.5905005416621,20.24
03-01-2014,15.5234380507634,20.6
06-01-2014,16.0190263740117,20.7
07-01-2014,15.7136598622137,19.67
08-01-2014,16.3777832101219,20.17
09-01-2014,16.4254699170439,19.51
10-01-2014,16.224477292058,19.47
13-01-2014,15.9482069833692,19.75
14-01-2014,15.8866027548315,19.81
15-01-2014,15.9584696964486,18.7
16-01-2014,16.0563003765873,17.91
17-01-2014,15.7866312866006,17.12
21-01-2014,15.5383680872733,18.26
22-01-2014,15.3998772785279,18.17
23-01-2014,15.5285343597118,18.79
24-01-2014,15.574162156442,19.46
27-01-2014,17.44333445,20.89
28-01-2014,18.3305894024784,20.83
29-01-2014,18.9775675379104,20.81
30-01-2014,18.7253246232454,19.76
31-01-2014,18.8208987633519,20.35
03-02-2014,18.681257780416,21.65
04-02-2014,19.8905960980145,21.47
05-02-2014,19.7710997764619,20.65
06-02-2014,19.5983314662992,19.65
07-02-2014,19.9328670659712,19.03
10-02-2014,21.3867206563655,19.18
11-02-2014,21.1302928337417,19.05
12-02-2014,20.991949638171,19.23
13-02-2014,20.7255982671305,19
14-02-2014,21.1014598702006,17.95
18-02-2014,20.9844239234651,18.43
19-02-2014,22.4908499939123,18.35
20-02-2014,21.8097296752095,17.59
21-02-2014,21.2735323544179,17.9
24-02-2014,20.8652577431971,18.16
25-02-2014,20.6789064358646,18.47
26-02-2014,20.2053609637824,18.48
27-02-2014,21.4078890874896,18.81
28-02-2014,21.310402579671,18.71
03-03-2014,20.0236731965159,20.9
04-03-2014,19.1941436466521,19.88
05-03-2014,19.4887198525975,20.29
06-03-2014,19.1881147982127,19.96
07-03-2014,19.6819397752773,20.01
10-03-2014,19.7056401505658,20.33
11-03-2014,18.4097353472717,20.67
12-03-2014,18.6243075429954,20.9
13-03-2014,18.6853953285754,20.83
14-03-2014,18.7991024293076,21.7
17-03-2014,18.6600301566874,20.34
18-03-2014,18.2350024368348,20.25
19-03-2014,18.4346204629451,19.88
20-03-2014,18.3232854085088,19.69
21-03-2014,18.7095744166233,19.46
24-03-2014,18.8674797494731,19.52
25-03-2014,18.8190998675491,19.19
26-03-2014,17.9998703128528,19.17
27-03-2014,17.5371080168238,19.28
28-03-2014,17.6480087191986,19.15
31-03-2014,17.7278618878572,19.26
01-04-2014,17.8277660965246,19.61
02-04-2014,17.4416596878445,19.79
03-04-2014,17.4362756881548,18.45
04-04-2014,17.1524099868484,18.28
07-04-2014,17.0649802863141,18.64
08-04-2014,18.0643285511855,18.89
09-04-2014,18.671623542268,18.55
10-04-2014,18.8419118112786,18.72
11-04-2014,18.7333882761453,18.39
14-04-2014,18.9078465827592,18.71
15-04-2014,19.0884058511759,18.71
16-04-2014,19.4236164901018,18.9
17-04-2014,19.5274653103016,18.93
21-04-2014,19.1417032965529,18.28
22-04-2014,19.2865849054332,18.81
23-04-2014,18.7610792352524,18.46
24-04-2014,19.0094012964992,18.36
25-04-2014,19.0091540052952,18.88
28-04-2014,20.0918628244516,19.14
29-04-2014,20.2871461338435,19.19
30-04-2014,19.9936556870944,19.37
01-05-2014,19.7984695899271,18.44
02-05-2014,19.7984892866516,17.8
05-05-2014,19.7562392144964,18.55
06-05-2014,19.6539018664559,17.96
07-05-2014,19.8286570071408,17.71
08-05-2014,19.3189459848084,17.49
09-05-2014,19.333057752769,17
12-05-2014,19.4551905750025,16.65
13-05-2014,20.2974272517358,16.86
14-05-2014,20.2216008124305,16.72
15-05-2014,19.8805769089305,15.94
16-05-2014,19.9826025382591,15.42
19-05-2014,19.6433912276052,15.9
20-05-2014,19.4411457874866,16.2
21-05-2014,19.0015603858488,16.38
22-05-2014,19.1813989677474,16.05
23-05-2014,18.9207482918881,15.89
27-05-2014,18.8933171917861,16.1
28-05-2014,18.6696757514401,16.02
29-05-2014,18.6208816022647,15.55
30-05-2014,18.7327867808995,15.61
02-06-2014,18.4434221315611,15.52
03-06-2014,18.4050921409196,15.53
04-06-2014,18.2329394953924,15.41
05-06-2014,17.9368474784138,15.14
06-06-2014,18.2187071941733,14.5
09-06-2014,18.0516155837774,14.67
10-06-2014,19.1142636484837,14.74
11-06-2014,18.8375003538669,14.67
12-06-2014,18.5011246426498,19.17
13-06-2014,18.8319972976719,19.47
16-06-2014,19.4040193477513,19.52
17-06-2014,18.4990304274697,17.4
18-06-2014,17.7837137306505,17.28
19-06-2014,17.6195748598785,18.05
20-06-2014,17.5776173144632,18.84
23-06-2014,17.6210870820508,18.05
24-06-2014,17.3937531020933,17.93
25-06-2014,17.7042121694911,17.7
26-06-2014,17.6317332984429,16.97
27-06-2014,17.4451207743902,16.44
30-06-2014,17.3037471567317,16.52
01-07-2014,16.7137395585402,16.24
02-07-2014,16.6525514402674,15.87
03-07-2014,16.9879910787763,15.59
07-07-2014,17.0162431110101,16.36
08-07-2014,18.1835785267877,16.31
09-07-2014,19.521138187551,16.36
10-07-2014,18.9374744660388,16.46
11-07-2014,19.22878863,17.26
14-07-2014,19.2368501477706,18.1
15-07-2014,19.1708888497302,17.96
16-07-2014,18.4247045344529,16.88
17-07-2014,18.1491669775276,17.87
18-07-2014,18.2790343217328,17.39
21-07-2014,18.6648954356385,16.97
22-07-2014,18.4414049576683,17.1
23-07-2014,18.65748115,16.73
24-07-2014,18.4302245519132,15.95
25-07-2014,18.5471249967139,16.67
28-07-2014,18.3237589107201,16.37
29-07-2014,18.0074956832959,16.79
30-07-2014,18.206500847657,17.11
31-07-2014,18.3884058812509,18.78
01-08-2014,20.871896266717,19.39
04-08-2014,21.1482890835357,18.92
05-08-2014,21.0885591329319,19.1
06-08-2014,20.1038593867027,18.81
07-08-2014,20.136363495323,18.85
08-08-2014,19.9756152033582,18.88
11-08-2014,19.8115658495696,17.54
12-08-2014,21.5030259299857,17.55
13-08-2014,21.6242096026993,17.19
14-08-2014,21.9889560718037,17.86
15-08-2014,21.8094543629154,18.59
18-08-2014,22.0217712630182,19.52
19-08-2014,22.1586807347011,19.38
20-08-2014,22.1794942660786,17.96
21-08-2014,21.5844336778239,17.25
22-08-2014,21.0581741613546,16.51
25-08-2014,20.987043292258,16.92
26-08-2014,21.0473262335175,16.68
27-08-2014,20.5459769504001,16.47
28-08-2014,20.3756355406314,16.52
29-08-2014,20.7209053608714,16.68
02-09-2014,21.3028221838868,18.34
03-09-2014,21.6162906758814,18.49
04-09-2014,21.3059051357967,18.95
05-09-2014,20.8513048464951,18.52
08-09-2014,20.7274552062994,20.43
09-09-2014,20.2411947982016,19.68
10-09-2014,22.0433872658075,20.49
11-09-2014,21.7313884302497,20.63
12-09-2014,21.4782236845138,19.53
15-09-2014,21.5613485350765,20.17
16-09-2014,23.7710004122464,18.93
17-09-2014,23.8694752288771,19.18
18-09-2014,23.7042852922627,18.98
19-09-2014,23.4443139237001,18.56
22-09-2014,23.4501425367398,19.98
23-09-2014,23.9199750558121,20.73
24-09-2014,23.4176429229274,19.8
25-09-2014,23.2276953778584,20.07
26-09-2014,24.075238748518,19.42
29-09-2014,24.3152228471156,19.86
30-09-2014,23.8517201627529,21.52
01-10-2014,23.9597391718005,22.38
02-10-2014,25.1486706050303,23.36
03-10-2014,24.7961909538227,24.22
06-10-2014,24.6349912467912,24.62
07-10-2014,24.481866557526,25.09
08-10-2014,24.9648948124781,25.28
09-10-2014,24.3915863286622,27.72
10-10-2014,26.3791999835919,30.03
13-10-2014,27.1882981296817,31.32
14-10-2014,28.5422974021112,37.23
15-10-2014,28.3478229789722,36.36
16-10-2014,27.7951639888085,34.09
17-10-2014,28.4019894877316,31.16
20-10-2014,28.2040693541317,29.36
21-10-2014,28.3915277896326,27.14
22-10-2014,28.1776763569259,30.68
23-10-2014,28.2517940558279,31.78
24-10-2014,28.3516121553515,31.27
27-10-2014,28.0747619118127,32.44
28-10-2014,28.204955163996,30.11
29-10-2014,28.6271928797913,28.93
30-10-2014,28.0113878510156,30.45
31-10-2014,27.734886425614,30.52
03-11-2014,28.4395731008705,31.84
04-11-2014,28.1018338039267,33.13
05-11-2014,28.693843106744,31.39
06-11-2014,28.1689768116528,30.34
07-11-2014,27.9040712286702,29.47
10-11-2014,25.7938181899928,30.72
11-11-2014,25.4721477066825,30.79
12-11-2014,25.4694691517005,30.71
13-11-2014,24.5449190722489,33.12
14-11-2014,24.7741204931617,32.99
17-11-2014,24.2613930705624,34.39
18-11-2014,23.6532947781854,33.17
19-11-2014,23.5970597178318,33.14
20-11-2014,23.3292179515055,33.64
21-11-2014,22.6842401396672,34.92
24-11-2014,22.8089739794911,36.28
25-11-2014,22.6296786446693,37.49
26-11-2014,22.9571416909715,36.02
28-11-2014,21.731495277811,36.44
01-12-2014,28.026234779394,37.49
02-12-2014,28.2934422495464,38.57
03-12-2014,27.8843010288652,36.16
04-12-2014,27.8032757220468,35.39
05-12-2014,27.559023205466,34.2
08-12-2014,26.9974607103696,39.68
09-12-2014,28.185247879982,37.56
10-12-2014,27.7590444864211,42.21
11-12-2014,27.7350578893281,44.95
12-12-2014,27.1666133258308,49.77
15-12-2014,26.7195631233106,57.55
16-12-2014,27.2977647100354,55.77
17-12-2014,27.1740388852027,56.75
18-12-2014,27.0968242623369,57.45
19-12-2014,26.8696098565211,54.84
22-12-2014,26.9037213137772,54.82
23-12-2014,26.72989155,53.97
24-12-2014,26.509599526729,54.88
26-12-2014,26.2917798456812,54.68
29-12-2014,26.1960314868687,53.63
30-12-2014,25.9004398317081,51.17
31-12-2014,25.5342474732625,50.24
02-01-2015,24.7208092610606,54.25
05-01-2015,24.1824674125844,57.67
06-01-2015,25.136332498448,56.45
07-01-2015,25.3265935117468,53.25
08-01-2015,24.9261667240787,50.96
09-01-2015,25.395584156281,50.07
12-01-2015,25.028775562797,53.13
13-01-2015,25.8705310932751,53.78
14-01-2015,25.6455360279972,53.17
15-01-2015,25.03222926,57.77
16-01-2015,24.9612617679044,56.44
20-01-2015,24.3417385762614,57.99
21-01-2015,24.2357574558224,55.09
22-01-2015,23.9905110646079,56.4
23-01-2015,22.6990988009339,57.62
26-01-2015,22.4607712239549,56.65
27-01-2015,23.6010403141719,54.23
28-01-2015,23.5245604974278,55.18
29-01-2015,24.608602217094,54.69
30-01-2015,24.3421669046682,58.62
02-02-2015,22.7600224739488,57.84
03-02-2015,22.508862730169,59.68
04-02-2015,24.3085894070805,62.73
05-02-2015,23.8343589114676,63.14
06-02-2015,24.3276923604623,60.83
09-02-2015,23.7145283604851,56
10-02-2015,23.1298739570827,59.29
11-02-2015,22.8698801241529,60.23
12-02-2015,21.7172370026902,58.69
13-02-2015,22.0468154785117,55.53
17-02-2015,21.9632438858808,56.33
18-02-2015,21.7700365140729,55.97
19-02-2015,21.514618842944,55.75
20-02-2015,21.283632309854,54
23-02-2015,21.1765707136597,58.67
24-02-2015,21.1023253763206,56.27
25-02-2015,20.7952556305096,54.93
26-02-2015,20.4817314330683,56.46
27-02-2015,19.7922816384444,55.85
02-03-2015,19.751799998733,54.92
03-03-2015,19.0098819548553,53.05
04-03-2015,18.1125871777536,48.92
05-03-2015,16.4305345477514,47.09
06-03-2015,16.1837671249552,48.96
09-03-2015,16.7541913319954,48.99
10-03-2015,16.8955160364801,50.92
11-03-2015,17.9205562600057,49.17
12-03-2015,17.2415149883705,49.59
13-03-2015,17.0902065031419,54.56
16-03-2015,17.6877261812111,56.93
17-03-2015,17.464989806895,59.85
18-03-2015,17.259191404786,53.65
19-03-2015,17.704309041817,53.82
20-03-2015,17.3737124106733,50.84
23-03-2015,17.6376131653297,49.32
24-03-2015,17.6935750380365,47.94
25-03-2015,17.682687033164,47.03
26-03-2015,17.9623746764515,49.58
27-03-2015,17.3053693346828,52.84
30-03-2015,17.6143062486038,51.98
31-03-2015,17.4072608368376,53.72
01-04-2015,17.0433863890591,50.9
02-04-2015,16.7987855555898,49.84
06-04-2015,16.9453347039788,48.33
07-04-2015,17.2999820212269,46.25
08-04-2015,17.1304991286996,48.1
09-04-2015,16.7335716076806,46.65
10-04-2015,16.7806924857992,43.04
13-04-2015,16.9774214199484,44.2
14-04-2015,16.909592530647,44.65
15-04-2015,16.8577357667916,46.14
16-04-2015,17.5376147390585,43.48
17-04-2015,17.1728391338772,42
20-04-2015,18.2730982597006,42.06
21-04-2015,18.2505656476712,41.04
22-04-2015,18.2177995003933,39.01
23-04-2015,18.6004805972914,37.98
24-04-2015,18.8533808132372,36.61
27-04-2015,17.7770309539093,37.46
28-04-2015,17.700277083693,37.31
29-04-2015,17.6900291536841,36.68
30-04-2015,17.2385812354386,36.28
01-05-2015,17.5590150666161,35.62
04-05-2015,17.4783523908689,36.2
05-05-2015,16.5572750710762,36.24
06-05-2015,16.3735145748621,36.88
07-05-2015,16.0489657346868,38.13
08-05-2015,16.1931173619094,35.09
11-05-2015,16.5129361289047,34.86
12-05-2015,16.0179247870719,33.74
13-05-2015,16.2963452923739,34.33
14-05-2015,16.1358581941596,32.63
15-05-2015,15.8097912281765,29.95
18-05-2015,15.9907229704721,30.63
19-05-2015,15.9521654211478,34.82
20-05-2015,15.5503040902954,33.7
21-05-2015,14.8874336834608,31.61
22-05-2015,14.8786121603275,31.29
26-05-2015,14.9609589174756,34.66
27-05-2015,16.2149104937768,35.29
28-05-2015,15.5304715513121,34.2
29-05-2015,15.263211074888,33.74
01-06-2015,15.3068772305232,35.3
02-06-2015,14.8839495340418,35.74
03-06-2015,15.1679300458666,37.4
04-06-2015,14.983441503769,38.42
05-06-2015,14.8663686063062,33.54
08-06-2015,14.6947149766223,34.04
09-06-2015,14.2122747529476,33.01
10-06-2015,14.2962625706882,31.79
11-06-2015,14.788308253697,31.76
12-06-2015,14.7307641296404,31.51
15-06-2015,14.6804182543182,32.55
16-06-2015,14.544643779384,32.39
17-06-2015,14.4520637110911,32.83
18-06-2015,14.4025064904742,31.59
19-06-2015,15.1204204207383,30.4
22-06-2015,15.8024357387941,30.06
23-06-2015,16.0985518787325,29.69
24-06-2015,16.0874221452102,29.6
25-06-2015,16.1442741995887,29.26
26-06-2015,15.9641232686064,29.01
29-06-2015,15.857658612226,33.64
30-06-2015,19.4566503592733,32.43
01-07-2015,19.3736783762879,34.11
02-07-2015,19.0915816976993,33.8
06-07-2015,18.9931909151728,40.01
07-07-2015,22.1751480558052,40.54
08-07-2015,21.4292194049569,42.2
09-07-2015,23.0206176098528,42.04
10-07-2015,23.110263799752,41.22
13-07-2015,23.5932015801191,38.08
14-07-2015,23.8279249236643,36.31
15-07-2015,23.6950965668864,37.25
16-07-2015,24.360509360517,35.92
17-07-2015,24.1074037676875,34.68
20-07-2015,23.7560289042232,36.39
21-07-2015,23.3250790589745,34.97
22-07-2015,22.9607647928084,37.66
23-07-2015,22.2912369724784,38.46
24-07-2015,22.2359433148998,39
27-07-2015,22.4420416568674,41.15
28-07-2015,22.9252468654663,39.94
29-07-2015,22.3079945877894,38.59
30-07-2015,22.1102930269971,37.33
31-07-2015,21.9272413377105,38.82
03-08-2015,21.2925809964677,40.91
04-08-2015,21.0219325917419,40.12
05-08-2015,20.8299968881796,40.18
06-08-2015,20.1068104943467,41.54
07-08-2015,21.3781740397495,41.17
10-08-2015,21.43757814,40.99
11-08-2015,22.3239017250134,42.16
12-08-2015,22.4054595675595,42.4
13-08-2015,22.2336966701825,43.23
14-08-2015,22.0827761099172,40.92
17-08-2015,21.6609721206874,40.35
18-08-2015,21.1437450896217,39.48
19-08-2015,20.4873284357393,41.29
20-08-2015,20.9950049217745,42.58
21-08-2015,22.7644721173722,44.66
24-08-2015,23.0874459987963,50.11
25-08-2015,25.6393078304335,49
26-08-2015,25.2906025215403,46.87
27-08-2015,24.9173486599732,49.03
28-08-2015,27.2835620373911,51.56
31-08-2015,27.4156391218037,54.37
01-09-2015,26.1570248599581,57.51
02-09-2015,26.7177243815652,53.75
03-09-2015,26.230021311659,50.44
04-09-2015,25.894071634726,49.29
08-09-2015,25.0656817106446,50.14
09-09-2015,24.5019635548584,49.5
10-09-2015,24.1210391642634,50.05
11-09-2015,23.6298833472242,49.63
14-09-2015,23.5634451956753,49.81
15-09-2015,23.024242146553,51.14
16-09-2015,22.7326190100589,50.24
17-09-2015,23.4607353083384,45.34
18-09-2015,23.1302915142749,45.84
21-09-2015,23.1074521386428,47.51
22-09-2015,22.6872677269033,48.9
23-09-2015,22.9440804620104,51.12
24-09-2015,24.0889718477546,49.44
25-09-2015,23.9994212398386,47.71
28-09-2015,23.4507423279819,49.46
29-09-2015,24.2344811181007,49.32
30-09-2015,22.8643973111942,45.52
01-10-2015,22.7936231001006,44.61
02-10-2015,22.707811423223,42.86
05-10-2015,24.6002944686034,43.03
06-10-2015,25.5234501159307,44.14
07-10-2015,26.1356625422588,43.26
08-10-2015,26.2079022037069,43.28
09-10-2015,25.4880824414667,42.8
12-10-2015,25.4333414455856,44.9
13-10-2015,24.584026525514,45.37
14-10-2015,25.1858463215088,42.7
15-10-2015,24.2452809736578,41.99
16-10-2015,24.5674748719987,39.58
19-10-2015,23.9730856405994,40.74
20-10-2015,23.7192030115336,41.72
21-10-2015,23.2330549305131,41.77
22-10-2015,23.467083317527,40.22
23-10-2015,23.1565008971741,41.51
26-10-2015,23.1445945609266,42.99
27-10-2015,22.8122086736308,44.77
28-10-2015,23.6933709224152,44.29
29-10-2015,25.2845940828358,43.63
30-10-2015,24.5680466141591,41.95
02-11-2015,23.5959711718353,41.88
03-11-2015,23.2049692856758,41.27
04-11-2015,23.5141523296427,41.54
05-11-2015,23.2050233973288,39.29
06-11-2015,23.0319325636996,39.85
09-11-2015,22.3406821437402,41.34
10-11-2015,23.5121236400594,39.34
11-11-2015,23.3830013149859,41.92
12-11-2015,23.3364106707174,43.93
13-11-2015,23.4100702696383,46.26
16-11-2015,22.979190611352,47.44
17-11-2015,22.3933998230816,46.63
18-11-2015,22.4826314958892,43.53
19-11-2015,22.1138674239113,43.75
20-11-2015,21.8972399507302,44.93
23-11-2015,21.7595365781264,45.84
24-11-2015,20.9406954407166,47.17
25-11-2015,21.3221479317597,48.46
27-11-2015,20.7893213458492,48.28
30-11-2015,20.5909102663489,48.14
01-12-2015,20.3561929335273,49.28
02-12-2015,20.6532000053917,51.96
03-12-2015,20.5367964433071,50.65
04-12-2015,20.3842886365392,45.44
07-12-2015,20.0006608418566,49
08-12-2015,20.7894927787038,50.34
09-12-2015,22.1795110925945,51.53
10-12-2015,21.4745482898104,51.23
11-12-2015,21.6648607984138,54.29
14-12-2015,23.7042946788954,55.36
15-12-2015,23.2341148044661,50.03
16-12-2015,23.2956257308786,47.64
17-12-2015,26.0004783573137,47.45
18-12-2015,25.5044871397812,49.43
21-12-2015,25.1222857405826,49.18
22-12-2015,24.7706870300138,48.84
23-12-2015,24.828308698876,47.39
24-12-2015,24.8830915120184,44.81
28-12-2015,24.7967234106771,47
29-12-2015,23.8194736158782,45.27
30-12-2015,23.7672975958656,46.01
31-12-2015,24.1963753489799,46.57
04-01-2016,23.8732836327069,49.79
05-01-2016,23.7264900364179,49.68
06-01-2016,23.7066480559091,52.36
07-01-2016,24.0069924509498,56.15
08-01-2016,28.106549071162,56.1
11-01-2016,27.585592032403,62.98
12-01-2016,28.3032327200354,65.27
13-01-2016,28.482807638543,60.67
14-01-2016,28.0734265472005,57.56
15-01-2016,27.646847119942,62.09
19-01-2016,29.5865285351059,64.04
20-01-2016,28.5109102469244,67.93
21-01-2016,27.9852058311279,65.79
22-01-2016,27.9614142983497,61.86
25-01-2016,29.7899798149011,65.74
26-01-2016,30.0137176451363,65.89
27-01-2016,29.9059332792303,65.62
28-01-2016,29.3818184599065,65.99
29-01-2016,28.5097269324765,61.86
01-02-2016,29.3429324771192,66.63
02-02-2016,28.8728528319515,68.59
03-02-2016,30.0593237138967,67.71
04-02-2016,29.7471520008146,66.78
05-02-2016,29.6336791056022,66.67
08-02-2016,29.7665935687458,68.38
09-02-2016,30.5374459257479,72.29
10-02-2016,30.0767420275034,72.5
11-02-2016,29.232757632815,77.79
12-02-2016,29.4096765785857,78.97
16-02-2016,29.5087359187693,71.53
17-02-2016,30.1776942750703,69.47
18-02-2016,30.9913092255099,67.49
19-02-2016,30.7041546194023,62.46
22-02-2016,29.902386881404,62.84
23-02-2016,30.5400844114237,65.03
24-02-2016,30.3221325474237,66.09
25-02-2016,30.0146142903588,63.74
26-02-2016,30.0492086021919,59.96
29-02-2016,29.3442507913349,60.01
01-03-2016,29.1647593121925,56.84
02-03-2016,29.0981329401885,53.37
03-03-2016,29.4772458589057,52.57
04-03-2016,29.6049371283733,51.89
07-03-2016,28.5867010040311,52.8
08-03-2016,27.7246665053376,54.04
09-03-2016,28.2050197057662,51.74
10-03-2016,28.8243019942537,51.98
11-03-2016,28.264646664103,50.25
14-03-2016,28.9393346033777,50.17
15-03-2016,27.9986470121898,48.98
16-03-2016,28.1815714250522,43.98
17-03-2016,27.5569859626349,46.22
18-03-2016,29.1209611810078,44.98
21-03-2016,28.6762673645753,45.09
22-03-2016,28.024297071461,44.12
23-03-2016,27.6242962005695,44.58
24-03-2016,29.0048880910076,44.96
28-03-2016,28.1262476077841,45.98
29-03-2016,27.645511503988,46.63
30-03-2016,27.2832671708063,46.38
31-03-2016,26.7311827345233,45.91
01-04-2016,26.4350177781321,47.76
04-04-2016,26.337770110825,50.89
05-04-2016,26.1382491933704,50.16
06-04-2016,26.2115895777999,46.16
07-04-2016,25.8379822730224,46.5
08-04-2016,25.845441813389,47.42
11-04-2016,25.6713104418242,49.04
12-04-2016,25.9157920497214,48.78
13-04-2016,26.5168615255748,48.79
14-04-2016,26.394481799517,46.37
15-04-2016,26.3140017519152,51.27
18-04-2016,26.1472455978454,46.45
19-04-2016,26.0667426370636,43.93
20-04-2016,25.6187950895228,43.67
21-04-2016,25.0517295776425,43.76
22-04-2016,24.8625488448807,41.97
25-04-2016,24.2935061855057,44.24
26-04-2016,24.8560699063039,43.51
27-04-2016,24.6986896243862,43.64
28-04-2016,24.9941497269349,42.84
29-04-2016,24.0723476507909,42.52
02-05-2016,22.8679145210385,45.15
03-05-2016,23.7204238966465,45.78
04-05-2016,26.4644803970404,44.76
05-05-2016,25.5725007695317,44.82
06-05-2016,25.794324490254,42.47
09-05-2016,25.5326929295174,44.14
10-05-2016,25.3365004152773,42.28
11-05-2016,24.7914460906101,42.02
12-05-2016,24.2778639230347,41.5
13-05-2016,23.7530568655379,41.57
16-05-2016,23.6095502564547,42.03
17-05-2016,23.5607590745551,42.75
18-05-2016,23.3334152054944,42.87
19-05-2016,23.0191263977978,42.4
20-05-2016,23.1661383751442,40.17
23-05-2016,23.643984960579,39.44
24-05-2016,23.2276902467486,38.02
25-05-2016,22.955895676327,35.94
26-05-2016,23.0297244546737,36.56
27-05-2016,22.808214234385,35.97
31-05-2016,22.4547746040246,38.08
01-06-2016,21.2692533289348,40
02-06-2016,20.8143133437531,36.64
03-06-2016,20.6295303389329,34.81
06-06-2016,19.8126685655703,35.61
07-06-2016,21.0848254921199,36.19
08-06-2016,19.7869938313906,35.17
09-06-2016,19.6200428936805,35.9
10-06-2016,20.6552426501358,39.95
13-06-2016,23.1612016354417,42.72
14-06-2016,23.3728885274266,43.07
15-06-2016,23.8401513271367,42.58
16-06-2016,23.5932103851219,44.49
17-06-2016,23.2608526058431,41.35
20-06-2016,22.6700978370974,38.99
21-06-2016,23.3404392288199,40.37
22-06-2016,23.1580020137967,43.25
23-06-2016,22.6174716251694,40.1
24-06-2016,23.0482400333983,43.33
27-06-2016,27.9118797377839,42.85
28-06-2016,28.7083857722637,40.18
29-06-2016,30.2919421550567,38.29
30-06-2016,31.6257316119606,38.09
01-07-2016,30.5397009079234,36.18
05-07-2016,30.2996595437477,40.08
06-07-2016,30.5939907637045,41.43
07-07-2016,30.1223385677749,43.24
08-07-2016,29.6812958048869,41.41
11-07-2016,29.7569771880836,42.51
12-07-2016,29.5034943295161,39.67
13-07-2016,29.2016302217929,43.1
14-07-2016,28.5919870353928,38.3
15-07-2016,28.4598683494633,36.66
18-07-2016,27.4565889491835,38.15
19-07-2016,26.8400353209002,37.2
20-07-2016,26.8294742664441,37.02
21-07-2016,26.8590746518582,38.13
22-07-2016,26.8078521335903,38.85
25-07-2016,26.6015714612476,40.97
26-07-2016,26.4688647781451,41.27
27-07-2016,26.3905962035556,41.6
28-07-2016,26.0519065174341,42.93
29-07-2016,24.9693316861001,41.08
01-08-2016,24.603467947937,44.22
02-08-2016,24.5613708720597,45.7
03-08-2016,24.9677108265478,44.64
04-08-2016,24.4069082437304,43.1
05-08-2016,24.2090067069778,41.5
08-08-2016,23.9952883734067,41.14
09-08-2016,23.8839899231502,39.76
10-08-2016,22.8389241238874,39.32
11-08-2016,22.6569697700421,39.29
12-08-2016,22.109783570765,37.78
15-08-2016,21.9105224901098,37.28
16-08-2016,22.4166807912276,37.45
17-08-2016,22.0465543663109,35.12
18-08-2016,21.8069349302957,36.75
19-08-2016,22.9026812746932,34.88
22-08-2016,21.8606634879893,36.41
23-08-2016,21.397765697747,37.53
24-08-2016,21.6120109056838,37.46
25-08-2016,22.1509962901208,36.76
26-08-2016,22.0334238595852,36.05
29-08-2016,21.8404175127305,36.72
30-08-2016,21.5800699608262,38.03
31-08-2016,20.4004078817327,39.5
01-09-2016,20.7252090756061,41.22
02-09-2016,20.3220888485077,38.64
06-09-2016,20.5385637150627,39.85
07-09-2016,20.440813953232,38.63
08-09-2016,20.1799725961395,38.21
09-09-2016,20.1383497313222,39.72
12-09-2016,23.4854245096381,39.16
13-09-2016,23.269580730037,41.1
14-09-2016,24.338368175984,42.47
15-09-2016,24.3948954548878,40.9
16-09-2016,24.5090870571272,39.86
19-09-2016,24.2425492512287,39.66
20-09-2016,24.6628010239503,40.99
21-09-2016,24.1705980793973,39.85
22-09-2016,24.3825868367393,41.57
23-09-2016,24.2629963851726,43.89
26-09-2016,24.4662222575407,44.9
27-09-2016,23.6748430249659,43.88
28-09-2016,23.3599212891625,45.24
29-09-2016,23.6524724863377,42.05
30-09-2016,23.484041307788,39.31
03-10-2016,23.4125928328036,38.04
04-10-2016,22.591410198011,37.66
05-10-2016,22.3200124369913,36.65
06-10-2016,22.5085883928766,35.92
07-10-2016,22.3107100327946,36.6
10-10-2016,22.9811820333375,36.57
11-10-2016,22.8476833553841,38.08
12-10-2016,23.6778271955836,39.05
13-10-2016,23.4581345555668,37.22
14-10-2016,23.1634277831237,35.55
17-10-2016,23.0561641246071,34.88
18-10-2016,23.0664857912763,36.37
19-10-2016,23.0719371634036,32.72
20-10-2016,23.0859702081055,32.48
21-10-2016,22.8889760266883,32.51
24-10-2016,22.4435510782519,32.79
25-10-2016,22.4358190291696,33.93
26-10-2016,23.0374095101919,35.39
27-10-2016,22.9736194215604,35.86
28-10-2016,22.9350907182056,37.76
31-10-2016,22.9207298142553,40.96
01-11-2016,22.1504917041449,40.08
02-11-2016,22.483473171003,40.86
03-11-2016,22.6805405815597,41.49
04-11-2016,23.8283258907484,43.69
07-11-2016,23.7607190255595,44.2
08-11-2016,24.4583366510423,43.56
09-11-2016,24.3088545229696,41.25
10-11-2016,24.7583578378121,42.44
11-11-2016,25.451515722063,45.31
14-11-2016,24.76288507,50.17
15-11-2016,24.3693793954605,49.43
16-11-2016,23.5885146285424,50.09
17-11-2016,23.3108758136128,47.37
18-11-2016,23.0970701939196,46.56
21-11-2016,22.8603166958117,45.71
22-11-2016,23.1393162482842,46.69
23-11-2016,22.8078017800829,47.54
25-11-2016,22.3270663755527,53.46
28-11-2016,21.9356978888703,52.56
29-11-2016,21.761881544873,55.09
30-11-2016,21.2797591508168,44.25
01-12-2016,21.4038205171283,40.45
02-12-2016,21.2799641495618,35.51
05-12-2016,20.4503764509756,37
06-12-2016,20.2257995521136,37.11
07-12-2016,19.3787474084913,36.05
08-12-2016,19.8372506575382,35.03
09-12-2016,19.0470314686216,35.21
12-12-2016,18.9699771961551,30.3
13-12-2016,19.1095187186422,31.35
14-12-2016,18.7537706741531,33.97
15-12-2016,18.7768553760474,33.58
16-12-2016,18.1389005039293,29.18
19-12-2016,17.914139419751,29.23
20-12-2016,17.5732137341215,27.43
21-12-2016,17.4712029566837,28.39
22-12-2016,17.2467397252515,30.29
23-12-2016,16.8232912706933,29.9
27-12-2016,16.4879061624558,30
28-12-2016,15.9136879860313,29.91
29-12-2016,15.6069268359829,30.01
30-12-2016,15.4703799982735,30.83
03-01-2017,15.3987725817072,32.88
04-01-2017,15.0832480817301,32.36
05-01-2017,15.6103278875505,31.56
06-01-2017,15.5006738240343,30.47
09-01-2017,15.2625880872863,33.73
10-01-2017,14.6648081230143,33.61
11-01-2017,14.6598884356439,32.95
12-01-2017,14.6657484889903,32.37
13-01-2017,14.6015270120375,30.73
17-01-2017,14.8516303690203,31.25
18-01-2017,14.2311336036166,31.24
19-01-2017,14.3812130397998,30.88
20-01-2017,14.4814753217063,29.19
23-01-2017,15.014750342627,30.79
24-01-2017,15.0376649446497,29.59
25-01-2017,15.5043861283628,30.41
26-01-2017,15.7121617105618,29.59
27-01-2017,15.7568857403913,29.78
30-01-2017,15.7463454032912,30.94
31-01-2017,16.5609937925839,31.33
01-02-2017,16.4366195058522,30.65
02-02-2017,16.8462328434545,29.39
03-02-2017,16.6322657633644,28.11
06-02-2017,17.3730277139898,29.37
07-02-2017,17.6096791277171,29.61
08-02-2017,17.4632969928901,29.09
09-02-2017,17.3445549374747,28.25
10-02-2017,17.2005870352407,26.43
13-02-2017,17.6955604118398,26.99
14-02-2017,17.7210929380719,27.49
15-02-2017,17.6989622428664,27.75
16-02-2017,17.4575030055256,27.37
17-02-2017,17.1016695426127,25.29
21-02-2017,16.5497174016307,25.79
22-02-2017,16.8839783955702,27.09
23-02-2017,17.1053748315227,25.79
24-02-2017,16.549128104494,25.72
27-02-2017,16.772975130384,25.01
28-02-2017,16.6533768069935,25.46
01-03-2017,16.910241472709,24.67
02-03-2017,17.1762242147571,25.94
03-03-2017,17.1465704937219,25.59
06-03-2017,16.6424031879099,26.96
07-03-2017,16.5385029883754,26.46
08-03-2017,16.4795089162449,31.74
09-03-2017,16.6201260706355,31.98
10-03-2017,16.4297387203474,33.45
13-03-2017,15.9501221938822,32.39
14-03-2017,15.9920901468837,33.19
15-03-2017,16.4314577147624,30.08
16-03-2017,17.4034615073747,28.63
17-03-2017,17.135542559726,27.45
20-03-2017,17.0181826434958,28.11
21-03-2017,16.8243223333462,30.57
22-03-2017,19.4040138997775,30.05
23-03-2017,19.2608588375777,29.79
24-03-2017,18.7786628202007,30.99
27-03-2017,18.7654200730325,30.78
28-03-2017,18.5026181086765,29.92
29-03-2017,18.7990320505846,28.54
30-03-2017,18.7847531882884,27.82
31-03-2017,18.1721392416213,27.59
03-04-2017,18.2198900942667,26.89
04-04-2017,17.5821697828497,27.97
05-04-2017,17.0587656241166,27.73
06-04-2017,14.7504958588196,26.79
07-04-2017,14.8325351158218,27.46
10-04-2017,14.7428625357599,26.71
11-04-2017,15.0467969592539,27.27
12-04-2017,14.1533812630534,26.92
13-04-2017,13.8008788544338,26.02
17-04-2017,14.0523063685711,25.8
18-04-2017,13.9880815371176,26.88
19-04-2017,14.156446148611,29.81
20-04-2017,14.581632628866,27.96
21-04-2017,14.3767560824618,30.06
24-04-2017,14.0547355985501,29.88
25-04-2017,15.2635365702359,29.39
26-04-2017,15.631594099012,29.32
27-04-2017,15.3820695212097,29.88
28-04-2017,14.9124113939192,28.55
01-05-2017,14.6472911750257,29.42
02-05-2017,14.6615435107324,32.23
03-05-2017,14.6527402167283,32.8
04-05-2017,14.5651413502892,34.67
05-05-2017,16.6267770970933,33.83
08-05-2017,17.1364025851706,33.85
09-05-2017,17.023667730264,34.21
10-05-2017,16.8130800980608,34.02
11-05-2017,16.7927294128447,33.72
12-05-2017,16.2779768123842,33.72
15-05-2017,16.1416530165039,33.1
16-05-2017,16.6478641407318,33.44
17-05-2017,16.3773438339219,33.9
18-05-2017,18.7801246133858,32.8
19-05-2017,15.3334839630825,29.76
22-05-2017,15.6938248699516,30.59
23-05-2017,15.5451754315685,31.77
24-05-2017,15.4148581026189,30.94
25-05-2017,15.3063598820984,33.03
26-05-2017,14.8645191705926,30.04
30-05-2017,15.1727862583235,30.3
31-05-2017,15.1184546817358,32.29
01-06-2017,14.924210100533,31.19
02-06-2017,14.9339877622607,32.47
05-06-2017,14.3698361473584,33.71
06-06-2017,14.7656559092152,32.12
07-06-2017,14.6291450093907,34.23
08-06-2017,14.6230918990149,33.84
09-06-2017,14.7324740952781,32.59
12-06-2017,14.4277404355408,33.95
13-06-2017,14.2102472551513,32.34
14-06-2017,14.3440591259849,32.02
15-06-2017,13.5126554815036,31.9
16-06-2017,13.8835953777825,27.93
19-06-2017,13.7086785847602,30.34
20-06-2017,13.7799646860523,32.49
21-06-2017,14.8603361494032,33.32
22-06-2017,15.1589606047216,32.65
23-06-2017,15.1642917711297,31.92
26-06-2017,15.6193831769611,31.77
27-06-2017,15.5946203769492,32.28
28-06-2017,15.4524992594264,30.8
29-06-2017,15.8761998661574,30.46
30-06-2017,16.3291752168937,28.7
03-07-2017,16.4765609791285,30.26
05-07-2017,16.350316308502,32.61
06-07-2017,17.0679640638019,32.82
07-07-2017,16.843205862624,33.17
10-07-2017,16.8741320077913,33.23
11-07-2017,15.8888150269616,33.61
12-07-2017,15.6272493470623,32.48
13-07-2017,16.4017901462014,31.76
14-07-2017,16.0784414736525,30.28
17-07-2017,15.7574628627499,30.61
18-07-2017,15.6494887841022,29.96
19-07-2017,15.6629000716932,29.55
20-07-2017,16.1764905825909,29.25
21-07-2017,16.0864393075214,29.25
24-07-2017,15.3875269670684,29.24
25-07-2017,15.4185862223596,29.18
26-07-2017,15.2817506384047,29.44
27-07-2017,15.141481258094,29.81
28-07-2017,15.3788365589769,29.86
31-07-2017,15.349045634636,30.84
01-08-2017,15.2941858380279,30.54
02-08-2017,15.5700865970626,30.43
03-08-2017,15.6600994931538,29.65
04-08-2017,15.7551417693691,28.53
07-08-2017,15.4996571125363,28.73
08-08-2017,15.7671696403272,29.44
09-08-2017,16.0609251573862,29.06
10-08-2017,15.8670554646722,29.27
11-08-2017,17.772876958873,28.41
14-08-2017,17.6185018544596,29.16
15-08-2017,17.6879635148596,29.31
16-08-2017,17.6117940270434,29.18
17-08-2017,17.4078784984922,29.31
18-08-2017,18.1270737601503,27.53
21-08-2017,18.604732799627,28.77
22-08-2017,18.9239506924537,27.97
23-08-2017,19.2186452924128,27.8
24-08-2017,18.855645402642,28.37
25-08-2017,18.2280385898099,28.88
28-08-2017,17.6768098389297,30.39
29-08-2017,17.6083864581024,30.49
30-08-2017,17.5721389890845,29.78
31-08-2017,17.4533475340965,29.1
01-09-2017,17.9507933236239,28.97
05-09-2017,18.0482390999923,29.58
06-09-2017,18.342075999786,30.07
07-09-2017,17.9511534536709,29.73
08-09-2017,18.1411367804233,29.49
11-09-2017,18.1703112625526,27.73
12-09-2017,19.1241434959629,27.59
13-09-2017,19.0268047839985,26.62
14-09-2017,19.2477151023968,26.09
15-09-2017,18.0053305688223,26.65
18-09-2017,17.9843260400932,27.53
19-09-2017,17.9402477098964,25.76
20-09-2017,18.0453108597694,26.99
21-09-2017,17.462927481035,26.3
22-09-2017,17.5349427580365,26.39
25-09-2017,16.5627031284003,26.93
26-09-2017,17.5740402862182,27.8
27-09-2017,17.7914882742918,27.29
28-09-2017,17.6961812454468,27.18
29-09-2017,18.7730998194463,26.83
02-10-2017,17.8724043420191,27.72
03-10-2017,17.3188615756907,27.95
04-10-2017,17.1546332906275,27.04
05-10-2017,16.8719654297701,26.45
06-10-2017,16.6682114694649,27.59
09-10-2017,16.0416531727823,27.32
10-10-2017,15.8767752635126,26.54
11-10-2017,16.7505061639204,26.43
12-10-2017,16.3460647661435,25.85
13-10-2017,16.1597797624621,25.73
16-10-2017,16.0116137657613,26.32
17-10-2017,15.7101203769378,25.87
18-10-2017,15.7348107821639,26.41
19-10-2017,15.7420528563564,26.3
20-10-2017,15.8544881218874,24.51
23-10-2017,15.7437128621314,25.08
24-10-2017,15.8707273706518,25.6
25-10-2017,15.42917672,25.44
26-10-2017,16.2187360824114,25.22
27-10-2017,16.4526878402186,25.18
30-10-2017,17.7090007054341,25.33
31-10-2017,17.202406632018,25.31
01-11-2017,16.4546523837884,25.65
02-11-2017,16.3539321513569,25.65
03-11-2017,15.9886918913715,24.82
06-11-2017,16.1414013955026,26.85
07-11-2017,16.0342600347661,28.75
08-11-2017,16.0074749651891,27.99
09-11-2017,14.4226746022992,28.37
10-11-2017,13.5077558500301,29.4
13-11-2017,13.3083923393133,30.22
14-11-2017,13.1424545336548,30.08
15-11-2017,13.6393240639126,29.84
16-11-2017,14.0229538518153,28.42
17-11-2017,14.2298872729037,26.96
20-11-2017,14.3924352620605,27.18
21-11-2017,14.1281448805243,26.64
22-11-2017,14.1876730702075,26.83
24-11-2017,14.0128131466356,26.88
27-11-2017,14.2531298399718,28.36
28-11-2017,14.4347945569383,28.13
29-11-2017,14.505593209597,28.02
30-11-2017,14.4774870358714,25.95
01-12-2017,14.0459049310564,23.73
04-12-2017,13.8882782836097,23.68
05-12-2017,14.2579610016961,23.13
06-12-2017,14.1743652858101,23.13
07-12-2017,13.9944043642055,23.13
08-12-2017,14.3298730985501,23.85
11-12-2017,13.8790058696614,22.96
12-12-2017,14.0110036831372,22.84
13-12-2017,14.4423735837982,23.49
14-12-2017,13.5995935232596,23
15-12-2017,13.0546976596748,21.25
18-12-2017,12.8147969768086,18.43
19-12-2017,13.4407075826408,18.88
20-12-2017,13.4872792883068,19.46
21-12-2017,13.678405793386,17.86
22-12-2017,13.4536447179161,19.26
26-12-2017,13.1575506691013,20.99
27-12-2017,13.016411418598,20.64
28-12-2017,13.4632167922394,20.71
29-12-2017,13.3198386121327,21.32
02-01-2018,13.3414572301944,22.73
03-01-2018,15.0270766861206,22.75
04-01-2018,14.4481704455317,22.12
05-01-2018,14.2247927248248,22.3
08-01-2018,13.8652816036884,21.9
09-01-2018,13.7773424025803,22.96
10-01-2018,13.6483422261613,23.52
11-01-2018,14.0468737385575,23.52
12-01-2018,14.3792539897723,23.52
16-01-2018,14.2453496672595,26.41
17-01-2018,12.8416553464444,24.7
18-01-2018,13.0503387207729,24.38
19-01-2018,12.8783752709472,21.2
22-01-2018,12.8463896644305,22.03
23-01-2018,12.7370964305151,22.34
24-01-2018,12.6022306388192,23.93
25-01-2018,11.8381978757022,22.35
26-01-2018,12.1744075860844,22.29
29-01-2018,11.7769072484877,22.73
30-01-2018,10.1207911650263,22.9
31-01-2018,11.5181601947087,22.23
01-02-2018,11.3399044329762,22.24
02-02-2018,11.0379162974078,23.8
05-02-2018,12.8433387857428,25.91
06-02-2018,15.32300623,26.59
07-02-2018,15.082030133341,26.79
08-02-2018,14.8307395147528,29.5
09-02-2018,16.5006316297399,29.85
12-02-2018,15.6503051660308,29.42
13-02-2018,15.7192175052918,30.39
14-02-2018,15.6052520752692,27.73
15-02-2018,16.5583253138899,27.57
16-02-2018,16.9657829813315,26.97
20-02-2018,16.8844961097806,27.58
21-02-2018,16.5280279765413,26.93
22-02-2018,16.041554320168,24.98
23-02-2018,15.7360425920255,24.37
26-02-2018,15.4786855791184,24.36
27-02-2018,15.3530267429807,25.29
28-02-2018,15.9476865472397,26.92
01-03-2018,16.1374912362531,26.98
02-03-2018,16.6822713500104,26.15
05-03-2018,16.5274559205508,26.3
06-03-2018,16.459671974346,25.55
07-03-2018,16.0077146563393,26.94
08-03-2018,16.4744356714018,26.16
09-03-2018,16.3707781915871,26.23
12-03-2018,18.0596696710832,24.02
13-03-2018,18.1175293289549,25.5
14-03-2018,18.6007932516333,25.21
15-03-2018,18.1560941249858,25.07
16-03-2018,17.9184470283804,24.53
19-03-2018,17.2887504352667,25.28
20-03-2018,17.0885001987272,25.3
21-03-2018,16.9159339668592,25.95
22-03-2018,16.9574052342642,26.47
23-03-2018,17.8033787140764,27.56
26-03-2018,17.3291052351489,27.71
27-03-2018,18.1880951565159,27.38
28-03-2018,19.2014492802531,26.67
29-03-2018,19.4483068053047,25.07
02-04-2018,19.5256662973457,27.53
03-04-2018,20.5300637595966,26.89
04-04-2018,20.358855442084,26.17
05-04-2018,19.9982284165208,24.38
06-04-2018,19.861958689549,24.99
09-04-2018,20.1707409197061,25.64
10-04-2018,19.2516033021602,28.05
11-04-2018,19.5823586903425,29.42
12-04-2018,19.5183126588347,28.73
13-04-2018,19.6353234580365,28.52
16-04-2018,19.4157679,28.84
17-04-2018,18.8806035915221,27.88
18-04-2018,19.7904014890526,29.42
19-04-2018,19.1696712499804,29.36
20-04-2018,19.3522861223569,28.99
23-04-2018,19.5433832888726,28.97
24-04-2018,19.4162625881639,29.15
25-04-2018,17.9830799798392,28.16
26-04-2018,17.617514193355,26.86
27-04-2018,17.9074147399629,25.59
30-04-2018,17.6921726862954,28.28
01-05-2018,17.684470664986,28.07
02-05-2018,17.4765731547898,27.32
03-05-2018,17.2492842417259,26.69
04-05-2018,16.5757588910557,26.17
07-05-2018,16.3578468239879,28.86
08-05-2018,16.2704282374273,26.76
09-05-2018,15.6909927847343,26.71
10-05-2018,16.0113167539715,26.61
11-05-2018,16.4295027110173,25.74
14-05-2018,15.8309713578553,25.93
15-05-2018,15.4368691067777,26.61
16-05-2018,15.545124588984,25.73
17-05-2018,15.479656218949,25.11
18-05-2018,15.0733805520422,25.23
21-05-2018,14.85847827,25.79
22-05-2018,15.3093626783948,25.89
23-05-2018,14.7505263359984,26.04
24-05-2018,14.5960111903242,25.37
25-05-2018,14.3778477199033,27.76
29-05-2018,15.2926451030716,29.04
30-05-2018,15.0675629143366,27.9
31-05-2018,15.108236555761,27.61
01-06-2018,15.1326060044911,28.65
04-06-2018,15.0601698620583,29.49
05-06-2018,14.72945437,29.3
06-06-2018,14.5654690550705,29.14
07-06-2018,14.3569868201756,28.05
08-06-2018,14.1247423967354,27.59
11-06-2018,14.035645919418,26.86
12-06-2018,13.9200257603666,26.58
13-06-2018,13.1576424823282,27.08
14-06-2018,13.1282835075177,26.69
15-06-2018,13.4650322674487,27.64
18-06-2018,14.1550673589655,27.58
19-06-2018,13.9711801873861,28.01
20-06-2018,14.0693971420643,28.06
21-06-2018,14.1522938297316,27.78
22-06-2018,14.5648644897501,25.52
25-06-2018,15.1529670822117,26.1
26-06-2018,15.0972649377053,25.67
27-06-2018,15.4340379426461,27.69
28-06-2018,16.2300343997749,27.35
29-06-2018,16.0622147241762,27.18
02-07-2018,16.1120189907714,28.65
03-07-2018,15.936324047044,28.58
05-07-2018,15.9158096720923,28.77
06-07-2018,16.120562092683,28.13
09-07-2018,15.9886566727711,28.12
10-07-2018,14.9792492515837,26.9
11-07-2018,14.660866578307,28.56
12-07-2018,14.5510933670759,27.81
13-07-2018,14.788224590877,27.54
16-07-2018,14.5815393997613,29.01
17-07-2018,14.635900764558,28
18-07-2018,14.6267104758423,27.24
19-07-2018,14.921401825362,26.84
20-07-2018,14.0822734723415,26.01
23-07-2018,13.2585647542129,26.15
24-07-2018,13.4837885058093,25.65
25-07-2018,13.3270352019373,25.34
26-07-2018,13.3426083263234,24.88
27-07-2018,12.9709319792291,24.97
30-07-2018,12.8513284012815,25.83
31-07-2018,12.7426986273275,26.52
01-08-2018,12.9173449963274,26.45
02-08-2018,12.8325367055594,25.73
03-08-2018,12.9440288553468,25.61
06-08-2018,12.7244540411895,25.42
07-08-2018,12.3094905446432,25.22
08-08-2018,12.2121449381821,26.41
09-08-2018,12.2680283015438,25.4
10-08-2018,13.6628646962361,25.45
13-08-2018,13.7186583193288,25.31
14-08-2018,13.7642173943045,26.18
15-08-2018,13.5989149759206,27.26
16-08-2018,14.5438173014286,26.33
17-08-2018,14.2389536226067,25.71
20-08-2018,14.4024279724222,25.26
21-08-2018,14.4828085031141,25.08
22-08-2018,14.2647630736349,24.72
23-08-2018,13.9456147605446,24.35
24-08-2018,13.8032711420889,23.31
27-08-2018,13.6060368544142,23.68
28-08-2018,14.0611609031604,24.5
29-08-2018,14.045256012587,24.32
30-08-2018,14.2388107426301,24.89
31-08-2018,14.1495609633963,25.02
04-09-2018,13.6710007199894,26.7
05-09-2018,13.367530550379,26.62
06-09-2018,13.297851118995,26.16
07-09-2018,13.1872384019524,26.07
10-09-2018,12.7618637309487,26.13
11-09-2018,12.7752889953685,27.14
12-09-2018,11.9095689298738,26.94
13-09-2018,11.5879698202941,26.7
14-09-2018,11.5621617814132,26.4
17-09-2018,11.2960054103133,26.49
18-09-2018,10.9603685116081,26.8
19-09-2018,11.1216235463465,26.35
20-09-2018,11.2250636011124,26.07
21-09-2018,11.4363900222124,26.15
24-09-2018,11.2969718559965,26.97
25-09-2018,11.5538574839727,26.83
26-09-2018,12.1364211363667,26.53
27-09-2018,11.9490986780763,26.45
28-09-2018,12.0188931330119,26.73
01-10-2018,12.4364406849188,27.95
02-10-2018,12.3044244775123,27.68
03-10-2018,12.2307570888257,28.04
04-10-2018,11.6795892639836,28.9
05-10-2018,13.5919629060406,28.84
08-10-2018,12.4901106135474,28.86
09-10-2018,11.1625680928021,27.9
10-10-2018,11.3705792715265,28.81
11-10-2018,14.4541420207039,29.29
12-10-2018,15.5662457872113,27.73
15-10-2018,15.4789686392059,28.59
16-10-2018,15.480971437673,28.59
17-10-2018,16.6596622172522,28.13
18-10-2018,16.4234488756171,28.53
19-10-2018,16.3625081688399,27.42
22-10-2018,16.1692907042649,27.76
23-10-2018,16.1696443266421,29.38
24-10-2018,14.8068503306231,29.8
25-10-2018,16.7359441534601,28.5
26-10-2018,16.2532249460521,29.09
29-10-2018,15.5160696326469,29.46
30-10-2018,15.4009035526784,29.9
31-10-2018,14.8513938303508,30.12
01-11-2018,14.7226299263139,31.54
02-11-2018,15.1145081763906,32.21
05-11-2018,15.0611308461934,32.68
06-11-2018,14.07507551,34.15
07-11-2018,13.1885762942999,33.05
08-11-2018,12.4629199053625,32.23
09-11-2018,12.3185596668141,35.1
12-11-2018,12.7096829702003,40.14
13-11-2018,13.0228293795488,55.71
14-11-2018,12.7902446488071,47.07
15-11-2018,12.6108785254821,43.87
16-11-2018,12.3541655191541,40.56
19-11-2018,12.4208561307759,43.45
20-11-2018,12.690874191048,56.56
21-11-2018,13.3314028693864,51.79
23-11-2018,13.2823177127164,65.17
26-11-2018,13.9182754184044,57.87
27-11-2018,13.4096502648643,54.64
28-11-2018,13.3679061585736,53.99
29-11-2018,13.6646664981036,53.96
30-11-2018,13.2234433954465,56.04
03-12-2018,13.1898548405496,49.61
04-12-2018,14.0209173928002,49.84
06-12-2018,15.160088041239,50.13
07-12-2018,15.9381388266608,41.83
10-12-2018,15.8726256025132,45.06
11-12-2018,15.7280100911038,41.46
12-12-2018,15.6816715985905,39.9
13-12-2018,15.6956931645368,39.25
14-12-2018,15.5337792728946,42.38
17-12-2018,16.0906059534953,46.59
18-12-2018,16.8973259107055,53.35
19-12-2018,17.5964072995729,50.86
20-12-2018,16.9541827627856,52.89
21-12-2018,18.1195632857838,51.76
24-12-2018,18.309458849539,56.73
26-12-2018,18.9080183412479,54.07
27-12-2018,21.845207615882,57.16
28-12-2018,21.6367107373135,53.11
31-12-2018,21.3826478299127,51.87
02-01-2019,21.0142476024285,54.72
03-01-2019,21.0552520798491,53.57
04-01-2019,21.103977001493,51.52
07-01-2019,22.9496445556582,50.42
08-01-2019,22.8554206694256,46.08
09-01-2019,22.1824821206721,44.36
10-01-2019,22.6872535771547,42.99
11-01-2019,22.5038731792703,40.99
14-01-2019,22.4468940177897,40.81
15-01-2019,22.2595249766867,39.75
16-01-2019,22.1658641383877,38.77
17-01-2019,21.5749951588126,37.03
18-01-2019,21.7278527034743,35.63
22-01-2019,21.5492425100523,38.26
23-01-2019,22.5992751299478,37.69
24-01-2019,22.4203705251332,36.75
25-01-2019,23.2108432141523,35.21
28-01-2019,22.6613911993985,37.61
29-01-2019,22.036043210004,37.13
30-01-2019,22.1219328876953,35.59
31-01-2019,22.0745601278535,34.97
01-02-2019,21.2491468286695,33.4
04-02-2019,20.9312213389665,33.7
05-02-2019,20.7973291696897,34.57
06-02-2019,19.9564809446294,33.02
07-02-2019,18.8382115856505,34.34
08-02-2019,19.3436364416263,32.56
11-02-2019,19.413663337794,33.34
12-02-2019,19.1131420198288,32.69
13-02-2019,19.1096052163205,32.26
14-02-2019,18.9199480216999,32.1
15-02-2019,18.6940899791293,29.46
19-02-2019,17.6982842652535,31
20-02-2019,18.2633207789267,30.76
21-02-2019,18.0880464664613,30.16
22-02-2019,17.7223116638078,29.85
25-02-2019,18.2909646778408,32.69
26-02-2019,18.4066554545349,31.57
27-02-2019,18.0878813114458,31.01
28-02-2019,18.1693669084281,30.27
01-03-2019,17.3283590813009,30.31
04-03-2019,17.3225636645771,30.2
05-03-2019,16.9635470562625,29.79
06-03-2019,16.9978222620481,29.69
07-03-2019,18.8327393333452,30.43
08-03-2019,18.9970125765925,29.77
11-03-2019,18.7518665151627,29.18
12-03-2019,20.5763142456562,28.56
13-03-2019,20.4024418837801,28.13
14-03-2019,20.3621102558953,27.22
15-03-2019,20.0450642017708,26.27
18-03-2019,19.2572501400741,26.48
19-03-2019,18.9043841655681,28.44
20-03-2019,18.8249367664842,27.21
21-03-2019,18.5311539755691,27.14
22-03-2019,17.5383297368009,27.78
25-03-2019,20.3048634376227,29.32
26-03-2019,20.5263407925485,27.92
27-03-2019,20.2119355261231,28.11
28-03-2019,20.2623454278755,28.52
29-03-2019,20.1358671664781,26.75
01-04-2019,20.0837896449217,26.23
02-04-2019,20.2684367760921,26.28
03-04-2019,20.1604689926299,25.57
04-04-2019,20.3114801183001,25.22
05-04-2019,20.293457885222,24
08-04-2019,21.086914530254,24.33
09-04-2019,20.9385145406964,24.66
10-04-2019,21.2959079598161,24.68
11-04-2019,21.3863422327978,25.7
12-04-2019,20.9200616808259,25.7
15-04-2019,20.0417113408972,25.51
16-04-2019,19.7171404349376,25.57
17-04-2019,19.6702686295981,25.19
18-04-2019,19.12860263,24.45
22-04-2019,18.6807034240329,26.07
23-04-2019,18.428687016707,26.56
24-04-2019,18.7677212330327,25.28
25-04-2019,18.124337606807,25.57
26-04-2019,18.5945954370258,31.24
29-04-2019,18.1918406373581,29.04
30-04-2019,17.7877289250856,29.31
01-05-2019,17.4631002765637,29.41
02-05-2019,17.5371338347879,30.49
03-05-2019,17.3813375567999,29.88
06-05-2019,17.3349491147647,30.91
07-05-2019,17.7769515930347,34.07
08-05-2019,16.5116366213612,32.23
09-05-2019,15.9515018914563,32.48
10-05-2019,16.5087935759076,32.8
13-05-2019,16.805362084914,34.6
14-05-2019,19.0822247946681,32.13
15-05-2019,19.0211713848998,29.26
16-05-2019,18.7287698206639,29.42
17-05-2019,18.666459138017,29.44
20-05-2019,17.7777435794149,27.63
21-05-2019,16.6677978955611,26.93
22-05-2019,17.4070974732176,28.19
23-05-2019,16.6476262542189,33.79
24-05-2019,18.3209030994529,33.19
28-05-2019,17.9521886211359,34.36
29-05-2019,17.6290810874264,36.43
30-05-2019,17.50289477,39.62
31-05-2019,17.0559714543367,46.91
03-06-2019,16.847448838934,46.78
04-06-2019,16.9795881799701,43.46
05-06-2019,17.8386382328116,45.19
06-06-2019,17.6527186466124,40.66
07-06-2019,17.5336792821249,38.75
10-06-2019,17.6807048369482,39.12
11-06-2019,17.8327284951812,38.69
12-06-2019,17.2531434951701,43.06
13-06-2019,17.3671066374216,41.56
14-06-2019,17.6721933181921,42.89
17-06-2019,17.6274567239907,46.15
18-06-2019,18.2213399271432,43.43
19-06-2019,18.6563562526227,40.79
20-06-2019,18.5238758327268,41.66
21-06-2019,19.6410229714735,42.13
24-06-2019,19.3471385159877,41
25-06-2019,19.0537680280107,40.26
26-06-2019,18.8220342223424,38.45
27-06-2019,18.7845920585622,37.84
28-06-2019,18.7838697160148,39.46
01-07-2019,18.6728369274832,35.92
02-07-2019,18.8565044309886,37.77
03-07-2019,19.1723773481174,36.72
05-07-2019,18.9684632,34.7
08-07-2019,17.800050648503,34
09-07-2019,17.7204415290868,30.3
10-07-2019,17.5979120169159,30.76
11-07-2019,18.3239662114175,29.86
12-07-2019,17.8017112491062,30.39
15-07-2019,17.7125101951409,30.83
16-07-2019,17.3690188385201,32.06
17-07-2019,17.6453762398444,34.94
18-07-2019,17.3778788033313,33.07
19-07-2019,16.787028172643,34.84
22-07-2019,16.6901321557785,33.63
23-07-2019,15.7250579077125,32.25
24-07-2019,15.4643499823334,32.86
25-07-2019,16.0009746762061,31.95
26-07-2019,16.2149151840784,32.29
29-07-2019,16.0611893975103,31.63
30-07-2019,15.7206779593564,30.07
31-07-2019,15.143012740079,30.77
01-08-2019,15.2542627981005,36.43
02-08-2019,15.5936989828014,35.56
05-08-2019,15.3593937942094,37.04
06-08-2019,18.7491840789201,36.43
07-08-2019,18.7964919324647,38.1
08-08-2019,19.266435457091,35.98
09-08-2019,20.5543706205071,35.14
12-08-2019,20.8205549412818,34.43
13-08-2019,20.8564921684107,33.19
14-08-2019,19.9768910509547,35.83
15-08-2019,21.6985558837402,36.2
16-08-2019,21.080156055081,35.02
19-08-2019,21.2623016060698,32.99
20-08-2019,21.3757760592766,32.34
21-08-2019,21.3426205330707,32.39
22-08-2019,21.2222289416963,32.39
23-08-2019,21.1540344384792,35.2
26-08-2019,21.8506667314556,35.42
27-08-2019,21.491168143729,33.73
28-08-2019,21.2181436654322,32.72
29-08-2019,21.2991651972529,31.82
30-08-2019,21.5458315395057,32.16
03-09-2019,21.3932478398714,35.73
04-09-2019,21.7486866788751,34.56
05-09-2019,22.7450658789481,33.5
06-09-2019,22.4719305958954,33.21
09-09-2019,22.0361004263382,33.28
10-09-2019,21.5739698462614,33.55
11-09-2019,21.2683863712602,34.94
12-09-2019,21.8789115797929,35.58
13-09-2019,20.6792088642666,35.48
16-09-2019,20.2736811452131,48.58
17-09-2019,20.5814829015294,44.89
18-09-2019,20.4886649422924,40.44
19-09-2019,20.3099638045416,41.15
20-09-2019,19.6975639959253,38.99
23-09-2019,19.4614996201974,39.06
24-09-2019,18.9032540911092,38.74
25-09-2019,18.861502935892,38.37
26-09-2019,18.8136703897589,37.52
27-09-2019,18.5140919095546,38.9
30-09-2019,19.1987187549658,38.75
01-10-2019,19.2283982513511,38.88
02-10-2019,19.3478688697445,39.62
03-10-2019,20.0259969687952,40.4
04-10-2019,19.7362043369936,39.31
07-10-2019,21.3055412497998,39.42
08-10-2019,20.9973067583458,39.49
09-10-2019,21.1144351526833,38
10-10-2019,21.3953685897735,39.52
11-10-2019,21.4737722404377,39.65
14-10-2019,22.0995688575566,40.21
15-10-2019,21.2924113046464,39.47
16-10-2019,21.1227956953962,39.47
17-10-2019,19.7553010776694,37.71
18-10-2019,20.0571516930289,36.43
21-10-2019,19.2707718410069,36.66
22-10-2019,20.0122436812609,35.52
23-10-2019,19.0313604028398,35.66
24-10-2019,19.1929448748856,35.95
25-10-2019,17.5468551156193,34.64
28-10-2019,17.2512310752091,35.64
29-10-2019,17.1537384750083,35.7
30-10-2019,16.8643600913965,34.36
31-10-2019,16.5112818515261,35.84
01-11-2019,17.0540857972946,34.37
04-11-2019,17.9767317608635,35.63
05-11-2019,17.196504473513,33.77
06-11-2019,16.5998498713049,33.22
07-11-2019,16.4230470647712,31.45
08-11-2019,16.0387296584609,31.45
11-11-2019,15.8644042588414,34.22
12-11-2019,15.7063697303086,33.74
13-11-2019,14.6500918898079,35.15
14-11-2019,14.8696241352306,33.94
15-11-2019,14.4885092067477,32.42
18-11-2019,15.0755183117756,33.68
19-11-2019,14.522239937491,32.94
20-11-2019,15.6952854419311,32.2
21-11-2019,15.4393320582966,31.59
22-11-2019,15.3326992126343,32.38
25-11-2019,14.6630411504337,31.9
26-11-2019,15.2013943055049,31.25
27-11-2019,14.6517318446379,30.82
29-11-2019,14.6819816419562,36.73
02-12-2019,14.2778846056215,34.97
03-12-2019,14.1852260342435,35.05
04-12-2019,14.035544903231,32.21
05-12-2019,14.680138314215,30.41
06-12-2019,14.7238779050057,30.02
09-12-2019,14.8194287469686,30.02
10-12-2019,14.9330445754442,27.94
11-12-2019,14.8909757037743,27.81
12-12-2019,15.3711335144893,27.44
13-12-2019,15.923236496959,26.76
16-12-2019,15.8673048454812,26.51
17-12-2019,16.8868766333691,26.33
18-12-2019,16.8130671834619,26.77
19-12-2019,16.4627431377477,24.8
20-12-2019,16.2186536909682,25.54
23-12-2019,16.3502583294193,25.11
24-12-2019,15.8039247549644,25.46
26-12-2019,15.838336185041,24.08
27-12-2019,15.8810062802652,25.16
30-12-2019,15.7979395361798,25.86
31-12-2019,15.6290836859961,28.3
02-01-2020,15.3616253707829,28.75
03-01-2020,16.4833626594637,31.92
06-01-2020,16.8503946010437,32.32
07-01-2020,15.4997022968271,31.8
08-01-2020,15.2823772245846,32.6
09-01-2020,15.3928449257036,33.22
10-01-2020,15.3642246368973,30.38
13-01-2020,14.4555682569711,34.25
14-01-2020,15.2934235966513,33.62
15-01-2020,15.5356932405234,33.38
16-01-2020,14.8193259027806,29.79
17-01-2020,15.8290120551714,28.6
21-01-2020,15.6063047636749,27.66
22-01-2020,15.149310755008,30.7
23-01-2020,13.8531889367545,31.95
24-01-2020,13.6422064955621,34.55
27-01-2020,13.2137329311465,37.72
28-01-2020,16.9037888002291,36.42
29-01-2020,17.4714663249803,35.73
30-01-2020,17.334637709526,37.49
31-01-2020,17.0373545333972,40.35
03-02-2020,18.2667503383743,41.81
04-02-2020,18.5106436380749,39.44
05-02-2020,19.7720778837007,37.88
06-02-2020,19.7913229033127,36.44
07-02-2020,19.7067033673853,37.51
10-02-2020,20.2373664354452,39.01
11-02-2020,20.1663292153023,37.52
12-02-2020,20.7638257704232,35.58
13-02-2020,20.9098049234882,35.84
14-02-2020,20.7593428698777,35.93
18-02-2020,20.6642097339159,33.47
19-02-2020,20.3663171110387,32.27
20-02-2020,21.8698618495368,33.16
21-02-2020,21.1289702971709,35.87
24-02-2020,20.8520444337656,39.53
25-02-2020,23.5304067244427,42.5
26-02-2020,24.5942933797158,43.4
27-02-2020,22.2539430129677,49.42
28-02-2020,24.3637641073085,51.25
02-03-2020,23.6734039060206,48.33
03-03-2020,25.2629644646011,50.8
04-03-2020,24.8939916488585,50.59
05-03-2020,24.9308687142792,52.58
06-03-2020,24.8639084415992,65.02
09-03-2020,25.9300802704072,115.92
10-03-2020,33.1278801307936,92.93
11-03-2020,33.5009435189341,105.25
12-03-2020,34.3973608880012,123.45
13-03-2020,36.2379869596939,118.48
16-03-2020,36.496104710868,128.5
17-03-2020,37.6121172929224,133.32
18-03-2020,37.1967567315068,166.79
19-03-2020,38.4435131979311,164.06
20-03-2020,37.9576981706009,190.08
23-03-2020,36.9834333450412,185.68
24-03-2020,36.3722471312157,170.86
25-03-2020,37.1982192179942,144.03
26-03-2020,36.5189178032313,150.06
27-03-2020,35.781075397991,175.88
30-03-2020,36.0772202684299,174.22
31-03-2020,35.7921180811006,170.55
01-04-2020,35.4501393641068,158.98
02-04-2020,35.6121845200275,162.65
03-04-2020,35.3576468380006,141.68
06-04-2020,34.9960476875485,144.19
07-04-2020,35.1500631733429,139.13
08-04-2020,34.8227560771365,141.46
09-04-2020,34.0557934285246,129.88
13-04-2020,33.4643311020837,114.44
14-04-2020,33.1956538626763,115.48
15-04-2020,32.7266112785873,120.38
16-04-2020,32.7925724316285,115.1
17-04-2020,32.4576116151009,95.91
20-04-2020,32.4322005989992,226.13
21-04-2020,30.4159350720245,325.15
22-04-2020,30.7126721330599,236.8
23-04-2020,30.9101075972484,211
24-04-2020,30.6935620836375,173.53
27-04-2020,30.1049559528758,185.47
28-04-2020,29.8412968968293,198.77
29-04-2020,29.5715509795409,195.59
30-04-2020,30.1615919922413,104.98
01-05-2020,30.3877722630606,110.18
04-05-2020,30.5708672650934,97.42
05-05-2020,30.2607771242697,97.27
06-05-2020,30.3790424088399,115.39
07-05-2020,29.3874729959699,110.62
08-05-2020,29.0686746370395,98.7
11-05-2020,29.3024953421266,109.72
12-05-2020,27.9504965960424,86.86
13-05-2020,27.7647402671112,82.83
14-05-2020,27.8466560914286,80.05
15-05-2020,27.1160426261358,76.39
18-05-2020,26.3596603516395,76.14
19-05-2020,28.3236566045042,73.22
20-05-2020,27.9722328896462,73.62
21-05-2020,28.2007701242419,89.06
22-05-2020,27.8128504385979,84.98
26-05-2020,27.5401381555589,75.47
27-05-2020,28.3277498484282,73.89
28-05-2020,27.9165684930206,72.98
29-05-2020,27.2526070373519,69.23
01-06-2020,27.0805043763175,64.38
02-06-2020,26.7373413286288,64.71
03-06-2020,26.2559372266757,65.73
04-06-2020,26.9056473667229,65.13
05-06-2020,26.3987502301129,64.2
08-06-2020,27.0067163689384,67.24
09-06-2020,26.8733040139821,67.76
10-06-2020,26.7312987294621,63.06
11-06-2020,25.4599120245508,69.96
12-06-2020,29.0621321781892,70.22
15-06-2020,28.4413103166562,68.11
16-06-2020,28.2017556864063,66.63
17-06-2020,28.0834469540423,61.45
18-06-2020,27.9254306874454,61.35
19-06-2020,27.7180284940144,58.73
22-06-2020,27.1313833510487,56.76
23-06-2020,26.6822915132532,58.83
24-06-2020,26.4056282201451,64.96
25-06-2020,27.3941736440101,62.69
26-06-2020,27.1242675729471,63.69
29-06-2020,27.7664983308074,60.04
30-06-2020,28.8712503811653,57.66
01-07-2020,28.4777521758279,53.43
02-07-2020,27.9289983834216,51.29
06-07-2020,27.7296304005557,50.73
07-07-2020,27.1227344786091,51.39
08-07-2020,26.7675133818467,48.85
09-07-2020,27.0901136738272,53.77
10-07-2020,26.9553391355675,49.71
13-07-2020,26.857599230665,53.41
14-07-2020,26.6396728666972,53.04
15-07-2020,25.9870515011515,47.05
16-07-2020,26.1933010312187,46.12
17-07-2020,26.1201793245513,40.22
20-07-2020,25.9190689967309,42.59
21-07-2020,24.0513244695979,41.1
22-07-2020,24.0463655940279,41.3
23-07-2020,23.793832094137,43.83
24-07-2020,23.6387590670742,42.35
27-07-2020,23.9881623601622,41.37
28-07-2020,23.5741524637099,41.09
29-07-2020,23.5993770470836,39.58
30-07-2020,23.419829924002,42.06
31-07-2020,22.9648955560892,44.43
03-08-2020,22.7588917227851,41.56
04-08-2020,22.4148447726546,40.28
05-08-2020,21.242702095196,37.12
06-08-2020,21.9162750472106,37.59
07-08-2020,21.8434547295984,37.43
10-08-2020,21.7024921462123,35.74
11-08-2020,21.8354216285925,37.5
12-08-2020,21.5140487910067,34.74
13-08-2020,22.1926776702591,34.87
14-08-2020,22.0300290413098,35.1
17-08-2020,21.667923902047,32.43
18-08-2020,21.7741613737722,31.7
19-08-2020,21.1243633598195,32.85
20-08-2020,20.5997883890852,32.83
21-08-2020,21.5684448635723,33.68
24-08-2020,21.3390483109456,32.25
25-08-2020,21.8570876984915,33.03
26-08-2020,21.5314920392809,33.79
27-08-2020,21.336107182026,33.74
28-08-2020,21.353621033257,32.06
31-08-2020,21.167010124099,32.59
01-09-2020,21.3357479826708,31.74
02-09-2020,21.0454926915191,35.49
03-09-2020,20.0904047233612,41.28
04-09-2020,22.1571860517187,44.02
08-09-2020,20.3324323475705,55.9
09-09-2020,19.2783391367955,49.42
10-09-2020,19.5062986883017,52.16
11-09-2020,19.7885229274489,50.13
14-09-2020,19.7866008779368,49.41
15-09-2020,19.9878243012098,45.19
16-09-2020,20.2665695277721,41.13
17-09-2020,20.3224712983991,38.73
18-09-2020,19.767688325657,39.07
21-09-2020,19.58745236,42.89
22-09-2020,19.6901688341209,41.28
23-09-2020,19.5082684428334,44.64
24-09-2020,18.9466023878188,42.88
25-09-2020,18.6573538350328,41.41
28-09-2020,18.2023315152106,40.64
29-09-2020,18.337966436066,46.13
30-09-2020,18.3265848796676,44
01-10-2020,18.4728984314584,49.35
02-10-2020,19.5564802633442,55.51
05-10-2020,19.0492220307962,49.44
06-10-2020,20.8829834232355,46.6
07-10-2020,20.7573398090491,45.5
08-10-2020,21.8806322040378,41.15
09-10-2020,21.6470972412818,42.38
12-10-2020,21.8486457313315,44.04
13-10-2020,21.3521061366258,46.07
14-10-2020,21.0342117433272,43.53
15-10-2020,20.873341329659,43.83
16-10-2020,21.0232122851153,44.06
19-10-2020,20.9245221487902,43.35
20-10-2020,20.7270073367531,43.85
21-10-2020,20.5918212885838,47.58
22-10-2020,22.5977276501328,46.61
23-10-2020,22.3446478019378,46.32
26-10-2020,22.221604920837,53.05
27-10-2020,23.5527153253812,50.22
28-10-2020,23.0178904995145,59.61
29-10-2020,23.9310889849272,63.38
30-10-2020,23.979328255037,68.84
02-11-2020,23.7669521400087,66.73
03-11-2020,24.1110088593289,63.63
04-11-2020,24.0283737784523,54.53
05-11-2020,23.2623266186813,53.69
06-11-2020,27.4866689414435,55.75
09-11-2020,27.4984508390261,52.2
10-11-2020,28.2331462978151,49.64
11-11-2020,27.6683760700495,49.24
12-11-2020,27.8626036854447,50.9
13-11-2020,27.5737328262098,48.24
16-11-2020,27.1139850210575,46.89
17-11-2020,27.4716178831721,45.08
18-11-2020,27.0767073609272,46.06
19-11-2020,26.0453371729391,46.34
20-11-2020,25.5815978556431,43.94
23-11-2020,25.4235456520454,42.79
24-11-2020,25.7899063365882,42.84
25-11-2020,24.5145880477031,43.56
27-11-2020,24.5261059400947,46.21
30-11-2020,24.7614314333573,47.37
01-12-2020,23.9538763888421,47.81
02-12-2020,23.5317125157046,45.68
03-12-2020,23.1614747325458,40.95
04-12-2020,23.1007415627373,38.34
07-12-2020,23.1690355341816,37.68
08-12-2020,22.9396953042645,37.7
09-12-2020,23.0075062672451,39.52
10-12-2020,24.0817089322613,39.7
11-12-2020,24.3028463344785,39.51
14-12-2020,24.0102026656385,39.96
15-12-2020,23.1985619105363,39.34
16-12-2020,26.042582213597,38.68
17-12-2020,25.9166943585043,36.86
18-12-2020,25.7168229447451,37.15
21-12-2020,25.1886748944667,41.56
22-12-2020,24.6475757399779,42.06
23-12-2020,25.4350492999003,39.89
24-12-2020,24.949343337072,39.41
28-12-2020,24.784986026047,39.67
29-12-2020,23.6186990637747,38.64
30-12-2020,23.1249306012679,38.01
31-12-2020,23.1534248184232,37.83
04-01-2021,22.9392871639201,42.12
05-01-2021,22.7536904580426,40.39
06-01-2021,23.512697844488,39.31
07-01-2021,27.3881589081925,36.06
08-01-2021,30.0118939339872,36.65
11-01-2021,29.5535967380349,35.31
12-01-2021,29.3027096476179,33.85
13-01-2021,28.7981495264346,36.79
14-01-2021,27.4369096820076,37.95
15-01-2021,27.0900241551763,40.39
19-01-2021,28.4462943887236,35.37
20-01-2021,28.7609405959486,35.67
21-01-2021,28.4734038316291,35.05
22-01-2021,27.6914249541305,36.25
25-01-2021,27.2915810275607,38.02
26-01-2021,26.8665399153735,37.13
27-01-2021,25.6092647336906,40.21
28-01-2021,26.1257005346235,40.45
29-01-2021,25.8457622343645,40.2
01-02-2021,25.9578026891585,39.16
02-02-2021,26.7472470052094,38.62
03-02-2021,26.7150689601498,37.11
04-02-2021,26.4338962554379,35.37
05-02-2021,26.3007236511011,34.94
08-02-2021,26.0160921028741,34.48
09-02-2021,26.924993140792,33.54
10-02-2021,26.6494570904652,33.77
11-02-2021,25.7765531148803,34.33
12-02-2021,25.051645385132,34.25
16-02-2021,24.6954884673619,35.13
17-02-2021,24.1115517287103,36.9
18-02-2021,24.1206031667038,37.9
19-02-2021,26.0778053648359,37.76
22-02-2021,26.2336195587076,38.57
23-02-2021,27.9067333916199,39.75
24-02-2021,27.6937876759712,39.58
25-02-2021,27.1131138140257,40.58
26-02-2021,28.2790034320447,42.49
01-03-2021,27.4351093182473,42.56
02-03-2021,27.4642909128411,40.96
03-03-2021,26.1097213821119,39.83
04-03-2021,26.6406026577117,37.27
05-03-2021,27.1684910235228,36.61
08-03-2021,26.8588807999656,38.89
09-03-2021,26.4520256396042,37.97
10-03-2021,27.9053692615623,37.56
11-03-2021,27.724708474584,37.86
12-03-2021,27.9475705003674,37.51
15-03-2021,27.5681528417144,39.38
16-03-2021,27.1163313891336,39.1
17-03-2021,26.9485873551638,37.4
18-03-2021,26.634065811798,48.44
19-03-2021,27.8021096862372,44.38
22-03-2021,27.6644764653932,40.28
23-03-2021,27.6639648328584,48.62
24-03-2021,28.5014269792301,64.91
25-03-2021,28.4343200990249,49.88
26-03-2021,28.2586509453473,44.93
29-03-2021,28.4774165357352,44.16
30-03-2021,28.2448787035749,41.46
31-03-2021,28.4926270060885,45.65
01-04-2021,28.438481076612,40.15
02-04-2021,28.6735120460615,40.15
05-04-2021,28.4887111882945,42
06-04-2021,28.6909327009324,42.41
07-04-2021,28.3313265336917,41.27
08-04-2021,28.6936963342764,40.7
09-04-2021,28.4163044621675,39.19
12-04-2021,28.1912114783967,37.04
13-04-2021,28.4930147600842,35.2
14-04-2021,28.2099251481605,35.7
15-04-2021,27.8933901575481,34.2
16-04-2021,27.4688399788043,32.79
19-04-2021,27.3820351869702,35.07
20-04-2021,28.2334728286535,35.68
21-04-2021,27.9185383408979,42.44
22-04-2021,27.6154477176218,39.39
23-04-2021,27.1834014747216,38.7
26-04-2021,26.98759628,41.23
27-04-2021,26.8785103742038,38.44
28-04-2021,26.6471358576717,36.42
29-04-2021,26.431594918065,36.37
30-04-2021,26.4843826294562,38.39
03-05-2021,27.0192925686634,40.15
04-05-2021,26.627493209448,37.15
05-05-2021,28.4887487761483,38.33
06-05-2021,28.1272125029427,37.74
07-05-2021,27.5095678489147,37.63
10-05-2021,27.2177327958312,37.99
11-05-2021,29.7347572983306,37.93
12-05-2021,29.0131326255858,36.94
13-05-2021,29.9195146503629,37.94
14-05-2021,29.6365324054935,36.46
17-05-2021,30.6352466041255,36.42
18-05-2021,30.4192561741826,37.01
19-05-2021,30.0000683130652,38.82
20-05-2021,29.9941924211327,39.43
21-05-2021,29.7272950198647,39.34
24-05-2021,29.0337405922796,35.54
25-05-2021,28.5391067792213,36.23
26-05-2021,27.9110422890991,33.89
27-05-2021,28.074167417926,33.63
28-05-2021,27.7506121736328,33.54
01-06-2021,27.5225997146046,33.43
02-06-2021,27.5851882984215,32.77
03-06-2021,27.3492931972745,33.89
04-06-2021,27.3506423848562,31.76
07-06-2021,27.1564791431644,31.7
08-06-2021,26.5814087095217,31.95
09-06-2021,25.5199781397074,31.79
10-06-2021,25.3943118735619,33.03
11-06-2021,24.6817553073385,32.55
14-06-2021,24.4767053384842,33.13
15-06-2021,23.8425039962609,31.56
16-06-2021,24.0216886764266,33.83
17-06-2021,23.9272446545727,36.84
18-06-2021,23.5565597873069,33.95
21-06-2021,24.7367427927861,35.01
22-06-2021,25.5153350412827,34.28
23-06-2021,25.2602407463557,34.68
24-06-2021,25.0209639324215,32.05
25-06-2021,25.2890053398644,31.3
28-06-2021,24.3453562940519,31.86
29-06-2021,24.2177584232138,31.99
30-06-2021,23.3104604290842,32.74
01-07-2021,22.9952175460108,32.47
02-07-2021,22.0875002458276,32.87
06-07-2021,21.924849834287,37.59
07-07-2021,22.6958869709871,42.01
08-07-2021,21.373881844995,38.8
09-07-2021,21.0545744380335,37.02
12-07-2021,21.2405168623424,38.73
13-07-2021,20.6206413867492,35.4
14-07-2021,20.2025112579892,38.2
15-07-2021,19.7508034653034,38.04
16-07-2021,17.9823647444084,37.15
19-07-2021,17.8985683930711,46.36
20-07-2021,18.7450511339767,52.26
21-07-2021,19.1224124038357,42.91
22-07-2021,21.0899266628603,36.44
23-07-2021,20.7349375882453,34.05
26-07-2021,20.5851574822891,35.59
27-07-2021,20.8067940074604,35.14
28-07-2021,20.7155131395771,34.62
29-07-2021,21.3577062762382,33.36
30-07-2021,21.1584620872039,32.85
02-08-2021,20.6844144066496,36.23
03-08-2021,20.4859502775235,37.55
04-08-2021,20.530055080637,42.27
05-08-2021,20.9445991444044,39.09
06-08-2021,20.577571933102,39.31
09-08-2021,19.8356982141807,43.28
10-08-2021,19.079549207706,39.28
11-08-2021,19.1619077239553,38.32
12-08-2021,18.9297405317004,36.5
13-08-2021,18.3072934769488,35.91
16-08-2021,18.5598037931359,38.84
17-08-2021,18.5990975089593,39.5
18-08-2021,18.6683366288415,40.86
19-08-2021,18.1383440340338,40.98
20-08-2021,18.6129591130549,40.67
23-08-2021,17.8080332431755,38.67
24-08-2021,18.7885453628805,36.79
25-08-2021,20.2056842434797,35.6
26-08-2021,20.63136864,36.33
27-08-2021,21.1290818377071,34.93
30-08-2021,21.8789665229211,35.27
31-08-2021,20.58851075,34.28
01-09-2021,20.0494781480913,36.13
02-09-2021,19.7176833037409,31.35
03-09-2021,19.7831016975561,36.91
07-09-2021,20.1423058878665,32.91
08-09-2021,19.557320123938,31.91
09-09-2021,20.0411614686803,33.87
10-09-2021,19.0267336713288,33.54
13-09-2021,18.9074242853761,32.74
14-09-2021,18.2001578386216,33.63
15-09-2021,18.1591693802378,32.38
16-09-2021,18.08039384,33.16
17-09-2021,17.9351873158589,32.32
20-09-2021,17.493985858177,35.23
21-09-2021,18.2697618784903,34.45
22-09-2021,17.7989894128272,32.43
23-09-2021,17.4618025023513,32.3
24-09-2021,18.1113239098376,34.01
27-09-2021,18.0246459152845,34.98
28-09-2021,18.8215947318685,36.1
29-09-2021,20.2911935332382,35.26
30-09-2021,20.215501200211,38.68
01-10-2021,19.9486868442741,37.38
04-10-2021,19.7899063274588,37.27
05-10-2021,18.6858001747145,37.2
06-10-2021,18.6112122277236,41.02
07-10-2021,18.6813489573855,46.15
08-10-2021,19.3053874241106,38
11-10-2021,19.0583423122491,38.51
12-10-2021,18.4989876091055,37.1
13-10-2021,18.5884912922041,36.05
14-10-2021,20.0030971577271,36.98
15-10-2021,19.9948698437013,34.05
18-10-2021,19.1932439614277,35.02
19-10-2021,19.1972792877364,35.14
20-10-2021,19.4468983874311,35.16
21-10-2021,18.4355103453437,36.55
22-10-2021,18.0360701048361,36.87
25-10-2021,17.741794824091,36.07
26-10-2021,17.6412206737908,35.5
27-10-2021,17.1809470372412,37.63
28-10-2021,16.9657972300892,37.23
29-10-2021,17.4210512667371,37.92
01-11-2021,17.1917569663002,36.74
02-11-2021,17.5163790492939,35.56
03-11-2021,17.9340661224901,39.44
04-11-2021,18.1259730794323,38.56
05-11-2021,17.177180322134,37.84
08-11-2021,16.5997105364574,37.71
09-11-2021,16.6966496329779,36.33
10-11-2021,14.302711598422,37.09
11-11-2021,14.1281716558483,36.2
12-11-2021,14.0608508000389,36.1
15-11-2021,14.0626493384675,36.42
16-11-2021,14.762431445023,34.69
17-11-2021,14.6684645186155,33.75
18-11-2021,14.3648837630037,37.68
19-11-2021,14.4392384691883,37.13
22-11-2021,14.207465962852,36.61
23-11-2021,14.1609209923426,35.1
24-11-2021,14.2844105469725,34.79
26-11-2021,14.3935273558851,65.72
29-11-2021,16.7601194523823,63.34
30-11-2021,16.5355632305928,75.23
01-12-2021,16.7749949042527,78.18
02-12-2021,16.9313565589591,57.27
03-12-2021,16.6067966450317,64.55
06-12-2021,17.3562535951485,56.21
07-12-2021,17.4252913564363,48.15
08-12-2021,18.8049338075428,45.22
09-12-2021,18.3610158965281,47.43
10-12-2021,18.4841131145849,46.23
13-12-2021,18.344033146573,45.88
14-12-2021,18.1151392129375,54.76
15-12-2021,18.761232557103,56.53
16-12-2021,18.4811252213214,49.97
17-12-2021,17.7086511480787,48.31
20-12-2021,17.9848357533118,60.24
21-12-2021,19.6923337143754,52.31
22-12-2021,20.2212405872078,46
23-12-2021,19.7168782988074,43.71
27-12-2021,19.4270219716035,43.58
28-12-2021,18.5326667388348,41.23
29-12-2021,18.1826008054575,40.24
30-12-2021,18.095955264194,40.2
31-12-2021,18.2923827744479,42.62
03-01-2022,18.0402716840896,37.57
04-01-2022,17.8604368957392,39.48
05-01-2022,17.9679899255585,44.49
06-01-2022,19.3216715165663,36.86
07-01-2022,19.7304504210644,37
10-01-2022,19.6753666315795,37.65
11-01-2022,19.8955745212855,34.31
12-01-2022,20.5263109053642,34.39
13-01-2022,20.03984574,37.11
14-01-2022,20.0166482664302,41.18
18-01-2022,19.9864315619523,42.28
19-01-2022,20.2958321110529,42.75
20-01-2022,20.0449841536625,41.15
21-01-2022,19.3871141021736,42.57
24-01-2022,21.516628596169,47.84
25-01-2022,20.9847555730313,47.63
26-01-2022,21.6597494908257,45.67
27-01-2022,19.9849165100429,46.9
28-01-2022,20.0424692181475,47.74
31-01-2022,19.5613003794482,42.35
01-02-2022,21.1306673274541,41.31
02-02-2022,20.9995315903002,41.86
03-02-2022,20.5578309313403,42.15
04-02-2022,20.6421242283843,43.88
07-02-2022,20.0740364460514,43.34
08-02-2022,19.8046635963901,41.26
09-02-2022,19.674792485574,39.4
10-02-2022,20.2311694714642,43.81
11-02-2022,20.3174816933711,47.44
14-02-2022,19.7089559927543,48.83
15-02-2022,19.3950624863675,48.36
16-02-2022,21.912436722157,49.38
17-02-2022,21.6452201001398,53.14
18-02-2022,21.566541988471,52.01
22-02-2022,21.7796714327122,50.11
23-02-2022,21.7487045044824,50.51
24-02-2022,21.5200743302086,49.04
25-02-2022,22.8603979889407,49.5
28-02-2022,23.6995132748502,52.5
01-03-2022,26.2032058961799,61.43
02-03-2022,26.0741111148551,61.53
03-03-2022,25.9620290698299,64.37
04-03-2022,24.6587571770955,77.29
07-03-2022,24.6192160214634,78.91
08-03-2022,23.8275975056136,75.82
09-03-2022,25.307262841944,73.25
10-03-2022,24.4204561760295,67.34
11-03-2022,23.2036927558785,68.01
14-03-2022,22.8389109040801,65.42
15-03-2022,24.0320358197568,63.62
16-03-2022,23.7173474949531,59.35
17-03-2022,23.9870418140368,67.78
18-03-2022,24.2095681949979,69.09
21-03-2022,24.111760010851,70.78
22-03-2022,24.0420286690167,69.56
23-03-2022,23.8173709193898,72.59
24-03-2022,23.6622725101314,69.14
25-03-2022,23.2686986269899,68.91
28-03-2022,23.3467872968829,67.04
29-03-2022,23.3714940523936,62.46
30-03-2022,23.225859547474,61.04
31-03-2022,22.9338787762059,57.66
01-04-2022,22.6670973051059,54.36
04-04-2022,22.5875696095296,54.31
05-04-2022,21.9928300468663,53.8
06-04-2022,21.7691413061262,53.15
07-04-2022,22.5576771831595,54.23
08-04-2022,21.984402381209,53.14
11-04-2022,21.4987483241258,54.81
12-04-2022,21.5883877373839,55.25
13-04-2022,21.686421931494,51.2
14-04-2022,20.9696063883606,53.38
18-04-2022,20.7525314442113,50.94
19-04-2022,20.6396957909674,50.34
20-04-2022,20.4407586338834,52.23
21-04-2022,19.9339447497354,49.86
22-04-2022,22.6018417330305,51.15
25-04-2022,23.5432578597316,52.86
26-04-2022,24.8421738674043,53.57
27-04-2022,24.6236843122124,53.38
28-04-2022,24.3599264441598,51.94
29-04-2022,24.6176872700818,53.1
02-05-2022,22.9887541213438,54.15
03-05-2022,22.9575410763024,54.04
04-05-2022,22.8225391178286,53.15
05-05-2022,22.7676578681749,54.72
06-05-2022,23.2357749947642,54.82
09-05-2022,24.1021409019518,57.9
10-05-2022,25.143519883555,56.06
11-05-2022,25.0969963818842,53.43
12-05-2022,24.9939346075114,52.71
13-05-2022,24.7005356774981,51.22
16-05-2022,25.7687965932827,51.89
17-05-2022,25.2564093453014,50.34
18-05-2022,25.8130612877985,51.89
19-05-2022,25.3963830399976,51.16
20-05-2022,25.4714182628986,50.72
23-05-2022,24.9685772207867,48.63
24-05-2022,24.9613983681166,47.04
25-05-2022,24.5102800215734,46.76
26-05-2022,24.4201540710114,46.03
27-05-2022,25.0002380655314,47.92
31-05-2022,25.7062784136497,49.82
01-06-2022,25.1828432112736,49.14
02-06-2022,25.0242419332421,47.8
03-06-2022,25.3555507730757,46.23
06-06-2022,24.829699880682,47.9
07-06-2022,23.7670627528514,45.88
08-06-2022,22.8201237890181,44.37
09-06-2022,22.455005360423,43.87
10-06-2022,22.4446238889436,42.92
13-06-2022,23.1376666986033,47.56
14-06-2022,24.8053953678933,46.63
15-06-2022,25.0185301240625,47.04
16-06-2022,24.8483983851021,46.27
17-06-2022,24.8785876846629,49.19
21-06-2022,24.5371683276599,46.56
22-06-2022,24.7826190192924,48.99
23-06-2022,24.7803066442954,48.58
24-06-2022,24.279370556131,46.99
27-06-2022,24.5131597505041,46.99
28-06-2022,24.5335023330057,46.59
29-06-2022,24.185616687386,48.57
30-06-2022,25.129338342153,48.9
01-07-2022,24.8556027443285,49.4
05-07-2022,23.3705990526623,52.61
06-07-2022,23.4099171623642,54.67
07-07-2022,23.2654246558808,52.87
08-07-2022,23.9266744838998,52.1
11-07-2022,23.7238416283231,53.1
12-07-2022,24.4081537195633,54.4
13-07-2022,24.9015937066352,51.76
14-07-2022,24.7323080329528,53.03
15-07-2022,24.7907266981059,51.77
18-07-2022,24.1879670734362,49.66
19-07-2022,24.2321171459218,48.77
20-07-2022,24.2937458794527,47.54
21-07-2022,23.9943757071249,51.1
22-07-2022,23.7268766876867,47.84
25-07-2022,23.6284646414285,47.96
26-07-2022,23.4275896778263,47.81
27-07-2022,23.51862983,48.99
28-07-2022,25.0887218869767,47.17
29-07-2022,26.2779082361279,46.19
01-08-2022,26.1258702555285,49.97
02-08-2022,25.7740935422937,52.77
03-08-2022,25.2367248259085,50.12
04-08-2022,25.0951092587903,55.14
05-08-2022,24.6849966668737,48.76
08-08-2022,24.7381763745259,46.4
09-08-2022,23.9263707805995,46.23
10-08-2022,24.0961508868993,46.56
11-08-2022,26.2212290126798,45.37
12-08-2022,25.5750030957546,44
15-08-2022,25.3898245834325,46.63
16-08-2022,25.2181355945149,50.25
17-08-2022,25.260185512498,51.55
18-08-2022,24.9603992841031,47.41
19-08-2022,24.5224119947332,50.34
22-08-2022,25.4439987971929,50.64
23-08-2022,25.7596009511254,47.35
24-08-2022,25.7362781784059,48.33
25-08-2022,25.6274565656179,48.78
26-08-2022,25.6145772541794,47.08
29-08-2022,25.8856153710722,47.73
30-08-2022,25.8562581784862,49.74
31-08-2022,25.9457466382533,52.11
01-09-2022,25.8666488129835,53.9
02-09-2022,26.4941737148722,53.9
06-09-2022,26.5360198959807,50
07-09-2022,25.8364194501518,53.32
08-09-2022,26.2894677558571,51.29
09-09-2022,26.1673476825188,48.84
12-09-2022,26.3052817222794,44.15
13-09-2022,26.2623775304008,44.81
14-09-2022,26.951758984279,45.62
15-09-2022,26.8255192696232,46.63
16-09-2022,27.268628511338,47.44
19-09-2022,27.1719566846337,46.75
20-09-2022,26.8917456792157,48.23
21-09-2022,26.333449825064,48.65
22-09-2022,26.3210215442122,47.1
23-09-2022,26.0093084628954,50.82
26-09-2022,27.648816297311,56.68
27-09-2022,28.089461311999,55.89
28-09-2022,27.5854181549516,55.02
29-09-2022,27.3106339370617,54.41
30-09-2022,27.951311753598,55.69
03-10-2022,27.4076779335714,56.24
04-10-2022,29.4261928413787,59.51
05-10-2022,30.0200550856352,54.2
06-10-2022,30.5293176573072,53.39
07-10-2022,30.1772154926849,53.64
10-10-2022,29.5852684053355,51.42
11-10-2022,29.5886611646125,51.92
12-10-2022,29.2853863199929,51.52
13-10-2022,29.0370787727072,50.52
14-10-2022,29.0291182836583,50.3
17-10-2022,28.6331679813005,50.27
18-10-2022,28.3438603129236,49.12
19-10-2022,28.3102962663994,47.78
20-10-2022,27.8366714366308,47.98
21-10-2022,27.6066425558333,47.19
24-10-2022,27.378563955749,47.78
25-10-2022,26.8488985089456,47.3
26-10-2022,25.9912842041564,48.58
27-10-2022,25.8875428239722,49.02
28-10-2022,25.7481684720655,47.81
31-10-2022,25.2235378918784,47.41
01-11-2022,24.6769334406203,47.04
02-11-2022,24.8707752213055,47.75
03-11-2022,24.4205703527315,46.47
04-11-2022,23.8506532860371,47.5
07-11-2022,25.2290681941068,45.11
08-11-2022,24.6461073158495,45.04
09-11-2022,23.9417660190044,45.38
10-11-2022,24.82268335,43.48
11-11-2022,26.7409429300818,42.06
14-11-2022,27.2701344822884,44.42
15-11-2022,26.9964557356248,46.72
16-11-2022,27.0742936042817,45.12
17-11-2022,27.3260604683955,45.34
18-11-2022,27.4028169234663,45.93
21-11-2022,26.9059578160189,47.11
22-11-2022,26.8968277318411,46.3
23-11-2022,26.859001987172,51.56
25-11-2022,26.8339016378489,50.16
28-11-2022,26.2311229777521,50.53
29-11-2022,26.5567690714948,47.91
30-11-2022,26.3353818568038,46.15
01-12-2022,26.9907046026212,45.61
02-12-2022,26.8158099895401,45.76
05-12-2022,26.6717045568959,45.41
06-12-2022,26.8209411980027,46.36
07-12-2022,27.1826025613791,47.91
08-12-2022,27.2235355557366,47.17
09-12-2022,27.1308850344232,46.93
12-12-2022,26.7920439562721,44.99
13-12-2022,25.9769174765391,43.37
14-12-2022,25.6992465602294,41.82
15-12-2022,25.2659485580786,43.7
16-12-2022,25.6682594760691,42.29
19-12-2022,25.5024457249133,42.47
20-12-2022,24.9898299214227,41.79
21-12-2022,24.620162227495,41.18
22-12-2022,24.9042796403889,41.8
23-12-2022,24.8923486624724,41.21
27-12-2022,24.8697251817812,43.5
28-12-2022,24.514620995798,43.95
29-12-2022,24.0792499621041,42.6
30-12-2022,24.1129749200496,41.26
03-01-2023,23.7124318919368,44.14
04-01-2023,23.8659470345046,45.83
05-01-2023,22.9292964724767,43.93
06-01-2023,22.7150216078058,42.94
09-01-2023,23.8132445816357,42.75
10-01-2023,24.030626858651,41.6
11-01-2023,23.9727889775734,41.19
12-01-2023,24.1497431650316,39.28
13-01-2023,24.4883510069315,38.19
17-01-2023,24.1146142046693,40.1
18-01-2023,23.7644745528673,39.25
19-01-2023,23.6631063671227,39.02
20-01-2023,25.1933907428816,37.81
23-01-2023,24.6433111426091,37.3
24-01-2023,24.4593914285793,38.26
25-01-2023,24.1286725802243,38.54
26-01-2023,23.8687634567718,38.12
27-01-2023,23.5915516520895,38.6
30-01-2023,23.3281225527705,40.18
31-01-2023,23.708680413173,38.55
01-02-2023,24.7365145680629,37.99
02-02-2023,24.354307952473,38.49
03-02-2023,24.1969523900556,39.48
06-02-2023,25.4767413547829,38.92
07-02-2023,25.7437324466389,37.31
08-02-2023,25.6481598216435,37.02
09-02-2023,25.2286208506755,35.75
10-02-2023,25.0708782190105,35.89
13-02-2023,24.926478757157,37.77
14-02-2023,24.8829956048893,36.67
15-02-2023,24.3064298173038,35.7
16-02-2023,24.2915355572616,35.03
17-02-2023,24.3275788445489,36.04
21-02-2023,24.4813098778481,37.05
22-02-2023,24.3746758523682,38.36
23-02-2023,24.4628607956882,36.69
24-02-2023,24.543802037442,37.25
27-02-2023,24.2766503162728,37.55
28-02-2023,24.2898594611536,35.42
01-03-2023,24.2151118244126,36.63
02-03-2023,22.8749363699397,35.61
03-03-2023,22.805831262521,35.2
06-03-2023,22.6447468527548,33.03
07-03-2023,22.9369967642466,33.76
08-03-2023,23.208324922138,33.39
09-03-2023,22.6069484028319,34.86
10-03-2023,22.706310402175,36.76
13-03-2023,23.1562329239248,38.13
14-03-2023,23.019560454596,47.41
15-03-2023,22.7906688620429,49.78
16-03-2023,24.1297071864488,48.65
17-03-2023,24.0650715928239,51.48
20-03-2023,24.6127708244441,51.14
21-03-2023,24.2920766807293,48.12
22-03-2023,24.1157214345946,46.97
23-03-2023,24.1639021744292,46.9
24-03-2023,23.9328468587979,48.36
27-03-2023,23.9453754592496,45.41
28-03-2023,24.078352463812,44.31
29-03-2023,23.517086229524,43.33
30-03-2023,24.0944056284891,42.02
31-03-2023,24.7153937320715,40.34
03-04-2023,24.4623136108945,39.49
04-04-2023,24.9689802738609,39.42
05-04-2023,25.0224615107514,39.14
06-04-2023,25.3139379990716,34.76
10-04-2023,25.1311851507995,34.31
11-04-2023,25.0745429291519,34.23
12-04-2023,25.2874566462106,33.74
13-04-2023,25.5371727820918,32.78
14-04-2023,25.4257493145917,32.51
17-04-2023,25.2560395370266,32.93
18-04-2023,25.2849168021445,33.69
19-04-2023,24.8049486968028,34.44
20-04-2023,24.6412987960077,36.41
21-04-2023,24.4586281911582,35.17
24-04-2023,24.2056187717171,34.28
25-04-2023,23.9287342528045,36.64
26-04-2023,24.5836491912788,39.25
27-04-2023,25.5398414588901,37.76
28-04-2023,25.497053131625,35.63
01-05-2023,25.467236665829,35.94
02-05-2023,25.0640403053408,39.48
03-05-2023,25.9214823269894,43.23
04-05-2023,25.4678547386433,43.75
05-05-2023,25.017577038238,37.35
08-05-2023,26.1803147758043,35.54
09-05-2023,26.0425469493424,35.13
10-05-2023,25.716875888044,34.13
11-05-2023,24.9964757078874,35.74
12-05-2023,24.0396485499129,37.32
15-05-2023,23.7257361271797,35.16
16-05-2023,23.6258735841443,35.98
17-05-2023,23.595741934166,36.44
18-05-2023,23.9557436505558,36.02
19-05-2023,23.9832480444616,35.85
22-05-2023,23.9835207606737,35.52
23-05-2023,24.15248413,35.11
24-05-2023,24.1770001377186,35.86
25-05-2023,24.1918187075171,36.74
26-05-2023,25.2257718225503,35.95
30-05-2023,24.2999767284056,39.68
31-05-2023,23.6810089963689,40.68
01-06-2023,23.925121567181,40.5
02-06-2023,24.4791096021661,39.6
05-06-2023,23.4667485586831,37.45
06-06-2023,23.1620558843388,36.07
07-06-2023,22.0184853646674,34.13
08-06-2023,21.8435192633917,35.18
09-06-2023,21.4353210473483,33.7
12-06-2023,20.7844747988113,36.35
13-06-2023,21.1361568442493,32.38
14-06-2023,20.6319283588521,33.66
15-06-2023,20.2217812375037,33.07
16-06-2023,19.8815982714349,32.99
20-06-2023,19.4982467277219,34.75
21-06-2023,19.5401497585519,33.26
22-06-2023,19.6483768298976,34.93
23-06-2023,20.0502022013658,35.36
26-06-2023,20.628283267292,36.67
27-06-2023,20.453065807859,39.3
28-06-2023,20.5054220253772,36.86
29-06-2023,19.7530922108013,35.42
30-06-2023,19.5106316641703,33.28
03-07-2023,19.5532979123874,33.88
05-07-2023,19.0646909506762,33.91
06-07-2023,19.178488386569,35.13
07-07-2023,20.4531385804788,34.55
10-07-2023,21.7501646921655,38.35
11-07-2023,21.7297020710323,32.43
12-07-2023,21.4437110074984,32.69
13-07-2023,22.0299688284106,30.04
14-07-2023,22.7163517473016,30
17-07-2023,23.0190244113114,31.34
18-07-2023,23.5487649661367,30.66
19-07-2023,23.4703617960091,31.06
20-07-2023,22.8514305540107,30.15
21-07-2023,23.1621310921827,29.65
24-07-2023,22.9894979687267,30.11
25-07-2023,23.1114090906827,30.63
26-07-2023,22.6785042601778,29.97
27-07-2023,22.2756082303018,29.12
28-07-2023,20.9017797764555,29.41
31-07-2023,20.6274562275926,28.48
01-08-2023,20.1405554482376,28.35
02-08-2023,20.3135523208987,28.74
03-08-2023,22.8602079609202,28.54
04-08-2023,22.0569869750107,28.06
07-08-2023,21.6602667842768,27.73
08-08-2023,20.7313039426259,27.14
09-08-2023,20.6376933329789,28.56
10-08-2023,20.6040024444897,27.27
11-08-2023,19.8448162830074,28.04
14-08-2023,19.8243726060946,27.55
15-08-2023,19.4681330424811,28.3
16-08-2023,20.7247995059384,28.54
17-08-2023,21.2582048006784,29.3
18-08-2023,21.1227551016685,28.43
21-08-2023,21.0101699766098,28.9
22-08-2023,20.776555438221,28.56
23-08-2023,20.5655950512294,28.47
24-08-2023,20.3969588962606,28.88
25-08-2023,20.7164568461087,28.81
28-08-2023,20.6392834105676,28.66
29-08-2023,20.7644106611479,27.63
30-08-2023,22.3881826469163,26.63
31-08-2023,21.8366349179477,26.56
01-09-2023,20.2312856566805,27.48
05-09-2023,20.3790451899427,28.65
06-09-2023,20.1794553069593,28.33
07-09-2023,20.451246440268,27.59
08-09-2023,20.0213525683917,27.16
11-09-2023,19.9209181468031,24.37
12-09-2023,19.6834447317001,24.23
13-09-2023,19.5956629466873,25.06
14-09-2023,19.5461210597061,26.56
15-09-2023,21.4230300810844,27.16
18-09-2023,21.6633641461497,27.91
19-09-2023,21.4971955401812,30.32
20-09-2023,21.2836722565067,30.38
21-09-2023,21.3057446646179,31.35
22-09-2023,22.4700679099889,30.61
25-09-2023,22.4703233611617,30.96
26-09-2023,22.4708721762592,31.3
27-09-2023,22.8386670907758,32.48
28-09-2023,21.9206882824301,31.62
29-09-2023,21.6880799212247,32.24
02-10-2023,21.5050808904033,32
03-10-2023,24.2708739480117,33.25
04-10-2023,25.3335337328808,35.35
05-10-2023,25.4506542106829,36.59
06-10-2023,25.70942665,35.68
09-10-2023,25.6637849567734,39.85
10-10-2023,25.1862614367938,39.54
11-10-2023,27.1939744352987,38.94
12-10-2023,27.1995705507344,38.52
13-10-2023,26.9781386938724,44.24
16-10-2023,27.4950720026767,40.7
17-10-2023,27.3102479981418,41.37
18-10-2023,27.2732348267607,44.4
19-10-2023,28.1549573496554,45.7
20-10-2023,28.1781094460049,43.79
23-10-2023,28.2419114368687,41.74
24-10-2023,27.5182922058529,41.08
25-10-2023,26.9377429630518,44.91
26-10-2023,27.1856284836227,43.93
27-10-2023,26.9325051398808,46.64
30-10-2023,27.5848320983763,44.01
31-10-2023,27.5069249929459,41.99
01-11-2023,27.4248810198478,40.52
02-11-2023,25.8049005379323,39.79
03-11-2023,27.3881523756812,38.53
06-11-2023,28.0262150787082,36.31
07-11-2023,27.9474958947618,38.72
08-11-2023,27.5086440143745,40.44
09-11-2023,27.131596090619,41.23
10-11-2023,26.7871774806398,39.29
13-11-2023,23.8925050226448,39.4
14-11-2023,23.3794890417021,38.29
15-11-2023,27.3744729886852,39.51
16-11-2023,27.3458557043434,42.53
17-11-2023,27.1649576908925,40.43
20-11-2023,26.8923893414974,39
21-11-2023,27.0600056373335,38.52
22-11-2023,27.3818070168226,42.76
24-11-2023,27.0980297741198,43.38
27-11-2023,26.9670682600182,43.9
28-11-2023,26.7096541513265,43.14
29-11-2023,26.4810332008019,42.9
30-11-2023,26.4827279347361,39.4
01-12-2023,26.1842051734124,35.7
04-12-2023,27.1195441503927,38.08
05-12-2023,26.595991586801,36.36
06-12-2023,27.1358817553983,39.72
07-12-2023,26.2634669962721,37.82
08-12-2023,25.8621947743193,36.24
11-12-2023,25.7045760630407,35.3
12-12-2023,24.3384061787442,36.38
13-12-2023,24.567941582055,36.6
14-12-2023,25.8594464292723,33.98
15-12-2023,29.3663793592798,35.13
18-12-2023,29.0259840681929,37.09
19-12-2023,28.9043637279356,35.04
20-12-2023,29.2819927892428,34.98
21-12-2023,28.8117632175724,35.44
22-12-2023,28.984211241972,33.32
26-12-2023,28.7991781446187,34.53
27-12-2023,29.1119452460938,35.41
28-12-2023,28.7434506826808,36.45
29-12-2023,28.6678400094691,36.22
02-01-2024,28.8210859676387,39.05
03-01-2024,28.5305311098783,38.22
04-01-2024,28.5827392147471,37.58
05-01-2024,28.4634497336957,36.07
08-01-2024,28.2610119583488,36.79
09-01-2024,27.8925025541909,36.09
10-01-2024,27.9233215691247,36.35
11-01-2024,27.9106641925477,36.78
12-01-2024,27.687286842305,40.64
16-01-2024,27.3209424049546,38.34
17-01-2024,28.7880704054584,37.06
18-01-2024,29.1622506278152,35.98
19-01-2024,28.9358735493299,35.79
22-01-2024,27.9260274467074,35.71
23-01-2024,27.5628732757795,34.99
24-01-2024,26.5404419247745,33.99
25-01-2024,26.1844917466486,35.1
26-01-2024,25.7013494891628,34.78
29-01-2024,25.2812218526706,36.32
30-01-2024,25.2533443512462,36.19
31-01-2024,25.4059683487228,37.25
01-02-2024,24.3984640410809,35.38
02-02-2024,24.7900594562441,34.85
05-02-2024,25.0459247202454,34.43
06-02-2024,25.0883502125852,33.01
07-02-2024,25.0778681862836,31.21
08-02-2024,24.582240952898,31.64
09-02-2024,23.7577735945876,32.44
12-02-2024,23.6155489847418,32.69
13-02-2024,24.0801259991738,32.37
14-02-2024,25.5651849803417,32.76
15-02-2024,25.5793747508273,32.02
16-02-2024,25.5410297644263,30.84
20-02-2024,24.7872399739355,31.81
21-02-2024,25.1852469265226,31.05
22-02-2024,24.7731234046001,30.55
23-02-2024,24.7374509574774,31.31
26-02-2024,25.146785915842,31.71
27-02-2024,24.9899289176302,31.35
28-02-2024,25.4166031365482,31.21
29-02-2024,25.581045716405,31.5
01-03-2024,25.0772085284258,31.08
04-03-2024,25.2100632410625,30.47
05-03-2024,25.2955289797862,30.19
06-03-2024,25.503945531053,29.57
07-03-2024,25.5849819011415,29.57
08-03-2024,25.3242225769295,29.64
11-03-2024,24.7833655131192,29.11
12-03-2024,24.9851100216705,29.36
13-03-2024,24.7591668347881,29.52
14-03-2024,24.0534926609091,31.51
15-03-2024,23.9538097097393,29.77
18-03-2024,23.7268579884303,29.81
19-03-2024,23.2325561131653,29.22
20-03-2024,22.9547483047634,28.82
21-03-2024,22.9401603102469,27.53
22-03-2024,23.0174282837609,26.92
25-03-2024,22.7325173883177,27.49
26-03-2024,22.4683653623145,27.25
27-03-2024,22.2186372089028,26.6
28-03-2024,23.0053814295094,26.27
01-04-2024,22.9296987213419,27.65
02-04-2024,22.0870435102803,29.04
03-04-2024,22.7661481927682,29.08
04-04-2024,22.9047025985261,32.17
05-04-2024,22.6210273299031,32.36
08-04-2024,22.4063692259624,30.57
09-04-2024,22.608654831774,28.96
10-04-2024,23.5834191859115,30.08
11-04-2024,24.9854120810891,31.27
12-04-2024,24.4767725983399,32.19
15-04-2024,25.2701359526096,35.59
16-04-2024,26.3896861178911,33.61
17-04-2024,26.3040704143462,33
18-04-2024,25.7180142783622,31.4
19-04-2024,25.1277055379692,31.86
22-04-2024,24.8102929179792,29.7
23-04-2024,24.2933381552602,28.86
24-04-2024,24.5865707227321,29.04
25-04-2024,24.3488241554649,28.34
26-04-2024,24.3761213339809,27.81
29-04-2024,24.6303084495356,27.84
30-04-2024,24.8418722777365,27.87
01-05-2024,24.9049958687186,28.7
02-05-2024,25.3330799739843,27.65
03-05-2024,25.2909797378052,28.09
06-05-2024,25.9440734802598,28.58
07-05-2024,25.3753460457298,27.83
08-05-2024,24.732292899287,27.91
09-05-2024,24.5204629716975,27.95
10-05-2024,24.1074712918907,27.88
13-05-2024,23.0166638837603,28.04
14-05-2024,22.5434992037262,28.01
15-05-2024,23.3560033436883,28.07
16-05-2024,23.1102345130288,27.08
17-05-2024,22.9423057545178,28.06
20-05-2024,22.6126181618989,27.89
21-05-2024,22.288935964596,27.38
22-05-2024,22.3152424237152,27.71
23-05-2024,22.7503355181563,28.66
24-05-2024,23.0079831860769,27.56
28-05-2024,23.0489495057551,27.53
29-05-2024,22.9594708632048,26.77
30-05-2024,23.646120652904,29.24
31-05-2024,23.8106787123333,30.34
03-06-2024,23.8380963959536,30.84
04-06-2024,23.7525073586638,30.59
05-06-2024,24.5674572368657,29.18
06-06-2024,23.9791071903189,27.71
07-06-2024,23.8578190195883,26.42
