Date,EPU,TCI
14-10-2010,402.91,19.4270330065575
15-10-2010,185.5,19.4199039661566
18-10-2010,268.65,19.6303024459391
19-10-2010,203.27,19.3392072505509
20-10-2010,206.51,22.1234104666385
21-10-2010,217.01,22.4128255170139
22-10-2010,161.12,22.2118675912395
25-10-2010,350.64,21.9715855259317
26-10-2010,265.05,22.1271255174459
27-10-2010,163.49,21.7177067592137
28-10-2010,195.22,21.6440667293278
29-10-2010,239.21,21.6366356138626
01-11-2010,204.39,21.3859143853901
02-11-2010,274.36,20.78920779
03-11-2010,317.26,21.1307521510381
04-11-2010,273.42,21.1554375076316
05-11-2010,229.76,22.0959183148853
08-11-2010,126.6,21.8795966912093
09-11-2010,226.72,21.2295717615492
10-11-2010,96.41,21.4959815502477
11-11-2010,134.98,21.1366975539506
12-11-2010,77.25,21.0032019184066
15-11-2010,186.6,23.2105672396916
16-11-2010,123.29,22.9438537127891
17-11-2010,204.46,25.1951862138074
18-11-2010,124.95,24.6967130797687
19-11-2010,167.29,25.0899887720143
22-11-2010,150.98,24.827576633519
23-11-2010,69.59,24.6389334656108
24-11-2010,115.72,25.3500149332792
26-11-2010,236.9,25.5754828567457
29-11-2010,216.8,25.4649285403175
30-11-2010,163.66,25.0674537557258
01-12-2010,138.88,24.1778186940261
02-12-2010,166.12,24.7514722430785
03-12-2010,188.06,25.1382703264475
06-12-2010,156.81,25.284507123183
07-12-2010,156.64,25.2237627509183
08-12-2010,164.32,25.0447034563141
09-12-2010,143.55,24.5201301835191
10-12-2010,219.55,24.1435669564786
13-12-2010,193.55,23.9060600746188
14-12-2010,141.65,23.5245815832294
15-12-2010,153.08,23.3687583721157
16-12-2010,149.21,23.3737783523761
17-12-2010,252.45,23.232371422211
20-12-2010,147.51,22.9155369087028
21-12-2010,132.73,22.6193172611866
22-12-2010,129.36,22.8359501206291
23-12-2010,79.79,22.4466193783978
27-12-2010,167.35,22.6389885480054
28-12-2010,134.15,22.3729684246529
29-12-2010,112.22,22.0283684992527
30-12-2010,126.1,21.796287934625
31-12-2010,180.76,21.684708177802
03-01-2011,179.94,21.216266217437
04-01-2011,99.93,21.3054858237837
05-01-2011,117.62,20.9736842735616
06-01-2011,210.12,20.0433009535206
07-01-2011,78.36,20.429966722858
10-01-2011,142.87,20.1944889481644
11-01-2011,99.18,19.1667521810578
12-01-2011,143.29,19.0364034198294
13-01-2011,86.38,21.3408895952093
14-01-2011,121.36,21.1782720082987
18-01-2011,130.09,20.5284529847775
19-01-2011,169.89,19.349347568986
20-01-2011,112.69,19.1612713993071
21-01-2011,109.35,20.5557590243021
24-01-2011,160.06,19.8327059926413
25-01-2011,99.94,19.842825293527
26-01-2011,110.03,19.9353774863626
27-01-2011,113.47,19.7926134002245
28-01-2011,122.57,19.4994777669697
31-01-2011,114.06,19.5592838185724
01-02-2011,135.88,18.7264906855274
02-02-2011,81.51,19.2337010002909
03-02-2011,62.98,19.6278026770538
04-02-2011,97.16,19.794265113096
07-02-2011,139.94,19.6461276875412
08-02-2011,108,19.7311965130459
09-02-2011,80.97,19.099123242547
10-02-2011,59.31,19.117967040348
11-02-2011,81.01,19.4800687523376
14-02-2011,185.5,19.2302175074443
15-02-2011,156.02,19.3810719327911
16-02-2011,106.72,19.4485792788417
17-02-2011,83.15,19.6051160746978
18-02-2011,97.46,19.4275771518213
22-02-2011,149.43,19.3329770601989
23-02-2011,104.96,21.4327745120289
24-02-2011,117.41,22.4786856974322
25-02-2011,128.07,21.8485307032347
28-02-2011,84.82,21.9970729971366
01-03-2011,140.96,20.7301484834501
02-03-2011,202.3,20.6244699097299
03-03-2011,106.1,20.4885783081667
04-03-2011,78.77,20.3741236653902
07-03-2011,141.02,19.9748110362528
08-03-2011,143.22,20.066061860064
09-03-2011,110.3,19.8748288626614
10-03-2011,126.24,19.3118841108311
11-03-2011,170.51,20.2168070766838
14-03-2011,193.87,20.2746408665203
15-03-2011,178.36,20.3771529188867
16-03-2011,133.15,21.0608988843779
17-03-2011,145.73,20.9771668582518
18-03-2011,140.54,20.217512655488
21-03-2011,134.17,19.9309603286533
22-03-2011,100.29,19.9344853509699
23-03-2011,106.04,19.9324026676309
24-03-2011,109.82,19.7807601768595
25-03-2011,110.94,19.7337699417769
28-03-2011,182.28,19.7514883021178
29-03-2011,124.84,19.8858758763563
30-03-2011,150.03,18.8926884520328
31-03-2011,81.91,18.8613501712005
01-04-2011,148.31,19.0751689717839
04-04-2011,103.52,19.7546863355228
05-04-2011,76.7,19.3493472241192
06-04-2011,88.4,18.8436492161858
07-04-2011,163.18,18.1680515170194
08-04-2011,107.93,18.1619276538591
11-04-2011,119.37,17.6335284923195
12-04-2011,120.58,17.6207796288405
13-04-2011,84.78,19.0984795268481
14-04-2011,89.71,19.0897225002556
15-04-2011,107.61,19.1217347694901
18-04-2011,149.96,19.1419167491954
19-04-2011,129.47,21.3414032004649
20-04-2011,105.92,21.2138939722409
21-04-2011,77.9,21.893360396372
25-04-2011,118.44,21.8020789181828
26-04-2011,93.23,21.7460456507467
27-04-2011,83.58,21.8302745885852
28-04-2011,66.98,21.2227530509615
29-04-2011,71.85,20.9417745781226
02-05-2011,145.49,20.3177836564456
03-05-2011,120.64,20.3310051912484
04-05-2011,100.29,21.8189945422346
05-05-2011,88.21,23.4339332070511
06-05-2011,65.14,25.0019362270655
09-05-2011,104.29,24.0873469621842
10-05-2011,108.15,23.8226798653439
11-05-2011,71.52,23.7684821325852
12-05-2011,62.3,24.5311699097352
13-05-2011,94.82,24.3567333174024
16-05-2011,123.56,24.038535899962
17-05-2011,105.09,24.1168903134835
18-05-2011,75.09,24.3739994059329
19-05-2011,95.62,23.6834080419627
20-05-2011,56.74,23.0317418191471
23-05-2011,121.54,22.7969305564842
24-05-2011,89.39,24.1068030470067
25-05-2011,115.3,23.5530821667656
26-05-2011,79.23,22.9983900021014
27-05-2011,82.4,22.9677953716459
31-05-2011,71.4,23.2304609081314
01-06-2011,97.43,27.3481925924374
02-06-2011,78.19,28.1423333024095
03-06-2011,120.72,27.6283431361646
06-06-2011,107.05,27.3833743701939
07-06-2011,93.34,27.4324884381768
08-06-2011,93.84,27.127912601449
09-06-2011,86.6,27.5064345244596
10-06-2011,182.31,27.4227465504071
13-06-2011,122.06,28.0596267540483
14-06-2011,134.01,27.7006725655369
15-06-2011,76.72,27.4662064458419
16-06-2011,124.02,28.4542898709254
17-06-2011,171.5,28.2238762175966
20-06-2011,201.65,27.8388085944618
21-06-2011,95.73,27.6932826618989
22-06-2011,68.93,27.7075232255156
23-06-2011,109.84,27.5789285250828
24-06-2011,124.95,27.7589336890479
27-06-2011,108.71,27.583865579259
28-06-2011,101.97,27.220264499365
29-06-2011,132.5,27.3526468384575
30-06-2011,128.68,27.2001835759175
01-07-2011,75.9,27.1567713910132
05-07-2011,118.28,27.4368986218964
06-07-2011,134.79,27.1497478229883
07-07-2011,99.83,26.9513387795669
08-07-2011,199.44,27.1778370845591
11-07-2011,250.81,26.4290513417532
12-07-2011,187.56,27.9955534246059
13-07-2011,129.06,27.4456370827758
14-07-2011,170.74,27.5830604071975
15-07-2011,163.6,27.8524596966357
18-07-2011,99.15,27.4771634329503
19-07-2011,136.4,27.8497570117785
20-07-2011,116.97,29.0218148436135
21-07-2011,121.99,28.9152098880179
22-07-2011,199.37,29.3096086406119
25-07-2011,338.91,29.0448452566417
26-07-2011,266.01,28.1108790149597
27-07-2011,261.74,27.8165124681476
28-07-2011,254.85,30.5965928421559
29-07-2011,291.21,29.9184663499762
01-08-2011,329.02,29.5205699773545
02-08-2011,490.89,29.1773573425425
03-08-2011,356.2,29.9015671503676
04-08-2011,130.12,30.2633230454445
05-08-2011,189.76,36.9144664094693
08-08-2011,476.87,36.3562466598476
09-08-2011,443.48,41.3557792301224
10-08-2011,305.99,40.1061966170141
11-08-2011,230.29,39.4011913949996
12-08-2011,359.28,39.8040650652359
15-08-2011,253.66,39.3712202649434
16-08-2011,203.84,40.2980129660268
17-08-2011,146.26,40.1120764987003
18-08-2011,173.87,39.40010059
19-08-2011,252.25,41.30373156
22-08-2011,232.55,41.1688783642696
23-08-2011,230.6,40.6117364881767
24-08-2011,194.72,41.0376227908226
25-08-2011,123.67,40.6300414558231
26-08-2011,215.31,40.1644686522282
29-08-2011,178.83,39.8630530340046
30-08-2011,146,40.4645715320629
31-08-2011,152.92,40.0296114788398
01-09-2011,252.61,39.2700612515909
02-09-2011,234.96,39.1525848206998
06-09-2011,245.23,39.6836499851731
07-09-2011,185.2,40.3180868732456
08-09-2011,316.78,40.3709063601696
09-09-2011,277.01,39.7327287451914
12-09-2011,157.25,39.8365946167285
13-09-2011,315.92,39.2124833775773
14-09-2011,271.84,38.9967069730495
15-09-2011,224.41,38.6611761167968
16-09-2011,237.76,38.1476863990685
19-09-2011,247.22,37.5946403242352
20-09-2011,216.69,37.2236050256401
21-09-2011,189.98,37.0332093756061
22-09-2011,112.34,37.7084525739125
23-09-2011,112.93,40.5323598029858
26-09-2011,273.93,39.9594564330546
27-09-2011,207.28,39.5312099601548
28-09-2011,148.13,40.3418522171085
29-09-2011,100.61,39.3149227121219
30-09-2011,106.29,38.8469875401348
03-10-2011,171.61,38.9172215109646
04-10-2011,183.46,39.6756195030137
05-10-2011,143.93,38.8631847684222
06-10-2011,67.52,38.5829517221462
07-10-2011,141.09,39.6517664534577
10-10-2011,136.1,39.0448378755417
11-10-2011,170.18,39.2440619404745
12-10-2011,95.29,38.5649034651126
13-10-2011,144,38.3331405845436
14-10-2011,393.25,37.894147869544
17-10-2011,88.96,37.7268612142149
18-10-2011,110.32,36.400352527943
19-10-2011,104.7,35.9058520972385
20-10-2011,153.42,35.0209571600365
21-10-2011,106.79,34.9111732996148
24-10-2011,99.31,34.8819771090537
25-10-2011,127.73,35.6544973549543
26-10-2011,128.2,35.0767264397177
27-10-2011,73.65,34.5652550980885
28-10-2011,123.53,37.2748511816657
31-10-2011,106.27,36.789423736587
01-11-2011,85.57,36.8524962504393
02-11-2011,82.6,38.3398378955666
03-11-2011,74.38,38.3088675900517
04-11-2011,101.41,37.9855217067192
07-11-2011,65.81,37.3132041402504
08-11-2011,102.3,37.106700595491
09-11-2011,98.42,36.7669168241697
10-11-2011,146.92,36.8378408906656
11-11-2011,191.23,36.7062898225322
14-11-2011,186.38,36.658151249116
15-11-2011,116.71,36.2442387641242
16-11-2011,161.74,36.3279623209214
17-11-2011,113.76,36.1106314593785
18-11-2011,100.23,35.7466464772036
21-11-2011,175.43,35.0419916692494
22-11-2011,230.78,36.7257775288698
23-11-2011,176.33,36.5572087865452
25-11-2011,165.18,37.4841543076436
28-11-2011,120.85,37.1743944544191
29-11-2011,100.85,38.4812482324768
30-11-2011,90.16,38.3290944045227
01-12-2011,115.59,39.0606606390082
02-12-2011,184.64,38.2877283855873
05-12-2011,180.69,37.991489655841
06-12-2011,101.98,37.8272943837848
07-12-2011,168.73,37.6755296167243
08-12-2011,89.75,37.4702853192418
09-12-2011,176.26,37.7320338779319
12-12-2011,270.45,37.7045661299477
13-12-2011,198.44,37.0411361267277
14-12-2011,167.64,37.1309768926254
15-12-2011,106.34,37.4467872057412
16-12-2011,164.61,37.2000582823927
19-12-2011,235.34,36.4729129061749
20-12-2011,203.98,36.0992985008256
21-12-2011,180.75,36.8720346840991
22-12-2011,137.25,36.6331184781865
23-12-2011,204.63,36.8609379257858
27-12-2011,219.79,36.5891430699794
28-12-2011,133.43,36.2593103692287
29-12-2011,170.36,36.1128901234964
30-12-2011,140.77,35.0891441084447
03-01-2012,200.32,35.0767286089356
04-01-2012,159.76,36.0149667517385
05-01-2012,92.24,35.1469175477665
06-01-2012,134.12,34.9458250569084
09-01-2012,126.95,34.8693070970435
10-01-2012,84.34,34.3004344751685
11-01-2012,168.32,34.5058852231328
12-01-2012,111.69,33.0474047932336
13-01-2012,162.32,33.0476528528956
17-01-2012,147.06,32.1996211240704
18-01-2012,103.11,31.9658404903579
19-01-2012,185.3,31.9053500087595
20-01-2012,118.88,31.4386721934844
23-01-2012,158.58,30.4616202746598
24-01-2012,163.32,30.3870591095806
25-01-2012,284.94,30.2527974093331
26-01-2012,124.86,29.6593507241071
27-01-2012,94.26,29.2163520520976
30-01-2012,125.16,28.430337776955
31-01-2012,92.52,27.8524862216756
01-02-2012,123.13,27.1779140357924
02-02-2012,103.72,27.5237139686188
03-02-2012,145.63,27.6771219949741
06-02-2012,153.87,27.604004161049
07-02-2012,103.69,27.2371741373026
08-02-2012,106.66,26.9966649211971
09-02-2012,93.89,27.1121742292379
10-02-2012,168.02,27.8509557134749
13-02-2012,91.89,28.6849045731442
14-02-2012,122.49,28.647380764074
15-02-2012,65.95,28.9356410527802
16-02-2012,128.4,28.9083024946365
17-02-2012,180.16,28.8561778403811
21-02-2012,109.8,28.6956919906547
22-02-2012,119.14,29.6610790675335
23-02-2012,58.2,28.6280764904317
24-02-2012,66.25,28.782077190389
27-02-2012,87.58,28.655877821118
28-02-2012,73.57,28.4138421322735
29-02-2012,51.9,28.8842263948727
01-03-2012,91.38,27.6576400823242
02-03-2012,66.24,27.641102571604
05-03-2012,74.99,27.4024142666777
06-03-2012,73.46,27.3256077809179
07-03-2012,90.74,27.9864626871928
08-03-2012,54.01,28.0439186907072
09-03-2012,76.37,27.7223392197638
12-03-2012,130.28,27.6089537258137
13-03-2012,59.01,27.0693098990788
14-03-2012,101.42,26.8851227173768
15-03-2012,83.56,26.9712640678124
16-03-2012,106.65,26.8217147871509
19-03-2012,105.58,26.7038211361591
20-03-2012,63.51,26.6603848012228
21-03-2012,66.71,26.5854343445175
22-03-2012,75.81,26.6114321274595
23-03-2012,74.64,26.8357264759844
26-03-2012,135.98,26.9179451257955
27-03-2012,84.91,26.7825088887235
28-03-2012,80.81,26.794181826665
29-03-2012,99.07,27.3209424767498
30-03-2012,131.3,27.9792078585497
02-04-2012,71.2,27.553047806846
03-04-2012,117.31,27.4930362969717
04-04-2012,78.88,27.1229139224408
05-04-2012,58.01,25.3594527265413
09-04-2012,87.04,25.2025276726039
10-04-2012,78.05,25.5221628991693
11-04-2012,167.23,26.1374694681761
12-04-2012,43.06,26.4453301826789
13-04-2012,63.72,26.4380990405094
16-04-2012,78.95,26.4113145706006
17-04-2012,82.11,26.2703139841845
18-04-2012,90.56,26.1971408209859
19-04-2012,89.96,25.9708395151826
20-04-2012,35.44,25.7410401404037
23-04-2012,61.67,25.4076030051754
24-04-2012,199.47,25.5691740239375
25-04-2012,87.5,25.4241040040161
26-04-2012,89.07,25.0216251678407
27-04-2012,177.79,24.6066811530829
30-04-2012,111.81,24.5177687509753
01-05-2012,91.67,24.2807659019956
02-05-2012,125.35,23.4636289029285
03-05-2012,81.3,23.0330883076879
04-05-2012,87.03,23.6045604719727
07-05-2012,164.79,24.6325565337801
08-05-2012,218.27,24.9054395672219
09-05-2012,159.06,25.2175440511004
10-05-2012,72.03,24.6499072921016
11-05-2012,81.38,24.1495597562617
14-05-2012,124.65,23.9040226505793
15-05-2012,146.71,24.6549405744981
16-05-2012,117.36,25.0791214614455
17-05-2012,93.44,26.0170818381529
18-05-2012,130.74,26.0133733055392
21-05-2012,206,26.8069659551033
22-05-2012,129.21,27.5058938177939
23-05-2012,93.86,27.2918845839411
24-05-2012,99.17,27.4866909029395
25-05-2012,106.54,27.3024052066415
29-05-2012,111.45,26.979334955892
30-05-2012,75.26,27.127161417058
31-05-2012,108.36,26.7817967403865
01-06-2012,169.4,26.4141766332922
04-06-2012,173.04,28.6400770225402
05-06-2012,101.15,28.4714834226475
06-06-2012,148.17,28.1601245632441
07-06-2012,151.88,27.2148806156657
08-06-2012,127.91,27.0433117021392
11-06-2012,160.88,26.9495487028147
12-06-2012,92.04,26.8958906820532
13-06-2012,142.39,26.5483194371735
14-06-2012,76.57,26.1573730897614
15-06-2012,218,25.8145604309491
18-06-2012,191.92,26.1942430184987
19-06-2012,133.65,26.0204620712515
20-06-2012,162.54,26.9778125269408
21-06-2012,162.47,26.6377636602953
22-06-2012,202.5,27.8568231642839
25-06-2012,167.88,28.0683210131775
26-06-2012,91.77,28.9113031989062
27-06-2012,190.31,28.0638890142716
28-06-2012,158.77,27.8637970975544
29-06-2012,304.81,27.7381338556036
02-07-2012,147.52,32.494290302372
03-07-2012,104.67,31.6303408267339
05-07-2012,108.29,31.3088293152406
06-07-2012,145.09,31.210966283321
09-07-2012,142.06,31.0774095000769
10-07-2012,251.27,31.0594452293116
11-07-2012,268.08,31.0974083029673
12-07-2012,184.75,30.7668207503289
13-07-2012,278.29,30.4212194897442
16-07-2012,212.41,29.8448121242887
17-07-2012,205.58,29.7413058879951
18-07-2012,213.86,29.601492096627
19-07-2012,168.71,29.5168695899454
20-07-2012,172.74,28.6230773296133
23-07-2012,157.65,28.5716174459638
24-07-2012,139.34,30.7051689301984
25-07-2012,134.93,30.7320192096903
26-07-2012,68.36,30.3975646907821
27-07-2012,128.12,30.5850394837979
30-07-2012,166.93,30.4928850448686
31-07-2012,109.48,29.6361691249557
01-08-2012,138.78,29.347187077902
02-08-2012,130.32,29.3682641197531
03-08-2012,168.04,28.7115530859506
06-08-2012,143.81,28.4179355015383
07-08-2012,141.07,28.1310310141215
08-08-2012,86.84,28.3568854223443
09-08-2012,90.46,27.8749427019096
10-08-2012,100.51,27.8414666656146
13-08-2012,177.44,27.3805264258782
14-08-2012,168.47,27.0730846845993
15-08-2012,135.19,26.7273543249352
16-08-2012,148.34,26.6226820849938
17-08-2012,114.42,26.4609192163559
20-08-2012,110.74,26.4563100306684
21-08-2012,110.31,25.9809985883358
22-08-2012,104.4,25.7313203318642
23-08-2012,132.5,25.8507015597247
24-08-2012,203.4,25.9581810605044
27-08-2012,118.65,25.6418129592936
28-08-2012,102.07,25.5478330423542
29-08-2012,110.02,25.093323588092
30-08-2012,149.59,25.1311022918319
31-08-2012,259.97,25.5904439901403
04-09-2012,117.1,26.4334901608957
05-09-2012,140.89,25.5515403810269
06-09-2012,135.68,25.3982476480481
07-09-2012,195.5,24.1000876536408
10-09-2012,125.36,24.3371698928683
11-09-2012,68.01,23.7055263969135
12-09-2012,121.8,24.0685107538798
13-09-2012,150.37,23.8630232066624
14-09-2012,212.66,23.2525541787882
17-09-2012,112.47,24.2963309857936
18-09-2012,170.21,23.6524464909092
19-09-2012,174.22,23.514066652966
20-09-2012,133.41,22.7694299427577
21-09-2012,152.08,22.8603149557272
24-09-2012,203.28,22.1470948596989
25-09-2012,126.11,21.453866422351
26-09-2012,105.56,21.9533134418395
27-09-2012,79.76,23.8117621621246
28-09-2012,159.61,24.3362993851062
01-10-2012,178.17,24.0347157236953
02-10-2012,138.68,23.7200828721668
03-10-2012,152.28,23.4085144971642
04-10-2012,108.3,22.9369278004112
05-10-2012,208.37,23.2906234210325
08-10-2012,130.89,22.7660258817344
09-10-2012,118.2,22.7436457380014
10-10-2012,129.14,22.1910687289087
11-10-2012,127.14,22.4809838259909
12-10-2012,114.5,22.6498794873773
15-10-2012,197.95,23.290524070476
16-10-2012,199.82,22.3116172197768
17-10-2012,196.86,22.189605234765
18-10-2012,205.58,22.8912578113244
19-10-2012,170.07,22.7867479973365
22-10-2012,155.59,24.3022531592514
23-10-2012,113.57,23.2822734590974
24-10-2012,118.63,23.4567755141878
25-10-2012,128.87,23.2616971074631
26-10-2012,210.63,22.8691219375525
31-10-2012,141.64,22.5283477974872
01-11-2012,196.81,21.0521566809748
02-11-2012,82.44,21.3596763024733
05-11-2012,225.43,21.6583741290328
06-11-2012,195.5,21.375860504244
07-11-2012,358,22.3813408212741
08-11-2012,241.14,23.4698734392498
09-11-2012,278.07,23.1794659127594
12-11-2012,188.45,22.8766735094419
13-11-2012,207.36,22.8297344666094
14-11-2012,213.51,23.0078971412732
15-11-2012,195.26,23.0781080941315
16-11-2012,194.72,22.9895474892622
19-11-2012,203.57,22.2133632824695
20-11-2012,192.6,23.1182526351413
21-11-2012,159.8,23.1576277939266
23-11-2012,272.9,22.9529768974928
26-11-2012,212.05,23.6324122379285
27-11-2012,177.67,22.9269713721045
28-11-2012,152.15,22.3571543107133
29-11-2012,214.4,22.1000390519389
30-11-2012,251.56,22.1400483484268
03-12-2012,174.34,21.8835664803621
04-12-2012,243.44,21.6770166901027
05-12-2012,182.4,21.3384741098173
06-12-2012,244.15,21.3900704195356
07-12-2012,194.02,21.1232982845994
10-12-2012,166.13,21.093351490786
11-12-2012,316.27,21.4171552113011
12-12-2012,161.39,20.8783691043217
13-12-2012,231.84,19.7264950275213
14-12-2012,162.65,19.1064197457831
17-12-2012,230.8,19.0205945680669
18-12-2012,136.6,18.9605054645637
19-12-2012,77.04,18.7508814540551
20-12-2012,146.83,20.6248762751052
21-12-2012,188.68,20.3968826329244
24-12-2012,236.44,21.289333790615
26-12-2012,231.81,21.188817448972
27-12-2012,350.12,20.8957261689908
28-12-2012,251.11,20.6759020112348
31-12-2012,249.99,20.4070243205148
02-01-2013,329.02,20.6389538277902
03-01-2013,366.82,24.0777511827892
04-01-2013,287.9,22.352823659099
07-01-2013,242.97,22.6789279221589
08-01-2013,113.9,22.2418102910682
09-01-2013,101.68,21.8989814856139
10-01-2013,96.78,22.3407706804184
11-01-2013,196.09,22.1832320692652
14-01-2013,170.1,22.1604835049897
15-01-2013,133.24,21.8465296541316
16-01-2013,188.22,21.7587106698085
17-01-2013,131.98,21.5942218789864
18-01-2013,247.95,21.4178535382498
22-01-2013,150.73,21.1407087548969
23-01-2013,168.82,20.5444428753592
24-01-2013,166.64,20.3989932965234
25-01-2013,174.97,20.4240617594595
28-01-2013,103.21,20.3458403240036
29-01-2013,140.52,20.5927775798282
30-01-2013,154.76,20.7850335816649
31-01-2013,126.24,21.0356568391372
01-02-2013,124.41,20.277629647278
04-02-2013,154.01,19.69872068
05-02-2013,108.14,19.7133208152991
06-02-2013,112.99,19.5755628135984
07-02-2013,91.62,19.1683066694652
08-02-2013,72.22,18.7328266039874
11-02-2013,75.91,18.7158038086935
12-02-2013,106.26,19.1027528154634
13-02-2013,112.16,19.0080417929513
14-02-2013,94.18,18.7652777944524
15-02-2013,164.94,17.9047635236545
19-02-2013,72.63,18.0697088652266
20-02-2013,95.67,18.8560810287677
21-02-2013,153.96,19.5533566232628
22-02-2013,134.46,20.746705854581
25-02-2013,267.23,19.9589478229251
26-02-2013,335.75,20.1871264275412
27-02-2013,186.2,19.9294297442258
28-02-2013,234.74,19.2513447858889
01-03-2013,324.04,19.0416780204642
04-03-2013,160.7,18.8959739619361
05-03-2013,144.85,18.6565834942568
06-03-2013,172.55,19.4108199203463
07-03-2013,100.39,17.8026880129702
08-03-2013,95.85,17.648094908611
11-03-2013,117.47,17.5053584667883
12-03-2013,111.62,17.3355256087975
13-03-2013,122.09,16.9463838839881
14-03-2013,58.06,15.7904177628833
15-03-2013,104.12,15.7550308287266
18-03-2013,115.79,15.5505587110509
19-03-2013,130.57,15.9936113320016
20-03-2013,144.81,16.270741583943
21-03-2013,156.2,16.499124776235
22-03-2013,105.79,16.4643266469287
25-03-2013,178.57,15.860922925548
26-03-2013,163.29,15.6196786333633
27-03-2013,177.06,15.5850703382029
28-03-2013,72.92,15.6616197272358
01-04-2013,104.12,15.6018360888767
02-04-2013,86.12,15.5491631126201
03-04-2013,85.68,15.932475715491
04-04-2013,101.29,16.9034232457859
05-04-2013,104.65,16.7971199201947
08-04-2013,64.04,16.6229031405319
09-04-2013,68.93,16.9665447257403
10-04-2013,145.88,17.2444123288677
11-04-2013,55.27,17.6693451014118
12-04-2013,42.73,17.5412304719672
15-04-2013,138.99,17.9262255825426
16-04-2013,27.22,22.1063552736468
17-04-2013,86.66,21.3762390242518
18-04-2013,51.21,22.0247692425442
19-04-2013,57.5,21.703643741532
22-04-2013,64.71,21.8115361064673
23-04-2013,111.75,21.9092941488459
24-04-2013,126.26,21.8545542368858
25-04-2013,44.58,22.6766050804364
26-04-2013,92.18,21.7625336773516
29-04-2013,107.23,21.4011070127969
30-04-2013,81.56,22.0396350639149
01-05-2013,74.13,21.900916734137
02-05-2013,101.98,22.7076282740012
03-05-2013,104.35,23.2692723672584
06-05-2013,68.88,22.8634954016105
07-05-2013,110.22,22.6714236291038
08-05-2013,60.31,22.5238496728189
09-05-2013,30.12,22.3245148247565
10-05-2013,65.03,21.9643271163989
13-05-2013,51.8,21.6156757620531
14-05-2013,166.99,21.1328262247466
15-05-2013,60.66,20.7132181404453
16-05-2013,75.24,21.0808807013842
17-05-2013,27.77,21.5814219865754
20-05-2013,76.24,22.1036118720292
21-05-2013,54.39,21.5178471019093
22-05-2013,78.07,22.003345918518
23-05-2013,68.76,22.0826578705796
24-05-2013,75.95,21.7751397460771
28-05-2013,56.65,20.0629615119515
29-05-2013,69.87,19.8461963411757
30-05-2013,58.2,19.4696491173228
31-05-2013,66.84,18.9158560440606
03-06-2013,85.84,18.8023915688336
04-06-2013,60.51,18.4157024954375
05-06-2013,63.07,18.2995084928905
06-06-2013,60.6,17.9242684180199
07-06-2013,63.43,17.871556570099
10-06-2013,76.66,18.0882926455249
11-06-2013,83.91,17.3519935461091
12-06-2013,81.19,18.2371719389415
13-06-2013,48.34,18.0559563358129
14-06-2013,89.93,17.625978727676
17-06-2013,108.54,17.3168281863285
18-06-2013,96.83,17.2154131815238
19-06-2013,117.49,16.8347817718318
20-06-2013,58.6,17.0582142455716
21-06-2013,89.92,20.9671628467525
24-06-2013,79.15,20.5459232504103
25-06-2013,69.15,20.7781109437077
26-06-2013,74.89,20.6102414120236
27-06-2013,65.35,22.1373983530919
28-06-2013,116.34,22.0250125825865
01-07-2013,78.43,21.91863038
02-07-2013,89.93,22.3217590640211
03-07-2013,74.91,21.9721143373299
05-07-2013,191.82,21.7392978712029
08-07-2013,153.37,21.5854978166694
09-07-2013,142.43,21.5178177529424
10-07-2013,64.98,21.3950805656206
11-07-2013,26.79,21.3421947938267
12-07-2013,50.01,21.5999916646126
15-07-2013,75.52,21.3143203925374
16-07-2013,90.59,20.3143614150924
17-07-2013,70.45,20.2338938079422
18-07-2013,46.82,20.1470147253617
19-07-2013,87.73,19.9977065855032
22-07-2013,177.9,19.9101359763224
23-07-2013,63.97,20.0694079884262
24-07-2013,107.63,19.9343281656595
25-07-2013,57.31,20.059876625967
26-07-2013,28.78,19.7863402878536
29-07-2013,133.04,19.6724258736026
30-07-2013,76.21,19.2339012068541
31-07-2013,77.62,18.6065048280568
01-08-2013,92.95,18.3087082392036
02-08-2013,57.34,17.5919732175726
05-08-2013,65.12,17.3853281170245
06-08-2013,60.63,17.255549726816
07-08-2013,100.46,17.4813314430836
08-08-2013,83.3,18.5582911658056
09-08-2013,99.01,18.1061303081698
12-08-2013,80.69,18.5649964274539
13-08-2013,82.77,18.3361707216133
14-08-2013,65.28,17.8804858995315
15-08-2013,43.95,17.9210768885181
16-08-2013,76.5,18.7532215709384
19-08-2013,136.62,18.5440413305777
20-08-2013,111.56,18.9340080525877
21-08-2013,96.17,18.3848968834494
22-08-2013,89.29,18.1859771621673
23-08-2013,45.99,17.9873007626851
26-08-2013,124.03,18.198379782841
27-08-2013,86.16,18.1334865134587
28-08-2013,64.04,20.2709012689371
29-08-2013,87.64,19.8060943252032
30-08-2013,91.16,19.7463163470604
03-09-2013,168.05,19.4964352661545
04-09-2013,133.57,18.8035763241855
05-09-2013,121.68,18.543413235621
06-09-2013,174.48,19.1164607257877
09-09-2013,59.96,18.9488641911907
10-09-2013,53,19.1824577246076
11-09-2013,96.02,18.6441340496553
12-09-2013,59.84,18.1955981448014
13-09-2013,39.94,18.1627080990792
16-09-2013,149.94,18.1559186176185
17-09-2013,127.79,18.0383168557388
18-09-2013,84.39,17.7222491944486
19-09-2013,87.37,18.6464275414021
20-09-2013,160.51,18.9521582847679
23-09-2013,105.52,18.5481978531177
24-09-2013,127.69,18.5709447198947
25-09-2013,134.2,18.64458147
26-09-2013,83.62,18.9661564718226
27-09-2013,91.83,19.2828284824996
30-09-2013,156.8,18.7610514000832
01-10-2013,271.77,17.7819516649482
02-10-2013,205.03,18.1888401904438
03-10-2013,142.62,17.5974977685609
04-10-2013,187.28,17.7457197222574
07-10-2013,135.95,16.9823805165776
08-10-2013,198.47,17.0620917567465
09-10-2013,164.69,17.0839750176946
10-10-2013,208.16,16.2189641043443
11-10-2013,197.5,16.7596096440997
14-10-2013,317.57,16.9514452837336
15-10-2013,311.33,17.0211350663774
16-10-2013,302.38,16.8034911587883
17-10-2013,323.65,17.0863802789101
18-10-2013,199.23,17.2498843474719
21-10-2013,10.92,17.4730707663261
22-10-2013,101.82,18.1390211997645
23-10-2013,172.74,18.2492219423015
24-10-2013,85.92,18.7402782305793
25-10-2013,125.94,18.4592573609539
28-10-2013,87.68,19.2126746611434
29-10-2013,168.7,19.6783098356393
30-10-2013,178.66,19.4548540865658
31-10-2013,67.75,19.9359377238633
01-11-2013,45.43,20.0229101679629
04-11-2013,146.15,19.240635497628
05-11-2013,63.38,19.0708930640378
06-11-2013,57.22,19.0171303820826
07-11-2013,46.97,17.5107497372834
08-11-2013,84.94,18.0217851736211
11-11-2013,179.62,17.4465556538984
12-11-2013,7.71,16.7318745039074
13-11-2013,55.9,16.7676399067286
14-11-2013,48.95,16.7727229146522
15-11-2013,68.24,16.8275770886187
18-11-2013,98.11,16.7150807234207
19-11-2013,83.02,16.9982097598759
20-11-2013,94.99,18.9848330094282
21-11-2013,92.72,18.9742081043053
22-11-2013,67.16,18.9059860099954
25-11-2013,138.46,18.9999620248129
26-11-2013,36.52,18.8097757562963
27-11-2013,41.47,18.2096441741914
29-11-2013,95.19,18.1890081434231
02-12-2013,115.32,18.0290449699294
03-12-2013,103.28,17.9150908798184
04-12-2013,98.29,17.9064291392477
05-12-2013,71.41,16.7474387372574
06-12-2013,59.69,16.6330191209535
09-12-2013,67.72,15.5955550638391
10-12-2013,98.47,16.3149258901445
11-12-2013,101.72,16.5084908355863
12-12-2013,110.87,16.4867288183584
13-12-2013,127.96,16.1482648811396
16-12-2013,100.86,15.9734634655198
17-12-2013,99.02,16.1828640012203
18-12-2013,97.71,15.7584259719013
19-12-2013,152.19,15.3250050715526
20-12-2013,52.07,15.861733587473
23-12-2013,75.16,15.3250447845541
24-12-2013,29.66,15.6116002364896
26-12-2013,33.17,15.5587975672013
27-12-2013,71.17,15.6465541780575
30-12-2013,86.24,15.9850225285449
31-12-2013,130.03,15.4843024112604
02-01-2014,103.08,15.5905005416621
03-01-2014,113.11,15.5234380507634
06-01-2014,121.14,16.0190263740117
07-01-2014,93.88,15.7136598622137
08-01-2014,106.42,16.3777832101219
09-01-2014,60.31,16.4254699170439
10-01-2014,67.96,16.224477292058
13-01-2014,100.01,15.9482069833692
14-01-2014,57.03,15.8866027548315
15-01-2014,67.7,15.9584696964486
16-01-2014,80.94,16.0563003765873
17-01-2014,66.52,15.7866312866006
21-01-2014,93.53,15.5383680872733
22-01-2014,141.56,15.3998772785279
23-01-2014,92.85,15.5285343597118
24-01-2014,84.12,15.574162156442
27-01-2014,75.34,17.44333445
28-01-2014,162.84,18.3305894024784
29-01-2014,178.46,18.9775675379104
30-01-2014,86.19,18.7253246232454
31-01-2014,44.12,18.8208987633519
03-02-2014,77.68,18.681257780416
04-02-2014,72.24,19.8905960980145
05-02-2014,103.64,19.7710997764619
06-02-2014,137.27,19.5983314662992
07-02-2014,71.97,19.9328670659712
10-02-2014,67.15,21.3867206563655
11-02-2014,78.69,21.1302928337417
12-02-2014,50.56,20.991949638171
13-02-2014,55.58,20.7255982671305
14-02-2014,43.97,21.1014598702006
18-02-2014,64.56,20.9844239234651
19-02-2014,64.88,22.4908499939123
20-02-2014,67.61,21.8097296752095
21-02-2014,120.78,21.2735323544179
24-02-2014,130.38,20.8652577431971
25-02-2014,123.05,20.6789064358646
26-02-2014,87.53,20.2053609637824
27-02-2014,64.84,21.4078890874896
28-02-2014,71.2,21.310402579671
03-03-2014,59.55,20.0236731965159
04-03-2014,48.72,19.1941436466521
05-03-2014,54.92,19.4887198525975
06-03-2014,59.46,19.1881147982127
07-03-2014,59.24,19.6819397752773
10-03-2014,78.46,19.7056401505658
11-03-2014,63.35,18.4097353472717
12-03-2014,24.21,18.6243075429954
13-03-2014,45.47,18.6853953285754
14-03-2014,74,18.7991024293076
17-03-2014,76.93,18.6600301566874
18-03-2014,77.69,18.2350024368348
19-03-2014,48.95,18.4346204629451
20-03-2014,147.38,18.3232854085088
21-03-2014,118.59,18.7095744166233
24-03-2014,73.83,18.8674797494731
25-03-2014,17.16,18.8190998675491
26-03-2014,63.13,17.9998703128528
27-03-2014,50.81,17.5371080168238
28-03-2014,86.49,17.6480087191986
31-03-2014,45.06,17.7278618878572
01-04-2014,78.62,17.8277660965246
02-04-2014,48.76,17.4416596878445
03-04-2014,55.73,17.4362756881548
04-04-2014,56.51,17.1524099868484
07-04-2014,83.61,17.0649802863141
08-04-2014,154.81,18.0643285511855
09-04-2014,48.04,18.671623542268
10-04-2014,37.87,18.8419118112786
11-04-2014,24.93,18.7333882761453
14-04-2014,160.58,18.9078465827592
15-04-2014,46.8,19.0884058511759
16-04-2014,44.05,19.4236164901018
17-04-2014,25.15,19.5274653103016
21-04-2014,61.87,19.1417032965529
22-04-2014,51.29,19.2865849054332
23-04-2014,58.66,18.7610792352524
24-04-2014,51.78,19.0094012964992
25-04-2014,62.12,19.0091540052952
28-04-2014,86.12,20.0918628244516
29-04-2014,64.01,20.2871461338435
30-04-2014,35.13,19.9936556870944
01-05-2014,70.5,19.7984695899271
02-05-2014,52.59,19.7984892866516
05-05-2014,82.21,19.7562392144964
06-05-2014,98.03,19.6539018664559
07-05-2014,52.67,19.8286570071408
08-05-2014,125.36,19.3189459848084
09-05-2014,55.25,19.333057752769
12-05-2014,77.42,19.4551905750025
13-05-2014,87.93,20.2974272517358
14-05-2014,89.46,20.2216008124305
15-05-2014,64.81,19.8805769089305
16-05-2014,83.17,19.9826025382591
19-05-2014,53.82,19.6433912276052
20-05-2014,69.59,19.4411457874866
21-05-2014,64.03,19.0015603858488
22-05-2014,33.53,19.1813989677474
23-05-2014,80.12,18.9207482918881
27-05-2014,50.23,18.8933171917861
28-05-2014,123.09,18.6696757514401
29-05-2014,35.24,18.6208816022647
30-05-2014,66.44,18.7327867808995
02-06-2014,75.4,18.4434221315611
03-06-2014,225.3,18.4050921409196
04-06-2014,46.18,18.2329394953924
05-06-2014,49.48,17.9368474784138
06-06-2014,40.75,18.2187071941733
09-06-2014,66.76,18.0516155837774
10-06-2014,52.35,19.1142636484837
11-06-2014,125.44,18.8375003538669
12-06-2014,100.98,18.5011246426498
13-06-2014,47.2,18.8319972976719
16-06-2014,55.79,19.4040193477513
17-06-2014,20.72,18.4990304274697
18-06-2014,59.16,17.7837137306505
19-06-2014,81.39,17.6195748598785
20-06-2014,57.19,17.5776173144632
23-06-2014,107.54,17.6210870820508
24-06-2014,58.69,17.3937531020933
25-06-2014,54.36,17.7042121694911
26-06-2014,22.32,17.6317332984429
27-06-2014,24.48,17.4451207743902
30-06-2014,43.97,17.3037471567317
01-07-2014,94.53,16.7137395585402
02-07-2014,85.01,16.6525514402674
03-07-2014,41.51,16.9879910787763
07-07-2014,61.4,17.0162431110101
08-07-2014,28.93,18.1835785267877
09-07-2014,49.91,19.521138187551
10-07-2014,48.39,18.9374744660388
11-07-2014,50.23,19.22878863
14-07-2014,124.54,19.2368501477706
15-07-2014,116.32,19.1708888497302
16-07-2014,131.66,18.4247045344529
17-07-2014,72.31,18.1491669775276
18-07-2014,77.84,18.2790343217328
21-07-2014,67.14,18.6648954356385
22-07-2014,56.64,18.4414049576683
23-07-2014,49.67,18.65748115
24-07-2014,36.53,18.4302245519132
25-07-2014,34.26,18.5471249967139
28-07-2014,49.75,18.3237589107201
29-07-2014,44.45,18.0074956832959
30-07-2014,117.01,18.206500847657
31-07-2014,87.58,18.3884058812509
01-08-2014,53.1,20.871896266717
04-08-2014,131.99,21.1482890835357
05-08-2014,80.24,21.0885591329319
06-08-2014,32.5,20.1038593867027
07-08-2014,41.62,20.136363495323
08-08-2014,61.58,19.9756152033582
11-08-2014,94.95,19.8115658495696
12-08-2014,18.35,21.5030259299857
13-08-2014,18.04,21.6242096026993
14-08-2014,29.12,21.9889560718037
15-08-2014,74.06,21.8094543629154
18-08-2014,34.34,22.0217712630182
19-08-2014,40.12,22.1586807347011
20-08-2014,23.74,22.1794942660786
21-08-2014,24.43,21.5844336778239
22-08-2014,65.61,21.0581741613546
25-08-2014,54.94,20.987043292258
26-08-2014,32.55,21.0473262335175
27-08-2014,40.32,20.5459769504001
28-08-2014,44.61,20.3756355406314
29-08-2014,30.07,20.7209053608714
02-09-2014,79.82,21.3028221838868
03-09-2014,38.15,21.6162906758814
04-09-2014,29.58,21.3059051357967
05-09-2014,32.64,20.8513048464951
08-09-2014,23.52,20.7274552062994
09-09-2014,65.54,20.2411947982016
10-09-2014,66.45,22.0433872658075
11-09-2014,43.16,21.7313884302497
12-09-2014,49.62,21.4782236845138
15-09-2014,132.42,21.5613485350765
16-09-2014,34.58,23.7710004122464
17-09-2014,40.9,23.8694752288771
18-09-2014,26.32,23.7042852922627
19-09-2014,31.65,23.4443139237001
22-09-2014,124.77,23.4501425367398
23-09-2014,102.33,23.9199750558121
24-09-2014,46.11,23.4176429229274
25-09-2014,40.69,23.2276953778584
26-09-2014,49.29,24.075238748518
29-09-2014,41.79,24.3152228471156
30-09-2014,41.03,23.8517201627529
01-10-2014,58.82,23.9597391718005
02-10-2014,30.16,25.1486706050303
03-10-2014,103.26,24.7961909538227
06-10-2014,135.43,24.6349912467912
07-10-2014,89.8,24.481866557526
08-10-2014,43.96,24.9648948124781
09-10-2014,53.73,24.3915863286622
10-10-2014,49.06,26.3791999835919
13-10-2014,42.04,27.1882981296817
14-10-2014,62.32,28.5422974021112
15-10-2014,68.64,28.3478229789722
16-10-2014,86.24,27.7951639888085
17-10-2014,49.35,28.4019894877316
20-10-2014,45.57,28.2040693541317
21-10-2014,61.02,28.3915277896326
22-10-2014,69.25,28.1776763569259
23-10-2014,45.24,28.2517940558279
24-10-2014,43.41,28.3516121553515
27-10-2014,68.48,28.0747619118127
28-10-2014,72.16,28.204955163996
29-10-2014,57.53,28.6271928797913
30-10-2014,37.38,28.0113878510156
31-10-2014,103.08,27.734886425614
03-11-2014,64.42,28.4395731008705
04-11-2014,58.5,28.1018338039267
05-11-2014,72.12,28.693843106744
06-11-2014,56.66,28.1689768116528
07-11-2014,26.93,27.9040712286702
10-11-2014,45.75,25.7938181899928
11-11-2014,36.64,25.4721477066825
12-11-2014,49.99,25.4694691517005
13-11-2014,40.12,24.5449190722489
14-11-2014,29.81,24.7741204931617
17-11-2014,151.19,24.2613930705624
18-11-2014,56.8,23.6532947781854
19-11-2014,48.87,23.5970597178318
20-11-2014,51.4,23.3292179515055
21-11-2014,58.61,22.6842401396672
24-11-2014,78.87,22.8089739794911
25-11-2014,60.87,22.6296786446693
26-11-2014,27.16,22.9571416909715
28-11-2014,38.11,21.731495277811
01-12-2014,37.22,28.026234779394
02-12-2014,68.69,28.2934422495464
03-12-2014,76.65,27.8843010288652
04-12-2014,49.34,27.8032757220468
05-12-2014,63.16,27.559023205466
08-12-2014,53.77,26.9974607103696
09-12-2014,58.26,28.185247879982
10-12-2014,39.55,27.7590444864211
11-12-2014,36.88,27.7350578893281
12-12-2014,42.58,27.1666133258308
15-12-2014,32.39,26.7195631233106
16-12-2014,56.01,27.2977647100354
17-12-2014,99.63,27.1740388852027
18-12-2014,105.88,27.0968242623369
19-12-2014,42.7,26.8696098565211
22-12-2014,81.46,26.9037213137772
23-12-2014,41.44,26.72989155
24-12-2014,26.5,26.509599526729
26-12-2014,58.01,26.2917798456812
29-12-2014,108.66,26.1960314868687
30-12-2014,50.14,25.9004398317081
31-12-2014,127.2,25.5342474732625
02-01-2015,93.14,24.7208092610606
05-01-2015,90.66,24.1824674125844
06-01-2015,85.46,25.136332498448
07-01-2015,57.14,25.3265935117468
08-01-2015,59.56,24.9261667240787
09-01-2015,44.45,25.395584156281
12-01-2015,99.54,25.028775562797
13-01-2015,68.71,25.8705310932751
14-01-2015,82.58,25.6455360279972
15-01-2015,88.27,25.03222926
16-01-2015,50.91,24.9612617679044
20-01-2015,74.06,24.3417385762614
21-01-2015,43.82,24.2357574558224
22-01-2015,85.21,23.9905110646079
23-01-2015,82.9,22.6990988009339
26-01-2015,54.5,22.4607712239549
27-01-2015,55.58,23.6010403141719
28-01-2015,77.51,23.5245604974278
29-01-2015,32.14,24.608602217094
30-01-2015,65.15,24.3421669046682
02-02-2015,79.45,22.7600224739488
03-02-2015,65.6,22.508862730169
04-02-2015,67.26,24.3085894070805
05-02-2015,115.17,23.8343589114676
06-02-2015,59.12,24.3276923604623
09-02-2015,87.49,23.7145283604851
10-02-2015,83.73,23.1298739570827
11-02-2015,50.54,22.8698801241529
12-02-2015,26.96,21.7172370026902
13-02-2015,54.65,22.0468154785117
17-02-2015,50.67,21.9632438858808
18-02-2015,37.15,21.7700365140729
19-02-2015,102.56,21.514618842944
20-02-2015,35.63,21.283632309854
23-02-2015,76.09,21.1765707136597
24-02-2015,128.86,21.1023253763206
25-02-2015,74.82,20.7952556305096
26-02-2015,74.61,20.4817314330683
27-02-2015,116.63,19.7922816384444
02-03-2015,91.47,19.751799998733
03-03-2015,37.66,19.0098819548553
04-03-2015,89.94,18.1125871777536
05-03-2015,69.01,16.4305345477514
06-03-2015,47.16,16.1837671249552
09-03-2015,63.31,16.7541913319954
10-03-2015,85.17,16.8955160364801
11-03-2015,44.39,17.9205562600057
12-03-2015,33.9,17.2415149883705
13-03-2015,52.24,17.0902065031419
16-03-2015,53.97,17.6877261812111
17-03-2015,37.53,17.464989806895
18-03-2015,78.2,17.259191404786
19-03-2015,52.74,17.704309041817
20-03-2015,56.33,17.3737124106733
23-03-2015,108.15,17.6376131653297
24-03-2015,34.47,17.6935750380365
25-03-2015,52.7,17.682687033164
26-03-2015,46.77,17.9623746764515
27-03-2015,61.09,17.3053693346828
30-03-2015,74.41,17.6143062486038
31-03-2015,88.25,17.4072608368376
01-04-2015,85.27,17.0433863890591
02-04-2015,27.58,16.7987855555898
06-04-2015,56.3,16.9453347039788
07-04-2015,77.07,17.2999820212269
08-04-2015,55.11,17.1304991286996
09-04-2015,43.26,16.7335716076806
10-04-2015,41.28,16.7806924857992
13-04-2015,77.54,16.9774214199484
14-04-2015,66.77,16.909592530647
15-04-2015,310.25,16.8577357667916
16-04-2015,49.98,17.5376147390585
17-04-2015,43.72,17.1728391338772
20-04-2015,51.68,18.2730982597006
21-04-2015,46.55,18.2505656476712
22-04-2015,36.96,18.2177995003933
23-04-2015,33.57,18.6004805972914
24-04-2015,42.94,18.8533808132372
27-04-2015,35.03,17.7770309539093
28-04-2015,30.41,17.700277083693
29-04-2015,30.76,17.6900291536841
30-04-2015,39.66,17.2385812354386
01-05-2015,37.85,17.5590150666161
04-05-2015,27.02,17.4783523908689
05-05-2015,30.59,16.5572750710762
06-05-2015,42.19,16.3735145748621
07-05-2015,79.16,16.0489657346868
08-05-2015,81.06,16.1931173619094
11-05-2015,106.86,16.5129361289047
12-05-2015,86.73,16.0179247870719
13-05-2015,86.1,16.2963452923739
14-05-2015,49.4,16.1358581941596
15-05-2015,65.4,15.8097912281765
18-05-2015,65.23,15.9907229704721
19-05-2015,45.51,15.9521654211478
20-05-2015,56.09,15.5503040902954
21-05-2015,58.45,14.8874336834608
22-05-2015,65.97,14.8786121603275
26-05-2015,56.41,14.9609589174756
27-05-2015,49.51,16.2149104937768
28-05-2015,87.95,15.5304715513121
29-05-2015,39.59,15.263211074888
01-06-2015,33.34,15.3068772305232
02-06-2015,71.05,14.8839495340418
03-06-2015,31.97,15.1679300458666
04-06-2015,80.34,14.983441503769
05-06-2015,40.47,14.8663686063062
08-06-2015,150.67,14.6947149766223
09-06-2015,65.45,14.2122747529476
10-06-2015,34.96,14.2962625706882
11-06-2015,40.94,14.788308253697
12-06-2015,47,14.7307641296404
15-06-2015,52.5,14.6804182543182
16-06-2015,40.37,14.544643779384
17-06-2015,50.73,14.4520637110911
18-06-2015,78.79,14.4025064904742
19-06-2015,86.15,15.1204204207383
22-06-2015,64.15,15.8024357387941
23-06-2015,66.27,16.0985518787325
24-06-2015,27.52,16.0874221452102
25-06-2015,47.83,16.1442741995887
26-06-2015,79.86,15.9641232686064
29-06-2015,78.5,15.857658612226
30-06-2015,122.02,19.4566503592733
01-07-2015,90.8,19.3736783762879
02-07-2015,44.58,19.0915816976993
06-07-2015,100.06,18.9931909151728
07-07-2015,85.7,22.1751480558052
08-07-2015,62.4,21.4292194049569
09-07-2015,98.19,23.0206176098528
10-07-2015,94.87,23.110263799752
13-07-2015,79.98,23.5932015801191
14-07-2015,68.09,23.8279249236643
15-07-2015,62.09,23.6950965668864
16-07-2015,72,24.360509360517
17-07-2015,42.31,24.1074037676875
20-07-2015,46.59,23.7560289042232
21-07-2015,71.87,23.3250790589745
22-07-2015,43.42,22.9607647928084
23-07-2015,45,22.2912369724784
24-07-2015,60.12,22.2359433148998
27-07-2015,35.53,22.4420416568674
28-07-2015,38.06,22.9252468654663
29-07-2015,53.93,22.3079945877894
30-07-2015,35.73,22.1102930269971
31-07-2015,29.32,21.9272413377105
03-08-2015,88.27,21.2925809964677
04-08-2015,53.56,21.0219325917419
05-08-2015,43.76,20.8299968881796
06-08-2015,21.3,20.1068104943467
07-08-2015,3.32,21.3781740397495
10-08-2015,82.73,21.43757814
11-08-2015,65.65,22.3239017250134
12-08-2015,38.09,22.4054595675595
13-08-2015,35.58,22.2336966701825
14-08-2015,55.58,22.0827761099172
17-08-2015,26.3,21.6609721206874
18-08-2015,60.75,21.1437450896217
19-08-2015,83.7,20.4873284357393
20-08-2015,35.99,20.9950049217745
21-08-2015,80.21,22.7644721173722
24-08-2015,152.98,23.0874459987963
25-08-2015,177.02,25.6393078304335
26-08-2015,87.48,25.2906025215403
27-08-2015,61.26,24.9173486599732
28-08-2015,93.15,27.2835620373911
31-08-2015,113.96,27.4156391218037
01-09-2015,92.72,26.1570248599581
02-09-2015,93.82,26.7177243815652
03-09-2015,57.57,26.230021311659
04-09-2015,144.81,25.894071634726
08-09-2015,69.15,25.0656817106446
09-09-2015,46.57,24.5019635548584
10-09-2015,67.06,24.1210391642634
11-09-2015,89.61,23.6298833472242
14-09-2015,88.46,23.5634451956753
15-09-2015,100.95,23.024242146553
16-09-2015,67.49,22.7326190100589
17-09-2015,71.27,23.4607353083384
18-09-2015,77.99,23.1302915142749
21-09-2015,87.15,23.1074521386428
22-09-2015,87.71,22.6872677269033
23-09-2015,64.87,22.9440804620104
24-09-2015,41.42,24.0889718477546
25-09-2015,44.34,23.9994212398386
28-09-2015,41.68,23.4507423279819
29-09-2015,65.7,24.2344811181007
30-09-2015,77.75,22.8643973111942
01-10-2015,69.02,22.7936231001006
02-10-2015,64.84,22.707811423223
05-10-2015,48.01,24.6002944686034
06-10-2015,110.95,25.5234501159307
07-10-2015,49.15,26.1356625422588
08-10-2015,26.35,26.2079022037069
09-10-2015,78.91,25.4880824414667
12-10-2015,112.89,25.4333414455856
13-10-2015,33.11,24.584026525514
14-10-2015,59.36,25.1858463215088
15-10-2015,35.67,24.2452809736578
16-10-2015,51.22,24.5674748719987
19-10-2015,51.91,23.9730856405994
20-10-2015,27.87,23.7192030115336
21-10-2015,83.48,23.2330549305131
22-10-2015,52.71,23.467083317527
23-10-2015,51.59,23.1565008971741
26-10-2015,75.05,23.1445945609266
27-10-2015,74.57,22.8122086736308
28-10-2015,112.28,23.6933709224152
29-10-2015,77.35,25.2845940828358
30-10-2015,38.41,24.5680466141591
02-11-2015,32.86,23.5959711718353
03-11-2015,72.75,23.2049692856758
04-11-2015,45.24,23.5141523296427
05-11-2015,33.09,23.2050233973288
06-11-2015,78.78,23.0319325636996
09-11-2015,60.61,22.3406821437402
10-11-2015,44.19,23.5121236400594
11-11-2015,44.92,23.3830013149859
12-11-2015,20.53,23.3364106707174
13-11-2015,33.65,23.4100702696383
16-11-2015,91.65,22.979190611352
17-11-2015,63.48,22.3933998230816
18-11-2015,68.43,22.4826314958892
19-11-2015,43.31,22.1138674239113
20-11-2015,48.78,21.8972399507302
23-11-2015,13.92,21.7595365781264
24-11-2015,28.8,20.9406954407166
25-11-2015,20.42,21.3221479317597
27-11-2015,45.15,20.7893213458492
30-11-2015,61.99,20.5909102663489
01-12-2015,48.27,20.3561929335273
02-12-2015,47.61,20.6532000053917
03-12-2015,38.7,20.5367964433071
04-12-2015,34.6,20.3842886365392
07-12-2015,50.85,20.0006608418566
08-12-2015,43.97,20.7894927787038
09-12-2015,57.21,22.1795110925945
10-12-2015,64.28,21.4745482898104
11-12-2015,110.78,21.6648607984138
14-12-2015,56.77,23.7042946788954
15-12-2015,78,23.2341148044661
16-12-2015,85.34,23.2956257308786
17-12-2015,100.26,26.0004783573137
18-12-2015,86.5,25.5044871397812
21-12-2015,79.05,25.1222857405826
22-12-2015,77.14,24.7706870300138
23-12-2015,75.23,24.828308698876
24-12-2015,58.39,24.8830915120184
28-12-2015,106.39,24.7967234106771
29-12-2015,59.15,23.8194736158782
30-12-2015,90.42,23.7672975958656
31-12-2015,59.74,24.1963753489799
04-01-2016,106.94,23.8732836327069
05-01-2016,52.8,23.7264900364179
06-01-2016,30.4,23.7066480559091
07-01-2016,56.4,24.0069924509498
08-01-2016,62.21,28.106549071162
11-01-2016,65.1,27.585592032403
12-01-2016,67.32,28.3032327200354
13-01-2016,130.12,28.482807638543
14-01-2016,72.92,28.0734265472005
15-01-2016,67.14,27.646847119942
19-01-2016,81.9,29.5865285351059
20-01-2016,70.19,28.5109102469244
21-01-2016,110.2,27.9852058311279
22-01-2016,68.43,27.9614142983497
25-01-2016,55.72,29.7899798149011
26-01-2016,78.09,30.0137176451363
27-01-2016,39.01,29.9059332792303
28-01-2016,59.62,29.3818184599065
29-01-2016,41.51,28.5097269324765
01-02-2016,183.2,29.3429324771192
02-02-2016,117.91,28.8728528319515
03-02-2016,73.51,30.0593237138967
04-02-2016,40.73,29.7471520008146
05-02-2016,41.41,29.6336791056022
08-02-2016,88.26,29.7665935687458
09-02-2016,38.4,30.5374459257479
10-02-2016,77.84,30.0767420275034
11-02-2016,106.25,29.232757632815
12-02-2016,74.63,29.4096765785857
16-02-2016,48.57,29.5087359187693
17-02-2016,108.64,30.1776942750703
18-02-2016,117.33,30.9913092255099
19-02-2016,85.85,30.7041546194023
22-02-2016,55.88,29.902386881404
23-02-2016,57.33,30.5400844114237
24-02-2016,62.26,30.3221325474237
25-02-2016,57.5,30.0146142903588
26-02-2016,41.87,30.0492086021919
29-02-2016,65.74,29.3442507913349
01-03-2016,49.35,29.1647593121925
02-03-2016,41.64,29.0981329401885
03-03-2016,48.6,29.4772458589057
04-03-2016,46.74,29.6049371283733
07-03-2016,59.99,28.5867010040311
08-03-2016,77.42,27.7246665053376
09-03-2016,46.99,28.2050197057662
10-03-2016,30.22,28.8243019942537
11-03-2016,29.26,28.264646664103
14-03-2016,54.04,28.9393346033777
15-03-2016,45.63,27.9986470121898
16-03-2016,48.66,28.1815714250522
17-03-2016,40.06,27.5569859626349
18-03-2016,58.48,29.1209611810078
21-03-2016,89.85,28.6762673645753
22-03-2016,55.17,28.024297071461
23-03-2016,87.98,27.6242962005695
24-03-2016,50.15,29.0048880910076
28-03-2016,105.86,28.1262476077841
29-03-2016,69.82,27.645511503988
30-03-2016,124.96,27.2832671708063
31-03-2016,36.42,26.7311827345233
01-04-2016,30.46,26.4350177781321
04-04-2016,38.89,26.337770110825
05-04-2016,25.71,26.1382491933704
06-04-2016,36.17,26.2115895777999
07-04-2016,28.9,25.8379822730224
08-04-2016,30.25,25.845441813389
11-04-2016,101.11,25.6713104418242
12-04-2016,34.46,25.9157920497214
13-04-2016,37.74,26.5168615255748
14-04-2016,21.42,26.394481799517
15-04-2016,52.17,26.3140017519152
18-04-2016,63.08,26.1472455978454
19-04-2016,20.66,26.0667426370636
20-04-2016,41.3,25.6187950895228
21-04-2016,34.27,25.0517295776425
22-04-2016,112.29,24.8625488448807
25-04-2016,59.83,24.2935061855057
26-04-2016,49.42,24.8560699063039
27-04-2016,42.37,24.6986896243862
28-04-2016,20.3,24.9941497269349
29-04-2016,54.91,24.0723476507909
02-05-2016,72.72,22.8679145210385
03-05-2016,45.4,23.7204238966465
04-05-2016,44.1,26.4644803970404
05-05-2016,34.04,25.5725007695317
06-05-2016,31.3,25.794324490254
09-05-2016,59.73,25.5326929295174
10-05-2016,62.97,25.3365004152773
11-05-2016,54.4,24.7914460906101
12-05-2016,50.82,24.2778639230347
13-05-2016,59.77,23.7530568655379
16-05-2016,82.79,23.6095502564547
17-05-2016,51.62,23.5607590745551
18-05-2016,32.08,23.3334152054944
19-05-2016,58.53,23.0191263977978
20-05-2016,25.94,23.1661383751442
23-05-2016,141.68,23.643984960579
24-05-2016,66.06,23.2276902467486
25-05-2016,51.51,22.955895676327
26-05-2016,23.07,23.0297244546737
27-05-2016,19.22,22.808214234385
31-05-2016,48.19,22.4547746040246
01-06-2016,48.39,21.2692533289348
02-06-2016,44.41,20.8143133437531
03-06-2016,54.72,20.6295303389329
06-06-2016,136.57,19.8126685655703
07-06-2016,127.93,21.0848254921199
08-06-2016,46.41,19.7869938313906
09-06-2016,49.67,19.6200428936805
10-06-2016,70.69,20.6552426501358
13-06-2016,60.21,23.1612016354417
14-06-2016,83.69,23.3728885274266
15-06-2016,79.47,23.8401513271367
16-06-2016,109.07,23.5932103851219
17-06-2016,71.03,23.2608526058431
20-06-2016,94.78,22.6700978370974
21-06-2016,137.6,23.3404392288199
22-06-2016,146.78,23.1580020137967
23-06-2016,125.3,22.6174716251694
24-06-2016,312.85,23.0482400333983
27-06-2016,254.28,27.9118797377839
28-06-2016,238.67,28.7083857722637
29-06-2016,146.63,30.2919421550567
30-06-2016,96.08,31.6257316119606
01-07-2016,108.22,30.5397009079234
05-07-2016,89.02,30.2996595437477
06-07-2016,185.04,30.5939907637045
07-07-2016,117.71,30.1223385677749
08-07-2016,105.65,29.6812958048869
11-07-2016,93.07,29.7569771880836
12-07-2016,113.92,29.5034943295161
13-07-2016,58.42,29.2016302217929
14-07-2016,53.11,28.5919870353928
15-07-2016,34.4,28.4598683494633
18-07-2016,112.79,27.4565889491835
19-07-2016,39.89,26.8400353209002
20-07-2016,45.87,26.8294742664441
21-07-2016,37.63,26.8590746518582
22-07-2016,59.24,26.8078521335903
25-07-2016,78.34,26.6015714612476
26-07-2016,56.4,26.4688647781451
27-07-2016,122.84,26.3905962035556
28-07-2016,76.37,26.0519065174341
29-07-2016,78.16,24.9693316861001
01-08-2016,74.99,24.603467947937
02-08-2016,55.54,24.5613708720597
03-08-2016,38.55,24.9677108265478
04-08-2016,42.64,24.4069082437304
05-08-2016,89.43,24.2090067069778
08-08-2016,108.83,23.9952883734067
09-08-2016,61.67,23.8839899231502
10-08-2016,81.76,22.8389241238874
11-08-2016,43.24,22.6569697700421
12-08-2016,63,22.109783570765
15-08-2016,91.36,21.9105224901098
16-08-2016,105.49,22.4166807912276
17-08-2016,83.6,22.0465543663109
18-08-2016,59.73,21.8069349302957
19-08-2016,56.17,22.9026812746932
22-08-2016,39.89,21.8606634879893
23-08-2016,40.46,21.397765697747
24-08-2016,43.23,21.6120109056838
25-08-2016,83.01,22.1509962901208
26-08-2016,117.24,22.0334238595852
29-08-2016,87.44,21.8404175127305
30-08-2016,46.48,21.5800699608262
31-08-2016,45.98,20.4004078817327
01-09-2016,38.52,20.7252090756061
02-09-2016,40.85,20.3220888485077
06-09-2016,30.28,20.5385637150627
07-09-2016,22.17,20.440813953232
08-09-2016,27.04,20.1799725961395
09-09-2016,35.65,20.1383497313222
12-09-2016,39.54,23.4854245096381
13-09-2016,67.65,23.269580730037
14-09-2016,28.87,24.338368175984
15-09-2016,30.61,24.3948954548878
16-09-2016,44.18,24.5090870571272
19-09-2016,74.44,24.2425492512287
20-09-2016,58.92,24.6628010239503
21-09-2016,31.41,24.1705980793973
22-09-2016,64.81,24.3825868367393
23-09-2016,60.71,24.2629963851726
26-09-2016,30.74,24.4662222575407
27-09-2016,56.95,23.6748430249659
28-09-2016,38.39,23.3599212891625
29-09-2016,51.81,23.6524724863377
30-09-2016,34.93,23.484041307788
03-10-2016,78.99,23.4125928328036
04-10-2016,48.13,22.591410198011
05-10-2016,65.03,22.3200124369913
06-10-2016,58.51,22.5085883928766
07-10-2016,57.08,22.3107100327946
10-10-2016,15.2,22.9811820333375
11-10-2016,54.57,22.8476833553841
12-10-2016,59.38,23.6778271955836
13-10-2016,50.64,23.4581345555668
14-10-2016,80.62,23.1634277831237
17-10-2016,115.14,23.0561641246071
18-10-2016,45.55,23.0664857912763
19-10-2016,61.32,23.0719371634036
20-10-2016,48.77,23.0859702081055
21-10-2016,34.08,22.8889760266883
24-10-2016,58.65,22.4435510782519
25-10-2016,114.51,22.4358190291696
26-10-2016,40.45,23.0374095101919
27-10-2016,85.31,22.9736194215604
28-10-2016,74.06,22.9350907182056
31-10-2016,95.82,22.9207298142553
01-11-2016,44.68,22.1504917041449
02-11-2016,60.79,22.483473171003
03-11-2016,63.05,22.6805405815597
04-11-2016,87.98,23.8283258907484
07-11-2016,74.75,23.7607190255595
08-11-2016,119.44,24.4583366510423
09-11-2016,246.03,24.3088545229696
10-11-2016,272.71,24.7583578378121
11-11-2016,140.42,25.451515722063
14-11-2016,263.29,24.76288507
15-11-2016,161.83,24.3693793954605
16-11-2016,135.29,23.5885146285424
17-11-2016,111,23.3108758136128
18-11-2016,176.29,23.0970701939196
21-11-2016,94.21,22.8603166958117
22-11-2016,102.35,23.1393162482842
23-11-2016,84.27,22.8078017800829
25-11-2016,90.3,22.3270663755527
28-11-2016,96.79,21.9356978888703
29-11-2016,56.24,21.761881544873
30-11-2016,63.67,21.2797591508168
01-12-2016,167.88,21.4038205171283
02-12-2016,144.2,21.2799641495618
05-12-2016,113.93,20.4503764509756
06-12-2016,158.64,20.2257995521136
07-12-2016,162,19.3787474084913
08-12-2016,125.48,19.8372506575382
09-12-2016,97.26,19.0470314686216
12-12-2016,99.45,18.9699771961551
13-12-2016,336.71,19.1095187186422
14-12-2016,53.87,18.7537706741531
15-12-2016,232.94,18.7768553760474
16-12-2016,53.13,18.1389005039293
19-12-2016,91.47,17.914139419751
20-12-2016,59.25,17.5732137341215
21-12-2016,37.37,17.4712029566837
22-12-2016,50.35,17.2467397252515
23-12-2016,35.7,16.8232912706933
27-12-2016,108.11,16.4879061624558
28-12-2016,161.59,15.9136879860313
29-12-2016,116.01,15.6069268359829
30-12-2016,141.16,15.4703799982735
03-01-2017,89.85,15.3987725817072
04-01-2017,101.99,15.0832480817301
05-01-2017,134.47,15.6103278875505
06-01-2017,96.97,15.5006738240343
09-01-2017,121.76,15.2625880872863
10-01-2017,121.9,14.6648081230143
11-01-2017,124.56,14.6598884356439
12-01-2017,113.32,14.6657484889903
13-01-2017,135.56,14.6015270120375
17-01-2017,160.96,14.8516303690203
18-01-2017,135.59,14.2311336036166
19-01-2017,95.56,14.3812130397998
20-01-2017,141.55,14.4814753217063
23-01-2017,154.77,15.014750342627
24-01-2017,136.15,15.0376649446497
25-01-2017,175.14,15.5043861283628
26-01-2017,89.25,15.7121617105618
27-01-2017,135.05,15.7568857403913
30-01-2017,115.06,15.7463454032912
31-01-2017,139.29,16.5609937925839
01-02-2017,158.28,16.4366195058522
02-02-2017,113.53,16.8462328434545
03-02-2017,131.28,16.6322657633644
06-02-2017,150.83,17.3730277139898
07-02-2017,121.82,17.6096791277171
08-02-2017,118.99,17.4632969928901
09-02-2017,74.34,17.3445549374747
10-02-2017,231.24,17.2005870352407
13-02-2017,77.85,17.6955604118398
14-02-2017,120.2,17.7210929380719
15-02-2017,130.16,17.6989622428664
16-02-2017,89.07,17.4575030055256
17-02-2017,143.29,17.1016695426127
21-02-2017,87.54,16.5497174016307
22-02-2017,226.71,16.8839783955702
23-02-2017,84.74,17.1053748315227
24-02-2017,99,16.549128104494
27-02-2017,117.37,16.772975130384
28-02-2017,114.25,16.6533768069935
01-03-2017,111.9,16.910241472709
02-03-2017,125.27,17.1762242147571
03-03-2017,88.91,17.1465704937219
06-03-2017,104.29,16.6424031879099
07-03-2017,71.17,16.5385029883754
08-03-2017,124.51,16.4795089162449
09-03-2017,95.37,16.6201260706355
10-03-2017,81.65,16.4297387203474
13-03-2017,56.5,15.9501221938822
14-03-2017,122.3,15.9920901468837
15-03-2017,159.48,16.4314577147624
16-03-2017,91.44,17.4034615073747
17-03-2017,152.01,17.135542559726
20-03-2017,161.69,17.0181826434958
21-03-2017,184.47,16.8243223333462
22-03-2017,65.8,19.4040138997775
23-03-2017,48.67,19.2608588375777
24-03-2017,106.37,18.7786628202007
27-03-2017,83.12,18.7654200730325
28-03-2017,89.73,18.5026181086765
29-03-2017,66.64,18.7990320505846
30-03-2017,91.55,18.7847531882884
31-03-2017,221.37,18.1721392416213
03-04-2017,115.76,18.2198900942667
04-04-2017,103.95,17.5821697828497
05-04-2017,75.28,17.0587656241166
06-04-2017,82.38,14.7504958588196
07-04-2017,67.93,14.8325351158218
10-04-2017,118.06,14.7428625357599
11-04-2017,41.86,15.0467969592539
12-04-2017,79.49,14.1533812630534
13-04-2017,59.73,13.8008788544338
17-04-2017,119.99,14.0523063685711
18-04-2017,71.39,13.9880815371176
19-04-2017,93.31,14.156446148611
20-04-2017,55.86,14.581632628866
21-04-2017,124.51,14.3767560824618
24-04-2017,144.04,14.0547355985501
25-04-2017,58.82,15.2635365702359
26-04-2017,70.4,15.631594099012
27-04-2017,63.06,15.3820695212097
28-04-2017,62.79,14.9124113939192
01-05-2017,97.49,14.6472911750257
02-05-2017,89.58,14.6615435107324
03-05-2017,86.79,14.6527402167283
04-05-2017,184.47,14.5651413502892
05-05-2017,72.21,16.6267770970933
08-05-2017,113.15,17.1364025851706
09-05-2017,84.95,17.023667730264
10-05-2017,67.32,16.8130800980608
11-05-2017,49.78,16.7927294128447
12-05-2017,129.4,16.2779768123842
15-05-2017,169.44,16.1416530165039
16-05-2017,118,16.6478641407318
17-05-2017,62.79,16.3773438339219
18-05-2017,89.48,18.7801246133858
19-05-2017,87.23,15.3334839630825
22-05-2017,83.62,15.6938248699516
23-05-2017,64.98,15.5451754315685
24-05-2017,76.1,15.4148581026189
25-05-2017,51.65,15.3063598820984
26-05-2017,62.91,14.8645191705926
30-05-2017,45.36,15.1727862583235
31-05-2017,168.16,15.1184546817358
01-06-2017,100.04,14.924210100533
02-06-2017,61.36,14.9339877622607
05-06-2017,274.58,14.3698361473584
06-06-2017,85.3,14.7656559092152
07-06-2017,46.07,14.6291450093907
08-06-2017,33.16,14.6230918990149
09-06-2017,65.8,14.7324740952781
12-06-2017,98.63,14.4277404355408
13-06-2017,144.57,14.2102472551513
14-06-2017,48.72,14.3440591259849
15-06-2017,67.05,13.5126554815036
16-06-2017,80.07,13.8835953777825
19-06-2017,75.3,13.7086785847602
20-06-2017,93.24,13.7799646860523
21-06-2017,90.96,14.8603361494032
22-06-2017,93.79,15.1589606047216
23-06-2017,135.04,15.1642917711297
26-06-2017,44.92,15.6193831769611
27-06-2017,93.1,15.5946203769492
28-06-2017,95.31,15.4524992594264
29-06-2017,65.45,15.8761998661574
30-06-2017,111.89,16.3291752168937
03-07-2017,101.66,16.4765609791285
05-07-2017,57.04,16.350316308502
06-07-2017,76.45,17.0679640638019
07-07-2017,160.41,16.843205862624
10-07-2017,92.94,16.8741320077913
11-07-2017,85.23,15.8888150269616
12-07-2017,70.04,15.6272493470623
13-07-2017,73.54,16.4017901462014
14-07-2017,90.61,16.0784414736525
17-07-2017,92.6,15.7574628627499
18-07-2017,88.82,15.6494887841022
19-07-2017,51.42,15.6629000716932
20-07-2017,100.4,16.1764905825909
21-07-2017,73.36,16.0864393075214
24-07-2017,305.98,15.3875269670684
25-07-2017,162.68,15.4185862223596
26-07-2017,80.27,15.2817506384047
27-07-2017,40.48,15.141481258094
28-07-2017,45.32,15.3788365589769
31-07-2017,80.96,15.349045634636
01-08-2017,70.77,15.2941858380279
02-08-2017,57.38,15.5700865970626
03-08-2017,61,15.6600994931538
04-08-2017,63.9,15.7551417693691
07-08-2017,96.65,15.4996571125363
08-08-2017,56.87,15.7671696403272
09-08-2017,62.08,16.0609251573862
10-08-2017,66.59,15.8670554646722
11-08-2017,41.93,17.772876958873
14-08-2017,88.94,17.6185018544596
15-08-2017,86.83,17.6879635148596
16-08-2017,47.71,17.6117940270434
17-08-2017,56.82,17.4078784984922
18-08-2017,60.34,18.1270737601503
21-08-2017,60.63,18.604732799627
22-08-2017,74.28,18.9239506924537
23-08-2017,69.07,19.2186452924128
24-08-2017,42.9,18.855645402642
25-08-2017,72.15,18.2280385898099
28-08-2017,80.49,17.6768098389297
29-08-2017,81.46,17.6083864581024
30-08-2017,42.02,17.5721389890845
31-08-2017,43.34,17.4533475340965
01-09-2017,57.53,17.9507933236239
05-09-2017,142.33,18.0482390999923
06-09-2017,198.18,18.342075999786
07-09-2017,88.44,17.9511534536709
08-09-2017,68.98,18.1411367804233
11-09-2017,94.13,18.1703112625526
12-09-2017,59.02,19.1241434959629
13-09-2017,71.31,19.0268047839985
14-09-2017,120.33,19.2477151023968
15-09-2017,72.36,18.0053305688223
18-09-2017,68.55,17.9843260400932
19-09-2017,58.25,17.9402477098964
20-09-2017,52.37,18.0453108597694
21-09-2017,55.35,17.462927481035
22-09-2017,63.09,17.5349427580365
25-09-2017,105.42,16.5627031284003
26-09-2017,58.14,17.5740402862182
27-09-2017,63.54,17.7914882742918
28-09-2017,103.05,17.6961812454468
29-09-2017,107.61,18.7730998194463
02-10-2017,75.31,17.8724043420191
03-10-2017,52.47,17.3188615756907
04-10-2017,48.06,17.1546332906275
05-10-2017,40.99,16.8719654297701
06-10-2017,85.68,16.6682114694649
09-10-2017,42.94,16.0416531727823
10-10-2017,74.46,15.8767752635126
11-10-2017,60.44,16.7505061639204
12-10-2017,37.61,16.3460647661435
13-10-2017,63.88,16.1597797624621
16-10-2017,98.42,16.0116137657613
17-10-2017,49.38,15.7101203769378
18-10-2017,100.11,15.7348107821639
19-10-2017,82.48,15.7420528563564
20-10-2017,62.32,15.8544881218874
23-10-2017,136.2,15.7437128621314
24-10-2017,37.25,15.8707273706518
25-10-2017,60.11,15.42917672
26-10-2017,114.37,16.2187360824114
27-10-2017,87.39,16.4526878402186
30-10-2017,64.62,17.7090007054341
31-10-2017,50.39,17.202406632018
01-11-2017,66.7,16.4546523837884
02-11-2017,85.31,16.3539321513569
03-11-2017,103.89,15.9886918913715
06-11-2017,92.35,16.1414013955026
07-11-2017,100.93,16.0342600347661
08-11-2017,67.48,16.0074749651891
09-11-2017,65.11,14.4226746022992
10-11-2017,56.77,13.5077558500301
13-11-2017,134.97,13.3083923393133
14-11-2017,107.88,13.1424545336548
15-11-2017,58.1,13.6393240639126
16-11-2017,83.79,14.0229538518153
17-11-2017,98.62,14.2298872729037
20-11-2017,79.5,14.3924352620605
21-11-2017,199.49,14.1281448805243
22-11-2017,52.93,14.1876730702075
24-11-2017,34.88,14.0128131466356
27-11-2017,31.11,14.2531298399718
28-11-2017,206.63,14.4347945569383
29-11-2017,103.98,14.505593209597
30-11-2017,101.48,14.4774870358714
01-12-2017,86.95,14.0459049310564
04-12-2017,101.07,13.8882782836097
05-12-2017,95.44,14.2579610016961
06-12-2017,57.79,14.1743652858101
07-12-2017,40.69,13.9944043642055
08-12-2017,63.52,14.3298730985501
11-12-2017,81.46,13.8790058696614
12-12-2017,66.43,14.0110036831372
13-12-2017,52.01,14.4423735837982
14-12-2017,32.59,13.5995935232596
15-12-2017,104.84,13.0546976596748
18-12-2017,94.77,12.8147969768086
19-12-2017,82.4,13.4407075826408
20-12-2017,57.2,13.4872792883068
21-12-2017,92.94,13.678405793386
22-12-2017,72.69,13.4536447179161
26-12-2017,106.31,13.1575506691013
27-12-2017,58.44,13.016411418598
28-12-2017,63.24,13.4632167922394
29-12-2017,146.43,13.3198386121327
02-01-2018,111.2,13.3414572301944
03-01-2018,52.45,15.0270766861206
04-01-2018,243.48,14.4481704455317
05-01-2018,108.68,14.2247927248248
08-01-2018,77.28,13.8652816036884
09-01-2018,157.58,13.7773424025803
10-01-2018,89.18,13.6483422261613
11-01-2018,111.72,14.0468737385575
12-01-2018,107.69,14.3792539897723
16-01-2018,61.57,14.2453496672595
17-01-2018,61.83,12.8416553464444
18-01-2018,115.86,13.0503387207729
19-01-2018,88.34,12.8783752709472
22-01-2018,110.72,12.8463896644305
23-01-2018,74.52,12.7370964305151
24-01-2018,93.27,12.6022306388192
25-01-2018,77.97,11.8381978757022
26-01-2018,110,12.1744075860844
29-01-2018,85.23,11.7769072484877
30-01-2018,68.45,10.1207911650263
31-01-2018,71.84,11.5181601947087
01-02-2018,49.78,11.3399044329762
02-02-2018,61.2,11.0379162974078
05-02-2018,145.79,12.8433387857428
06-02-2018,92.59,15.32300623
07-02-2018,58.29,15.082030133341
08-02-2018,89.29,14.8307395147528
09-02-2018,82.68,16.5006316297399
12-02-2018,80.89,15.6503051660308
13-02-2018,104.55,15.7192175052918
14-02-2018,107.01,15.6052520752692
15-02-2018,88.63,16.5583253138899
16-02-2018,80.52,16.9657829813315
20-02-2018,80.15,16.8844961097806
21-02-2018,95.81,16.5280279765413
22-02-2018,50.25,16.041554320168
23-02-2018,55.72,15.7360425920255
26-02-2018,68.6,15.4786855791184
27-02-2018,52.64,15.3530267429807
28-02-2018,46.68,15.9476865472397
01-03-2018,69.3,16.1374912362531
02-03-2018,39.63,16.6822713500104
05-03-2018,148.37,16.5274559205508
06-03-2018,133.87,16.459671974346
07-03-2018,87.33,16.0077146563393
08-03-2018,57,16.4744356714018
09-03-2018,132.57,16.3707781915871
12-03-2018,107.4,18.0596696710832
13-03-2018,54.85,18.1175293289549
14-03-2018,79.61,18.6007932516333
15-03-2018,43.98,18.1560941249858
16-03-2018,110.96,17.9184470283804
19-03-2018,74.64,17.2887504352667
20-03-2018,79.32,17.0885001987272
21-03-2018,55.83,16.9159339668592
22-03-2018,57.36,16.9574052342642
23-03-2018,66.64,17.8033787140764
26-03-2018,89.77,17.3291052351489
27-03-2018,22.48,18.1880951565159
28-03-2018,26.48,19.2014492802531
29-03-2018,16.75,19.4483068053047
02-04-2018,167.71,19.5256662973457
03-04-2018,88.73,20.5300637595966
04-04-2018,52.9,20.358855442084
05-04-2018,109.08,19.9982284165208
06-04-2018,70.62,19.861958689549
09-04-2018,275.14,20.1707409197061
10-04-2018,56.17,19.2516033021602
11-04-2018,79.88,19.5823586903425
12-04-2018,190.11,19.5183126588347
13-04-2018,141.34,19.6353234580365
16-04-2018,65.26,19.4157679
17-04-2018,65.55,18.8806035915221
18-04-2018,71.44,19.7904014890526
19-04-2018,46.61,19.1696712499804
20-04-2018,47.54,19.3522861223569
23-04-2018,66.91,19.5433832888726
24-04-2018,35.09,19.4162625881639
25-04-2018,108.69,17.9830799798392
26-04-2018,68.42,17.617514193355
27-04-2018,25.82,17.9074147399629
30-04-2018,86.67,17.6921726862954
01-05-2018,101.87,17.684470664986
02-05-2018,95.92,17.4765731547898
03-05-2018,57.16,17.2492842417259
04-05-2018,38.51,16.5757588910557
07-05-2018,96.74,16.3578468239879
08-05-2018,100.02,16.2704282374273
09-05-2018,62.2,15.6909927847343
10-05-2018,74.02,16.0113167539715
11-05-2018,78.27,16.4295027110173
14-05-2018,127.21,15.8309713578553
15-05-2018,42.73,15.4368691067777
16-05-2018,50.06,15.545124588984
17-05-2018,74.49,15.479656218949
18-05-2018,129.32,15.0733805520422
21-05-2018,87.84,14.85847827
22-05-2018,92.17,15.3093626783948
23-05-2018,171.23,14.7505263359984
24-05-2018,48.9,14.5960111903242
25-05-2018,102.1,14.3778477199033
29-05-2018,50.44,15.2926451030716
30-05-2018,135.21,15.0675629143366
31-05-2018,77.32,15.108236555761
01-06-2018,109.62,15.1326060044911
04-06-2018,80.79,15.0601698620583
05-06-2018,36.31,14.72945437
06-06-2018,37.98,14.5654690550705
07-06-2018,55.99,14.3569868201756
08-06-2018,112.51,14.1247423967354
11-06-2018,138.36,14.035645919418
12-06-2018,235.59,13.9200257603666
13-06-2018,137.07,13.1576424823282
14-06-2018,96.72,13.1282835075177
15-06-2018,68.71,13.4650322674487
18-06-2018,79.32,14.1550673589655
19-06-2018,165.86,13.9711801873861
20-06-2018,222.05,14.0693971420643
21-06-2018,71.67,14.1522938297316
22-06-2018,80.35,14.5648644897501
25-06-2018,63.53,15.1529670822117
26-06-2018,218.91,15.0972649377053
27-06-2018,39.58,15.4340379426461
28-06-2018,89.28,16.2300343997749
29-06-2018,54.02,16.0622147241762
02-07-2018,80.26,16.1120189907714
03-07-2018,119.73,15.936324047044
05-07-2018,80.07,15.9158096720923
06-07-2018,184.49,16.120562092683
09-07-2018,110.48,15.9886566727711
10-07-2018,81.98,14.9792492515837
11-07-2018,40.76,14.660866578307
12-07-2018,84.92,14.5510933670759
13-07-2018,74.75,14.788224590877
16-07-2018,89.31,14.5815393997613
17-07-2018,58.55,14.635900764558
18-07-2018,75.12,14.6267104758423
19-07-2018,55.33,14.921401825362
20-07-2018,132.11,14.0822734723415
23-07-2018,78.59,13.2585647542129
24-07-2018,77.37,13.4837885058093
25-07-2018,57.92,13.3270352019373
26-07-2018,104.65,13.3426083263234
27-07-2018,61.47,12.9709319792291
30-07-2018,153.38,12.8513284012815
31-07-2018,91.35,12.7426986273275
01-08-2018,57.71,12.9173449963274
02-08-2018,117.93,12.8325367055594
03-08-2018,87.73,12.9440288553468
06-08-2018,112.91,12.7244540411895
07-08-2018,72.24,12.3094905446432
08-08-2018,56.98,12.2121449381821
09-08-2018,69.96,12.2680283015438
10-08-2018,76.97,13.6628646962361
13-08-2018,88.52,13.7186583193288
14-08-2018,55.18,13.7642173943045
15-08-2018,20.08,13.5989149759206
16-08-2018,30.89,14.5438173014286
17-08-2018,62.36,14.2389536226067
20-08-2018,45.18,14.4024279724222
21-08-2018,81.92,14.4828085031141
22-08-2018,38.52,14.2647630736349
23-08-2018,89.75,13.9456147605446
24-08-2018,80.33,13.8032711420889
27-08-2018,108.44,13.6060368544142
28-08-2018,165.65,14.0611609031604
29-08-2018,92.96,14.045256012587
30-08-2018,90.46,14.2388107426301
31-08-2018,121.46,14.1495609633963
04-09-2018,74.36,13.6710007199894
05-09-2018,37.66,13.367530550379
06-09-2018,68.5,13.297851118995
07-09-2018,67.9,13.1872384019524
10-09-2018,47.25,12.7618637309487
11-09-2018,49.37,12.7752889953685
12-09-2018,40.31,11.9095689298738
13-09-2018,29.73,11.5879698202941
14-09-2018,36.1,11.5621617814132
17-09-2018,100.71,11.2960054103133
18-09-2018,71.72,10.9603685116081
19-09-2018,74.06,11.1216235463465
20-09-2018,54.24,11.2250636011124
21-09-2018,88.17,11.4363900222124
24-09-2018,89.13,11.2969718559965
25-09-2018,55.65,11.5538574839727
26-09-2018,37.16,12.1364211363667
27-09-2018,22.95,11.9490986780763
28-09-2018,52.38,12.0188931330119
01-10-2018,166.69,12.4364406849188
02-10-2018,130.93,12.3044244775123
03-10-2018,107.49,12.2307570888257
04-10-2018,119.36,11.6795892639836
05-10-2018,66.64,13.5919629060406
08-10-2018,112.49,12.4901106135474
09-10-2018,31.39,11.1625680928021
10-10-2018,58.99,11.3705792715265
11-10-2018,68.38,14.4541420207039
12-10-2018,103.11,15.5662457872113
15-10-2018,85.8,15.4789686392059
16-10-2018,109.71,15.480971437673
17-10-2018,77.94,16.6596622172522
18-10-2018,100.13,16.4234488756171
19-10-2018,70.3,16.3625081688399
22-10-2018,89.49,16.1692907042649
23-10-2018,52.04,16.1696443266421
24-10-2018,73.6,14.8068503306231
25-10-2018,89.53,16.7359441534601
26-10-2018,65.53,16.2532249460521
29-10-2018,64.23,15.5160696326469
30-10-2018,51.28,15.4009035526784
31-10-2018,79.07,14.8513938303508
01-11-2018,84.17,14.7226299263139
02-11-2018,82.99,15.1145081763906
05-11-2018,90.47,15.0611308461934
06-11-2018,148.95,14.07507551
07-11-2018,61.17,13.1885762942999
08-11-2018,51.63,12.4629199053625
09-11-2018,41.01,12.3185596668141
12-11-2018,42.33,12.7096829702003
13-11-2018,64.87,13.0228293795488
14-11-2018,53.94,12.7902446488071
15-11-2018,55.04,12.6108785254821
16-11-2018,30.47,12.3541655191541
19-11-2018,10.92,12.4208561307759
20-11-2018,29.26,12.690874191048
21-11-2018,46.86,13.3314028693864
23-11-2018,24.17,13.2823177127164
26-11-2018,168.44,13.9182754184044
27-11-2018,93.08,13.4096502648643
28-11-2018,100.92,13.3679061585736
29-11-2018,183.21,13.6646664981036
30-11-2018,136.43,13.2234433954465
03-12-2018,158.49,13.1898548405496
04-12-2018,109.29,14.0209173928002
05-12-2018,83.26,15.175423022489
06-12-2018,110.19,15.160088041239
07-12-2018,101.45,15.9381388266608
10-12-2018,71.08,15.8726256025132
11-12-2018,88.44,15.7280100911038
12-12-2018,57.97,15.6816715985905
13-12-2018,121.67,15.6956931645368
14-12-2018,86.56,15.5337792728946
17-12-2018,101.75,16.0906059534953
18-12-2018,103.24,16.8973259107055
19-12-2018,114.17,17.5964072995729
20-12-2018,79.38,16.9541827627856
21-12-2018,144.91,18.1195632857838
24-12-2018,141.79,18.309458849539
26-12-2018,198.19,18.9080183412479
27-12-2018,161.1,21.845207615882
28-12-2018,156.65,21.6367107373135
31-12-2018,149.82,21.3826478299127
02-01-2019,146.97,21.0142476024285
03-01-2019,212.58,21.0552520798491
04-01-2019,153.15,21.103977001493
07-01-2019,148.61,22.9496445556582
08-01-2019,259.25,22.8554206694256
09-01-2019,120.42,22.1824821206721
10-01-2019,148.84,22.6872535771547
11-01-2019,170.68,22.5038731792703
14-01-2019,223.58,22.4468940177897
15-01-2019,104.39,22.2595249766867
16-01-2019,173.46,22.1658641383877
17-01-2019,168.92,21.5749951588126
18-01-2019,154.17,21.7278527034743
22-01-2019,107.95,21.5492425100523
23-01-2019,88.26,22.5992751299478
24-01-2019,106.06,22.4203705251332
25-01-2019,105.17,23.2108432141523
28-01-2019,73.71,22.6613911993985
29-01-2019,62.53,22.036043210004
30-01-2019,123.71,22.1219328876953
31-01-2019,126.24,22.0745601278535
01-02-2019,95.81,21.2491468286695
04-02-2019,216.31,20.9312213389665
05-02-2019,87.75,20.7973291696897
06-02-2019,145.25,19.9564809446294
07-02-2019,93.79,18.8382115856505
08-02-2019,76.81,19.3436364416263
11-02-2019,59.53,19.413663337794
12-02-2019,45.91,19.1131420198288
13-02-2019,93.01,19.1096052163205
14-02-2019,35.99,18.9199480216999
15-02-2019,55.54,18.6940899791293
19-02-2019,79.79,17.6982842652535
20-02-2019,65.36,18.2633207789267
21-02-2019,87.44,18.0880464664613
22-02-2019,115.34,17.7223116638078
25-02-2019,84.03,18.2909646778408
26-02-2019,68.54,18.4066554545349
27-02-2019,128.81,18.0878813114458
28-02-2019,125.24,18.1693669084281
01-03-2019,110.76,17.3283590813009
04-03-2019,71.01,17.3225636645771
05-03-2019,138.38,16.9635470562625
06-03-2019,78.64,16.9978222620481
07-03-2019,138.86,18.8327393333452
08-03-2019,81.81,18.9970125765925
11-03-2019,161.35,18.7518665151627
12-03-2019,93.23,20.5763142456562
13-03-2019,81.38,20.4024418837801
14-03-2019,56.33,20.3621102558953
15-03-2019,66.48,20.0450642017708
18-03-2019,77.23,19.2572501400741
19-03-2019,82.83,18.9043841655681
20-03-2019,75.89,18.8249367664842
21-03-2019,91.17,18.5311539755691
22-03-2019,83.99,17.5383297368009
25-03-2019,69.27,20.3048634376227
26-03-2019,78.28,20.5263407925485
27-03-2019,92.66,20.2119355261231
28-03-2019,53.74,20.2623454278755
29-03-2019,91.25,20.1358671664781
01-04-2019,117.34,20.0837896449217
02-04-2019,130.56,20.2684367760921
03-04-2019,81.95,20.1604689926299
04-04-2019,82.78,20.3114801183001
05-04-2019,50.15,20.293457885222
08-04-2019,58.07,21.086914530254
09-04-2019,60.19,20.9385145406964
10-04-2019,71.78,21.2959079598161
11-04-2019,54.57,21.3863422327978
12-04-2019,75.79,20.9200616808259
15-04-2019,76.25,20.0417113408972
16-04-2019,58.1,19.7171404349376
17-04-2019,63.24,19.6702686295981
18-04-2019,56.96,19.12860263
22-04-2019,78.68,18.6807034240329
23-04-2019,56.96,18.428687016707
24-04-2019,60.14,18.7677212330327
25-04-2019,76.31,18.124337606807
26-04-2019,67.89,18.5945954370258
29-04-2019,97.53,18.1918406373581
30-04-2019,75.34,17.7877289250856
01-05-2019,112.75,17.4631002765637
02-05-2019,30.2,17.5371338347879
03-05-2019,57.65,17.3813375567999
06-05-2019,93.78,17.3349491147647
07-05-2019,111.09,17.7769515930347
08-05-2019,101.81,16.5116366213612
09-05-2019,67.46,15.9515018914563
10-05-2019,108.12,16.5087935759076
13-05-2019,94.65,16.805362084914
14-05-2019,126.65,19.0822247946681
15-05-2019,132.3,19.0211713848998
16-05-2019,94.72,18.7287698206639
17-05-2019,117.89,18.666459138017
20-05-2019,95.08,17.7777435794149
21-05-2019,73.8,16.6677978955611
22-05-2019,69.8,17.4070974732176
23-05-2019,71.04,16.6476262542189
24-05-2019,144.24,18.3209030994529
28-05-2019,69.48,17.9521886211359
29-05-2019,55.62,17.6290810874264
30-05-2019,50.84,17.50289477
31-05-2019,94.35,17.0559714543367
03-06-2019,72.86,16.847448838934
04-06-2019,120.06,16.9795881799701
05-06-2019,217.51,17.8386382328116
06-06-2019,137.43,17.6527186466124
07-06-2019,242.25,17.5336792821249
10-06-2019,162.1,17.6807048369482
11-06-2019,130.24,17.8327284951812
12-06-2019,116.03,17.2531434951701
13-06-2019,143.87,17.3671066374216
14-06-2019,145.07,17.6721933181921
17-06-2019,82.16,17.6274567239907
18-06-2019,146.35,18.2213399271432
19-06-2019,77.89,18.6563562526227
20-06-2019,116.67,18.5238758327268
21-06-2019,178.92,19.6410229714735
24-06-2019,92.75,19.3471385159877
25-06-2019,74.19,19.0537680280107
26-06-2019,142.51,18.8220342223424
27-06-2019,64.08,18.7845920585622
28-06-2019,129.48,18.7838697160148
01-07-2019,174.62,18.6728369274832
02-07-2019,144.12,18.8565044309886
03-07-2019,126.27,19.1723773481174
05-07-2019,72.83,18.9684632
08-07-2019,72.06,17.800050648503
09-07-2019,40.14,17.7204415290868
10-07-2019,45.62,17.5979120169159
11-07-2019,103.84,18.3239662114175
12-07-2019,72.49,17.8017112491062
15-07-2019,72.19,17.7125101951409
16-07-2019,53.41,17.3690188385201
17-07-2019,77.06,17.6453762398444
18-07-2019,61.63,17.3778788033313
19-07-2019,61.84,16.787028172643
22-07-2019,75.32,16.6901321557785
23-07-2019,114.24,15.7250579077125
24-07-2019,79.72,15.4643499823334
25-07-2019,40.68,16.0009746762061
26-07-2019,116.11,16.2149151840784
29-07-2019,86.97,16.0611893975103
30-07-2019,139.24,15.7206779593564
31-07-2019,103.01,15.143012740079
01-08-2019,150.2,15.2542627981005
02-08-2019,117.41,15.5936989828014
05-08-2019,83.03,15.3593937942094
06-08-2019,84.05,18.7491840789201
07-08-2019,92.22,18.7964919324647
08-08-2019,93.48,19.266435457091
09-08-2019,92.35,20.5543706205071
12-08-2019,109.59,20.8205549412818
13-08-2019,70.1,20.8564921684107
14-08-2019,133.71,19.9768910509547
15-08-2019,144.25,21.6985558837402
16-08-2019,105.71,21.080156055081
19-08-2019,144.84,21.2623016060698
20-08-2019,229.29,21.3757760592766
21-08-2019,278.29,21.3426205330707
22-08-2019,186.06,21.2222289416963
23-08-2019,268.83,21.1540344384792
26-08-2019,267.98,21.8506667314556
27-08-2019,173.5,21.491168143729
28-08-2019,132.75,21.2181436654322
29-08-2019,100.25,21.2991651972529
30-08-2019,116.43,21.5458315395057
03-09-2019,95.61,21.3932478398714
04-09-2019,92.02,21.7486866788751
05-09-2019,106.57,22.7450658789481
06-09-2019,130.51,22.4719305958954
09-09-2019,65.84,22.0361004263382
10-09-2019,64.63,21.5739698462614
11-09-2019,58.52,21.2683863712602
12-09-2019,100.33,21.8789115797929
13-09-2019,103.12,20.6792088642666
16-09-2019,67.24,20.2736811452131
17-09-2019,79.18,20.5814829015294
18-09-2019,72.64,20.4886649422924
19-09-2019,184.82,20.3099638045416
20-09-2019,98.34,19.6975639959253
23-09-2019,134.52,19.4614996201974
24-09-2019,120.81,18.9032540911092
25-09-2019,144.83,18.861502935892
26-09-2019,60.07,18.8136703897589
27-09-2019,101.26,18.5140919095546
30-09-2019,113,19.1987187549658
01-10-2019,65.08,19.2283982513511
02-10-2019,92.82,19.3478688697445
03-10-2019,46.59,20.0259969687952
04-10-2019,105.75,19.7362043369936
07-10-2019,137.56,21.3055412497998
08-10-2019,165.35,20.9973067583458
09-10-2019,62.58,21.1144351526833
10-10-2019,119.93,21.3953685897735
11-10-2019,95.08,21.4737722404377
14-10-2019,108.55,22.0995688575566
15-10-2019,68.05,21.2924113046464
16-10-2019,114.65,21.1227956953962
17-10-2019,156.8,19.7553010776694
18-10-2019,64.05,20.0571516930289
21-10-2019,57.74,19.2707718410069
22-10-2019,42.25,20.0122436812609
23-10-2019,80.02,19.0313604028398
24-10-2019,56.27,19.1929448748856
25-10-2019,67.88,17.5468551156193
28-10-2019,28.94,17.2512310752091
29-10-2019,134.13,17.1537384750083
30-10-2019,111.12,16.8643600913965
31-10-2019,133.29,16.5112818515261
01-11-2019,35.14,17.0540857972946
04-11-2019,75.66,17.9767317608635
05-11-2019,129.4,17.196504473513
06-11-2019,48.77,16.5998498713049
07-11-2019,67.84,16.4230470647712
08-11-2019,127.43,16.0387296584609
11-11-2019,101.72,15.8644042588414
12-11-2019,89.57,15.7063697303086
13-11-2019,106.88,14.6500918898079
14-11-2019,53.75,14.8696241352306
15-11-2019,56.77,14.4885092067477
18-11-2019,19.85,15.0755183117756
19-11-2019,33.14,14.522239937491
20-11-2019,46.27,15.6952854419311
21-11-2019,65.17,15.4393320582966
22-11-2019,83.86,15.3326992126343
25-11-2019,41.17,14.6630411504337
26-11-2019,37.49,15.2013943055049
27-11-2019,37.18,14.6517318446379
29-11-2019,122.19,14.6819816419562
02-12-2019,86.08,14.2778846056215
03-12-2019,69.28,14.1852260342435
04-12-2019,64.18,14.035544903231
05-12-2019,36.86,14.680138314215
06-12-2019,134.85,14.7238779050057
09-12-2019,130.15,14.8194287469686
10-12-2019,189.13,14.9330445754442
11-12-2019,111.83,14.8909757037743
12-12-2019,99.79,15.3711335144893
13-12-2019,164.4,15.923236496959
16-12-2019,79.66,15.8673048454812
17-12-2019,140.79,16.8868766333691
18-12-2019,89.87,16.8130671834619
19-12-2019,70.52,16.4627431377477
20-12-2019,141.48,16.2186536909682
23-12-2019,110.91,16.3502583294193
24-12-2019,97.08,15.8039247549644
26-12-2019,106.92,15.838336185041
27-12-2019,127.92,15.8810062802652
30-12-2019,101.31,15.7979395361798
31-12-2019,105.75,15.6290836859961
02-01-2020,139.13,15.3616253707829
03-01-2020,108.1,16.4833626594637
06-01-2020,147.96,16.8503946010437
07-01-2020,103.98,15.4997022968271
08-01-2020,91.15,15.2823772245846
09-01-2020,71.92,15.3928449257036
10-01-2020,74.58,15.3642246368973
13-01-2020,124.82,14.4555682569711
14-01-2020,109.27,15.2934235966513
15-01-2020,98.77,15.5356932405234
16-01-2020,88.05,14.8193259027806
17-01-2020,77.76,15.8290120551714
21-01-2020,87.56,15.6063047636749
22-01-2020,77.19,15.149310755008
23-01-2020,70.67,13.8531889367545
24-01-2020,48.48,13.6422064955621
27-01-2020,22.25,13.2137329311465
28-01-2020,94.68,16.9037888002291
29-01-2020,88.62,17.4714663249803
30-01-2020,142.05,17.334637709526
31-01-2020,122.2,17.0373545333972
03-02-2020,124.15,18.2667503383743
04-02-2020,111.96,18.5106436380749
05-02-2020,84.94,19.7720778837007
06-02-2020,81.75,19.7913229033127
07-02-2020,130.27,19.7067033673853
10-02-2020,111.39,20.2373664354452
11-02-2020,152.71,20.1663292153023
12-02-2020,79.26,20.7638257704232
13-02-2020,82.23,20.9098049234882
14-02-2020,71.98,20.7593428698777
18-02-2020,77.38,20.6642097339159
19-02-2020,56.47,20.3663171110387
20-02-2020,103.7,21.8698618495368
21-02-2020,106.59,21.1289702971709
24-02-2020,88.73,20.8520444337656
25-02-2020,147.84,23.5304067244427
26-02-2020,97.49,24.5942933797158
27-02-2020,106.55,22.2539430129677
28-02-2020,172.45,24.3637641073085
02-03-2020,153.53,23.6734039060206
03-03-2020,132.55,25.2629644646011
04-03-2020,197.2,24.8939916488585
05-03-2020,118.02,24.9308687142792
06-03-2020,132.5,24.8639084415992
09-03-2020,276.24,25.9300802704072
10-03-2020,296.12,33.1278801307936
11-03-2020,234.73,33.5009435189341
12-03-2020,187.08,34.3973608880012
13-03-2020,330.85,36.2379869596939
16-03-2020,323.71,36.496104710868
17-03-2020,378.92,37.6121172929224
18-03-2020,455.45,37.1967567315068
19-03-2020,514.67,38.4435131979311
20-03-2020,633.51,37.9576981706009
23-03-2020,572.94,36.9834333450412
24-03-2020,596.78,36.3722471312157
25-03-2020,449.86,37.1982192179942
26-03-2020,670.3,36.5189178032313
27-03-2020,557.18,35.781075397991
30-03-2020,361.46,36.0772202684299
31-03-2020,516.55,35.7921180811006
01-04-2020,474.81,35.4501393641068
02-04-2020,738.02,35.6121845200275
03-04-2020,540.5,35.3576468380006
06-04-2020,605.38,34.9960476875485
07-04-2020,468.08,35.1500631733429
08-04-2020,524.13,34.8227560771365
09-04-2020,417.54,34.0557934285246
13-04-2020,638.81,33.4643311020837
14-04-2020,441.32,33.1956538626763
15-04-2020,455.68,32.7266112785873
16-04-2020,505.52,32.7925724316285
17-04-2020,573.7,32.4576116151009
20-04-2020,618.66,32.4322005989992
21-04-2020,599.13,30.4159350720245
22-04-2020,511.42,30.7126721330599
23-04-2020,505.54,30.9101075972484
24-04-2020,562.5,30.6935620836375
27-04-2020,642.66,30.1049559528758
28-04-2020,479.89,29.8412968968293
29-04-2020,439.11,29.5715509795409
30-04-2020,440.07,30.1615919922413
01-05-2020,516.72,30.3877722630606
04-05-2020,449.38,30.5708672650934
05-05-2020,807.66,30.2607771242697
06-05-2020,498.71,30.3790424088399
07-05-2020,504.24,29.3874729959699
08-05-2020,488.53,29.0686746370395
11-05-2020,527.36,29.3024953421266
12-05-2020,442.15,27.9504965960424
13-05-2020,553.21,27.7647402671112
14-05-2020,508.02,27.8466560914286
15-05-2020,374.22,27.1160426261358
18-05-2020,511.62,26.3596603516395
19-05-2020,363.66,28.3236566045042
20-05-2020,420.68,27.9722328896462
21-05-2020,361.11,28.2007701242419
22-05-2020,418.96,27.8128504385979
26-05-2020,389.21,27.5401381555589
27-05-2020,355.1,28.3277498484282
28-05-2020,421.99,27.9165684930206
29-05-2020,426.28,27.2526070373519
01-06-2020,226.8,27.0805043763175
02-06-2020,257.49,26.7373413286288
03-06-2020,287.17,26.2559372266757
04-06-2020,231.24,26.9056473667229
05-06-2020,235.07,26.3987502301129
08-06-2020,318.64,27.0067163689384
09-06-2020,191.32,26.8733040139821
10-06-2020,237.88,26.7312987294621
11-06-2020,317.86,25.4599120245508
12-06-2020,293.12,29.0621321781892
15-06-2020,300.34,28.4413103166562
16-06-2020,319.69,28.2017556864063
17-06-2020,348.4,28.0834469540423
18-06-2020,322.96,27.9254306874454
19-06-2020,450.64,27.7180284940144
22-06-2020,259.55,27.1313833510487
23-06-2020,309.15,26.6822915132532
24-06-2020,224.4,26.4056282201451
25-06-2020,225.72,27.3941736440101
26-06-2020,260.33,27.1242675729471
29-06-2020,301.58,27.7664983308074
30-06-2020,292.37,28.8712503811653
01-07-2020,329.62,28.4777521758279
02-07-2020,249.7,27.9289983834216
06-07-2020,389.2,27.7296304005557
07-07-2020,278.61,27.1227344786091
08-07-2020,319.33,26.7675133818467
09-07-2020,267.49,27.0901136738272
10-07-2020,259.27,26.9553391355675
13-07-2020,212.54,26.857599230665
14-07-2020,308.28,26.6396728666972
15-07-2020,352.74,25.9870515011515
16-07-2020,313.71,26.1933010312187
17-07-2020,555.06,26.1201793245513
20-07-2020,430.14,25.9190689967309
21-07-2020,423.52,24.0513244695979
22-07-2020,297.02,24.0463655940279
23-07-2020,282.1,23.793832094137
24-07-2020,290.25,23.6387590670742
27-07-2020,521.96,23.9881623601622
28-07-2020,315.73,23.5741524637099
29-07-2020,370.27,23.5993770470836
30-07-2020,307.77,23.419829924002
31-07-2020,384.08,22.9648955560892
03-08-2020,271.04,22.7588917227851
04-08-2020,391.33,22.4148447726546
05-08-2020,253.99,21.242702095196
06-08-2020,285.63,21.9162750472106
07-08-2020,276.7,21.8434547295984
10-08-2020,388.62,21.7024921462123
11-08-2020,359.14,21.8354216285925
12-08-2020,202.2,21.5140487910067
13-08-2020,282.72,22.1926776702591
14-08-2020,345.8,22.0300290413098
17-08-2020,350.55,21.667923902047
18-08-2020,341.68,21.7741613737722
19-08-2020,216.18,21.1243633598195
20-08-2020,250.25,20.5997883890852
21-08-2020,286.03,21.5684448635723
24-08-2020,186.9,21.3390483109456
25-08-2020,213.68,21.8570876984915
26-08-2020,154.27,21.5314920392809
27-08-2020,180.61,21.336107182026
28-08-2020,296.28,21.353621033257
31-08-2020,169.1,21.167010124099
01-09-2020,204.69,21.3357479826708
02-09-2020,237.83,21.0454926915191
03-09-2020,243.52,20.0904047233612
04-09-2020,224.01,22.1571860517187
08-09-2020,208.78,20.3324323475705
09-09-2020,209.54,19.2783391367955
10-09-2020,218.1,19.5062986883017
11-09-2020,237.03,19.7885229274489
14-09-2020,270.62,19.7866008779368
15-09-2020,245.27,19.9878243012098
16-09-2020,244.64,20.2665695277721
17-09-2020,248.91,20.3224712983991
18-09-2020,244.41,19.767688325657
21-09-2020,177.56,19.58745236
22-09-2020,126.1,19.6901688341209
23-09-2020,161.46,19.5082684428334
24-09-2020,246.25,18.9466023878188
25-09-2020,252.32,18.6573538350328
28-09-2020,189.79,18.2023315152106
29-09-2020,185.6,18.337966436066
30-09-2020,207.77,18.3265848796676
01-10-2020,259.5,18.4728984314584
02-10-2020,390.29,19.5564802633442
05-10-2020,273.84,19.0492220307962
06-10-2020,334.28,20.8829834232355
07-10-2020,426.88,20.7573398090491
08-10-2020,294.91,21.8806322040378
09-10-2020,306.7,21.6470972412818
12-10-2020,289.7,21.8486457313315
13-10-2020,220.87,21.3521061366258
14-10-2020,341.81,21.0342117433272
15-10-2020,141.19,20.873341329659
16-10-2020,200.48,21.0232122851153
19-10-2020,249.35,20.9245221487902
20-10-2020,234.01,20.7270073367531
21-10-2020,158.05,20.5918212885838
22-10-2020,167.77,22.5977276501328
23-10-2020,138.34,22.3446478019378
26-10-2020,294.62,22.221604920837
27-10-2020,187.07,23.5527153253812
28-10-2020,234.14,23.0178904995145
29-10-2020,298.36,23.9310889849272
30-10-2020,277.43,23.979328255037
02-11-2020,418.93,23.7669521400087
03-11-2020,335.3,24.1110088593289
04-11-2020,370.7,24.0283737784523
05-11-2020,303.07,23.2623266186813
06-11-2020,390.29,27.4866689414435
09-11-2020,254.34,27.4984508390261
10-11-2020,192.03,28.2331462978151
11-11-2020,252.06,27.6683760700495
12-11-2020,184.25,27.8626036854447
13-11-2020,123.79,27.5737328262098
16-11-2020,254.24,27.1139850210575
17-11-2020,196.81,27.4716178831721
18-11-2020,154.81,27.0767073609272
19-11-2020,224.65,26.0453371729391
20-11-2020,230.2,25.5815978556431
23-11-2020,415.59,25.4235456520454
24-11-2020,262.51,25.7899063365882
25-11-2020,276.82,24.5145880477031
27-11-2020,238.32,24.5261059400947
30-11-2020,156.15,24.7614314333573
01-12-2020,248.2,23.9538763888421
02-12-2020,156.7,23.5317125157046
03-12-2020,189.91,23.1614747325458
04-12-2020,215.13,23.1007415627373
07-12-2020,269.89,23.1690355341816
08-12-2020,259.64,22.9396953042645
09-12-2020,144.77,23.0075062672451
10-12-2020,256.04,24.0817089322613
11-12-2020,122.3,24.3028463344785
14-12-2020,186.91,24.0102026656385
15-12-2020,139.29,23.1985619105363
16-12-2020,136.12,26.042582213597
17-12-2020,195.87,25.9166943585043
18-12-2020,146.67,25.7168229447451
21-12-2020,246.79,25.1886748944667
22-12-2020,147.55,24.6475757399779
23-12-2020,291.07,25.4350492999003
24-12-2020,256.16,24.949343337072
28-12-2020,217.47,24.784986026047
29-12-2020,286.36,23.6186990637747
30-12-2020,368.46,23.1249306012679
31-12-2020,307.12,23.1534248184232
04-01-2021,233.3,22.9392871639201
05-01-2021,208.61,22.7536904580426
06-01-2021,139.81,23.512697844488
07-01-2021,124.29,27.3881589081925
08-01-2021,104.8,30.0118939339872
11-01-2021,308.7,29.5535967380349
12-01-2021,229.15,29.3027096476179
13-01-2021,223.57,28.7981495264346
14-01-2021,157.94,27.4369096820076
15-01-2021,149.93,27.0900241551763
19-01-2021,170.18,28.4462943887236
20-01-2021,309.33,28.7609405959486
21-01-2021,280.95,28.4734038316291
22-01-2021,192,27.6914249541305
25-01-2021,241.85,27.2915810275607
26-01-2021,254.93,26.8665399153735
27-01-2021,251.13,25.6092647336906
28-01-2021,150,26.1257005346235
29-01-2021,248.96,25.8457622343645
01-02-2021,144.04,25.9578026891585
02-02-2021,282.75,26.7472470052094
03-02-2021,145.65,26.7150689601498
04-02-2021,129.36,26.4338962554379
05-02-2021,111.2,26.3007236511011
08-02-2021,232.61,26.0160921028741
09-02-2021,84.45,26.924993140792
10-02-2021,113.01,26.6494570904652
11-02-2021,121.93,25.7765531148803
12-02-2021,211.29,25.051645385132
16-02-2021,150.29,24.6954884673619
17-02-2021,84.88,24.1115517287103
18-02-2021,148.02,24.1206031667038
19-02-2021,106.51,26.0778053648359
22-02-2021,132.3,26.2336195587076
23-02-2021,145.25,27.9067333916199
24-02-2021,186.94,27.6937876759712
25-02-2021,124.74,27.1131138140257
26-02-2021,223.25,28.2790034320447
01-03-2021,257.79,27.4351093182473
02-03-2021,122,27.4642909128411
03-03-2021,103.44,26.1097213821119
04-03-2021,76.48,26.6406026577117
05-03-2021,231.03,27.1684910235228
08-03-2021,328.48,26.8588807999656
09-03-2021,167.78,26.4520256396042
10-03-2021,195.33,27.9053692615623
11-03-2021,275.24,27.724708474584
12-03-2021,106.71,27.9475705003674
15-03-2021,206.85,27.5681528417144
16-03-2021,87.46,27.1163313891336
17-03-2021,187.89,26.9485873551638
18-03-2021,180.02,26.634065811798
19-03-2021,211.66,27.8021096862372
22-03-2021,275.36,27.6644764653932
23-03-2021,193.53,27.6639648328584
24-03-2021,126.24,28.5014269792301
25-03-2021,142.05,28.4343200990249
26-03-2021,108.99,28.2586509453473
29-03-2021,177.66,28.4774165357352
30-03-2021,121.16,28.2448787035749
31-03-2021,136.03,28.4926270060885
01-04-2021,76.09,28.438481076612
02-04-2021,130.61,28.6735120460615
05-04-2021,181.6,28.4887111882945
06-04-2021,125.46,28.6909327009324
07-04-2021,205.44,28.3313265336917
08-04-2021,115.07,28.6936963342764
09-04-2021,115.04,28.4163044621675
12-04-2021,69.6,28.1912114783967
13-04-2021,112.82,28.4930147600842
14-04-2021,65.13,28.2099251481605
15-04-2021,111.93,27.8933901575481
16-04-2021,86.85,27.4688399788043
19-04-2021,92,27.3820351869702
20-04-2021,89.99,28.2334728286535
21-04-2021,100.71,27.9185383408979
22-04-2021,70.82,27.6154477176218
23-04-2021,102.84,27.1834014747216
26-04-2021,84.99,26.98759628
27-04-2021,165.42,26.8785103742038
28-04-2021,102.3,26.6471358576717
29-04-2021,153.32,26.431594918065
30-04-2021,125.83,26.4843826294562
03-05-2021,297.27,27.0192925686634
04-05-2021,119.21,26.627493209448
05-05-2021,176.89,28.4887487761483
06-05-2021,142.39,28.1272125029427
07-05-2021,170.41,27.5095678489147
10-05-2021,168.8,27.2177327958312
11-05-2021,175.89,29.7347572983306
12-05-2021,78.7,29.0131326255858
13-05-2021,94.65,29.9195146503629
14-05-2021,100.11,29.6365324054935
17-05-2021,128.94,30.6352466041255
18-05-2021,96.41,30.4192561741826
19-05-2021,147.69,30.0000683130652
20-05-2021,189.22,29.9941924211327
21-05-2021,108.94,29.7272950198647
24-05-2021,183.43,29.0337405922796
25-05-2021,145.6,28.5391067792213
26-05-2021,71.66,27.9110422890991
27-05-2021,70.25,28.074167417926
28-05-2021,171.86,27.7506121736328
01-06-2021,176.43,27.5225997146046
02-06-2021,83.31,27.5851882984215
03-06-2021,109.44,27.3492931972745
04-06-2021,68,27.3506423848562
07-06-2021,111.43,27.1564791431644
08-06-2021,109.81,26.5814087095217
09-06-2021,131.85,25.5199781397074
10-06-2021,122.88,25.3943118735619
11-06-2021,97.74,24.6817553073385
14-06-2021,117.23,24.4767053384842
15-06-2021,109.37,23.8425039962609
16-06-2021,104.83,24.0216886764266
17-06-2021,94.44,23.9272446545727
18-06-2021,142.32,23.5565597873069
21-06-2021,174.11,24.7367427927861
22-06-2021,100,25.5153350412827
23-06-2021,60.28,25.2602407463557
24-06-2021,113.04,25.0209639324215
25-06-2021,92.88,25.2890053398644
28-06-2021,168.47,24.3453562940519
29-06-2021,74.51,24.2177584232138
30-06-2021,133.65,23.3104604290842
01-07-2021,82.66,22.9952175460108
02-07-2021,133.09,22.0875002458276
06-07-2021,199.58,21.924849834287
07-07-2021,57.23,22.6958869709871
08-07-2021,67.69,21.373881844995
09-07-2021,84.3,21.0545744380335
12-07-2021,144.11,21.2405168623424
13-07-2021,192.35,20.6206413867492
14-07-2021,98.68,20.2025112579892
15-07-2021,153.82,19.7508034653034
16-07-2021,140.71,17.9823647444084
19-07-2021,103.99,17.8985683930711
20-07-2021,130.37,18.7450511339767
21-07-2021,185.19,19.1224124038357
22-07-2021,91.1,21.0899266628603
23-07-2021,138.66,20.7349375882453
26-07-2021,125.45,20.5851574822891
27-07-2021,132.55,20.8067940074604
28-07-2021,152.66,20.7155131395771
29-07-2021,144.4,21.3577062762382
30-07-2021,133.44,21.1584620872039
02-08-2021,124.58,20.6844144066496
03-08-2021,77.81,20.4859502775235
04-08-2021,67.39,20.530055080637
05-08-2021,179.01,20.9445991444044
06-08-2021,107.12,20.577571933102
09-08-2021,134.96,19.8356982141807
10-08-2021,399.87,19.079549207706
11-08-2021,96.07,19.1619077239553
12-08-2021,90.39,18.9297405317004
13-08-2021,101.4,18.3072934769488
16-08-2021,131.18,18.5598037931359
17-08-2021,113.72,18.5990975089593
18-08-2021,113.23,18.6683366288415
19-08-2021,78.58,18.1383440340338
20-08-2021,85.35,18.6129591130549
23-08-2021,177.96,17.8080332431755
24-08-2021,86.77,18.7885453628805
25-08-2021,74.18,20.2056842434797
26-08-2021,54.9,20.63136864
27-08-2021,69.52,21.1290818377071
30-08-2021,77.75,21.8789665229211
31-08-2021,166.77,20.58851075
01-09-2021,88.74,20.0494781480913
02-09-2021,72.75,19.7176833037409
03-09-2021,88.32,19.7831016975561
07-09-2021,165.86,20.1423058878665
08-09-2021,118.66,19.557320123938
09-09-2021,56.89,20.0411614686803
10-09-2021,72.22,19.0267336713288
13-09-2021,209.02,18.9074242853761
14-09-2021,135.76,18.2001578386216
15-09-2021,106.93,18.1591693802378
16-09-2021,44.76,18.08039384
17-09-2021,83.45,17.9351873158589
20-09-2021,159.31,17.493985858177
21-09-2021,196.08,18.2697618784903
22-09-2021,98.64,17.7989894128272
23-09-2021,79.1,17.4618025023513
24-09-2021,86.86,18.1113239098376
27-09-2021,243.51,18.0246459152845
28-09-2021,126.3,18.8215947318685
29-09-2021,104.63,20.2911935332382
30-09-2021,142.53,20.215501200211
01-10-2021,88.83,19.9486868442741
04-10-2021,148.03,19.7899063274588
05-10-2021,97.14,18.6858001747145
06-10-2021,145.53,18.6112122277236
07-10-2021,100.93,18.6813489573855
08-10-2021,96.69,19.3053874241106
11-10-2021,85.57,19.0583423122491
12-10-2021,90.52,18.4989876091055
13-10-2021,111.12,18.5884912922041
14-10-2021,94.34,20.0030971577271
15-10-2021,65.19,19.9948698437013
18-10-2021,159.77,19.1932439614277
19-10-2021,73.95,19.1972792877364
20-10-2021,59.85,19.4468983874311
21-10-2021,69.73,18.4355103453437
22-10-2021,101.73,18.0360701048361
25-10-2021,102.62,17.741794824091
26-10-2021,99.45,17.6412206737908
27-10-2021,63.73,17.1809470372412
28-10-2021,90.49,16.9657972300892
29-10-2021,77.35,17.4210512667371
01-11-2021,136.17,17.1917569663002
02-11-2021,110.75,17.5163790492939
03-11-2021,188.57,17.9340661224901
04-11-2021,156.8,18.1259730794323
05-11-2021,211.53,17.177180322134
08-11-2021,363.38,16.5997105364574
09-11-2021,149.84,16.6966496329779
10-11-2021,39,14.302711598422
11-11-2021,65.66,14.1281716558483
12-11-2021,202.74,14.0608508000389
15-11-2021,107.9,14.0626493384675
16-11-2021,112.32,14.762431445023
17-11-2021,114.88,14.6684645186155
18-11-2021,141.8,14.3648837630037
19-11-2021,120.37,14.4392384691883
22-11-2021,92.12,14.207465962852
23-11-2021,98.64,14.1609209923426
24-11-2021,131.12,14.2844105469725
26-11-2021,57.97,14.3935273558851
29-11-2021,103.8,16.7601194523823
30-11-2021,117.24,16.5355632305928
01-12-2021,108.42,16.7749949042527
02-12-2021,90.4,16.9313565589591
03-12-2021,219.57,16.6067966450317
06-12-2021,90.05,17.3562535951485
07-12-2021,121.78,17.4252913564363
08-12-2021,94.23,18.8049338075428
09-12-2021,59.47,18.3610158965281
10-12-2021,78.93,18.4841131145849
13-12-2021,214.47,18.344033146573
14-12-2021,76.16,18.1151392129375
15-12-2021,103.8,18.761232557103
16-12-2021,152.15,18.4811252213214
17-12-2021,130.93,17.7086511480787
20-12-2021,118.72,17.9848357533118
21-12-2021,164.17,19.6923337143754
22-12-2021,130.79,20.2212405872078
23-12-2021,171.54,19.7168782988074
27-12-2021,179.41,19.4270219716035
28-12-2021,113.84,18.5326667388348
29-12-2021,84.18,18.1826008054575
30-12-2021,131.66,18.095955264194
31-12-2021,132.09,18.2923827744479
03-01-2022,146.6,18.0402716840896
04-01-2022,192.08,17.8604368957392
05-01-2022,111.08,17.9679899255585
06-01-2022,235.1,19.3216715165663
07-01-2022,57.41,19.7304504210644
10-01-2022,120.25,19.6753666315795
11-01-2022,77.55,19.8955745212855
12-01-2022,91.97,20.5263109053642
13-01-2022,57.28,20.03984574
14-01-2022,73.63,20.0166482664302
18-01-2022,77,19.9864315619523
19-01-2022,71.25,20.2958321110529
20-01-2022,72.93,20.0449841536625
21-01-2022,126.04,19.3871141021736
24-01-2022,273.48,21.516628596169
25-01-2022,190.88,20.9847555730313
26-01-2022,146.78,21.6597494908257
27-01-2022,164.89,19.9849165100429
28-01-2022,129.34,20.0424692181475
31-01-2022,184.81,19.5613003794482
01-02-2022,143.53,21.1306673274541
02-02-2022,101.01,20.9995315903002
03-02-2022,93.56,20.5578309313403
04-02-2022,171.57,20.6421242283843
07-02-2022,97.27,20.0740364460514
08-02-2022,115.82,19.8046635963901
09-02-2022,83.48,19.674792485574
10-02-2022,84.38,20.2311694714642
11-02-2022,67.68,20.3174816933711
14-02-2022,201.81,19.7089559927543
15-02-2022,109.46,19.3950624863675
16-02-2022,73.91,21.912436722157
17-02-2022,107.1,21.6452201001398
18-02-2022,180.25,21.566541988471
22-02-2022,180.27,21.7796714327122
23-02-2022,89.64,21.7487045044824
24-02-2022,156.68,21.5200743302086
25-02-2022,161.59,22.8603979889407
28-02-2022,167.06,23.6995132748502
01-03-2022,188.05,26.2032058961799
02-03-2022,134.88,26.0741111148551
03-03-2022,204.82,25.9620290698299
04-03-2022,219.09,24.6587571770955
07-03-2022,164.7,24.6192160214634
08-03-2022,165.06,23.8275975056136
09-03-2022,142.59,25.307262841944
10-03-2022,150.53,24.4204561760295
11-03-2022,232.96,23.2036927558785
14-03-2022,222.54,22.8389109040801
15-03-2022,154.33,24.0320358197568
16-03-2022,216.66,23.7173474949531
17-03-2022,137.82,23.9870418140368
18-03-2022,171.27,24.2095681949979
21-03-2022,239.83,24.111760010851
22-03-2022,137.53,24.0420286690167
23-03-2022,116.56,23.8173709193898
24-03-2022,128.23,23.6622725101314
25-03-2022,209.01,23.2686986269899
28-03-2022,322.1,23.3467872968829
29-03-2022,193.93,23.3714940523936
30-03-2022,105.19,23.225859547474
31-03-2022,81.85,22.9338787762059
01-04-2022,114.29,22.6670973051059
04-04-2022,115.67,22.5875696095296
05-04-2022,126.89,21.9928300468663
06-04-2022,168.21,21.7691413061262
07-04-2022,171.04,22.5576771831595
08-04-2022,124.74,21.984402381209
11-04-2022,241.25,21.4987483241258
12-04-2022,103.12,21.5883877373839
13-04-2022,90.43,21.686421931494
14-04-2022,142.29,20.9696063883606
18-04-2022,93.03,20.7525314442113
19-04-2022,276.08,20.6396957909674
20-04-2022,95.07,20.4407586338834
21-04-2022,89.05,19.9339447497354
22-04-2022,148.56,22.6018417330305
25-04-2022,126.9,23.5432578597316
26-04-2022,130.06,24.8421738674043
27-04-2022,69.39,24.6236843122124
28-04-2022,80.21,24.3599264441598
29-04-2022,126.12,24.6176872700818
02-05-2022,99.33,22.9887541213438
03-05-2022,103.64,22.9575410763024
04-05-2022,123.78,22.8225391178286
05-05-2022,87.92,22.7676578681749
06-05-2022,212.5,23.2357749947642
09-05-2022,97.81,24.1021409019518
10-05-2022,135.75,25.143519883555
11-05-2022,102.02,25.0969963818842
12-05-2022,144.73,24.9939346075114
13-05-2022,140,24.7005356774981
16-05-2022,124.37,25.7687965932827
17-05-2022,101.23,25.2564093453014
18-05-2022,97.83,25.8130612877985
19-05-2022,157.59,25.3963830399976
20-05-2022,185.12,25.4714182628986
23-05-2022,135.77,24.9685772207867
24-05-2022,135.79,24.9613983681166
25-05-2022,100.89,24.5102800215734
26-05-2022,132.56,24.4201540710114
27-05-2022,145.02,25.0002380655314
31-05-2022,72.9,25.7062784136497
01-06-2022,161.66,25.1828432112736
02-06-2022,144.13,25.0242419332421
03-06-2022,163.85,25.3555507730757
06-06-2022,127.27,24.829699880682
07-06-2022,167.65,23.7670627528514
08-06-2022,110.13,22.8201237890181
09-06-2022,112.11,22.455005360423
10-06-2022,93.65,22.4446238889436
13-06-2022,95.37,23.1376666986033
14-06-2022,120.62,24.8053953678933
15-06-2022,140.82,25.0185301240625
16-06-2022,189.54,24.8483983851021
17-06-2022,108.29,24.8785876846629
21-06-2022,140.11,24.5371683276599
22-06-2022,96.97,24.7826190192924
23-06-2022,96.96,24.7803066442954
24-06-2022,111.86,24.279370556131
27-06-2022,140.94,24.5131597505041
28-06-2022,129.96,24.5335023330057
29-06-2022,135.33,24.185616687386
30-06-2022,158.37,25.129338342153
01-07-2022,177.73,24.8556027443285
05-07-2022,116.59,23.3705990526623
06-07-2022,91.52,23.4099171623642
07-07-2022,93.67,23.2654246558808
08-07-2022,104.33,23.9266744838998
11-07-2022,200.3,23.7238416283231
12-07-2022,126.67,24.4081537195633
13-07-2022,52.82,24.9015937066352
14-07-2022,203.03,24.7323080329528
15-07-2022,210.77,24.7907266981059
18-07-2022,182.94,24.1879670734362
19-07-2022,177.18,24.2321171459218
20-07-2022,113.33,24.2937458794527
21-07-2022,132.76,23.9943757071249
22-07-2022,138.82,23.7268766876867
25-07-2022,120.62,23.6284646414285
26-07-2022,94.68,23.4275896778263
27-07-2022,181.99,23.51862983
28-07-2022,111,25.0887218869767
29-07-2022,130.23,26.2779082361279
01-08-2022,141.32,26.1258702555285
02-08-2022,96.66,25.7740935422937
03-08-2022,115.69,25.2367248259085
04-08-2022,78.43,25.0951092587903
05-08-2022,107.43,24.6849966668737
08-08-2022,227.88,24.7381763745259
09-08-2022,189.05,23.9263707805995
10-08-2022,84.3,24.0961508868993
11-08-2022,99.36,26.2212290126798
12-08-2022,48.55,25.5750030957546
15-08-2022,145.63,25.3898245834325
16-08-2022,103.94,25.2181355945149
17-08-2022,75.77,25.260185512498
18-08-2022,92.67,24.9603992841031
19-08-2022,98.49,24.5224119947332
22-08-2022,169.02,25.4439987971929
23-08-2022,93.31,25.7596009511254
24-08-2022,137.29,25.7362781784059
25-08-2022,66.37,25.6274565656179
26-08-2022,121.88,25.6145772541794
29-08-2022,97.52,25.8856153710722
30-08-2022,83.23,25.8562581784862
31-08-2022,126.46,25.9457466382533
01-09-2022,75.93,25.8666488129835
02-09-2022,65.23,26.4941737148722
06-09-2022,91.55,26.5360198959807
07-09-2022,87.66,25.8364194501518
08-09-2022,47.62,26.2894677558571
09-09-2022,66.03,26.1673476825188
12-09-2022,162.37,26.3052817222794
13-09-2022,95.35,26.2623775304008
14-09-2022,116.73,26.951758984279
15-09-2022,118.58,26.8255192696232
16-09-2022,123.3,27.268628511338
19-09-2022,65.09,27.1719566846337
20-09-2022,78.61,26.8917456792157
21-09-2022,70.88,26.333449825064
22-09-2022,139.2,26.3210215442122
23-09-2022,133.87,26.0093084628954
26-09-2022,85.96,27.648816297311
27-09-2022,194.98,28.089461311999
28-09-2022,155.79,27.5854181549516
29-09-2022,93.12,27.3106339370617
30-09-2022,192.84,27.951311753598
03-10-2022,146.03,27.4076779335714
04-10-2022,148.79,29.4261928413787
05-10-2022,153.24,30.0200550856352
06-10-2022,168.97,30.5293176573072
07-10-2022,139.82,30.1772154926849
10-10-2022,181.4,29.5852684053355
11-10-2022,155.85,29.5886611646125
12-10-2022,186.85,29.2853863199929
13-10-2022,169.02,29.0370787727072
14-10-2022,180.93,29.0291182836583
17-10-2022,129.16,28.6331679813005
18-10-2022,73.35,28.3438603129236
19-10-2022,70.66,28.3102962663994
20-10-2022,78.35,27.8366714366308
21-10-2022,107.34,27.6066425558333
24-10-2022,168.29,27.378563955749
25-10-2022,104.95,26.8488985089456
26-10-2022,84.81,25.9912842041564
27-10-2022,150.79,25.8875428239722
28-10-2022,204.29,25.7481684720655
31-10-2022,161.13,25.2235378918784
01-11-2022,127.48,24.6769334406203
02-11-2022,98.2,24.8707752213055
03-11-2022,140.73,24.4205703527315
04-11-2022,122.07,23.8506532860371
07-11-2022,245.52,25.2290681941068
08-11-2022,123.6,24.6461073158495
09-11-2022,146.6,23.9417660190044
10-11-2022,119.57,24.82268335
11-11-2022,183.98,26.7409429300818
14-11-2022,215.52,27.2701344822884
15-11-2022,95.09,26.9964557356248
16-11-2022,107.83,27.0742936042817
17-11-2022,91.22,27.3260604683955
18-11-2022,133.39,27.4028169234663
21-11-2022,122.23,26.9059578160189
22-11-2022,125.51,26.8968277318411
23-11-2022,183.38,26.859001987172
25-11-2022,189.26,26.8339016378489
28-11-2022,183.05,26.2311229777521
29-11-2022,90.52,26.5567690714948
30-11-2022,89.9,26.3353818568038
01-12-2022,177.11,26.9907046026212
02-12-2022,48.03,26.8158099895401
05-12-2022,187.14,26.6717045568959
06-12-2022,105.68,26.8209411980027
07-12-2022,151.37,27.1826025613791
08-12-2022,81.81,27.2235355557366
09-12-2022,114.31,27.1308850344232
12-12-2022,169.7,26.7920439562721
13-12-2022,122.35,25.9769174765391
14-12-2022,120.9,25.6992465602294
15-12-2022,114.95,25.2659485580786
16-12-2022,99.07,25.6682594760691
19-12-2022,87.27,25.5024457249133
20-12-2022,72.84,24.9898299214227
21-12-2022,147.63,24.620162227495
22-12-2022,98.69,24.9042796403889
23-12-2022,84.14,24.8923486624724
27-12-2022,69.63,24.8697251817812
28-12-2022,85.9,24.514620995798
29-12-2022,123.69,24.0792499621041
30-12-2022,199.3,24.1129749200496
03-01-2023,117.51,23.7124318919368
04-01-2023,114.2,23.8659470345046
05-01-2023,176.01,22.9292964724767
06-01-2023,158.88,22.7150216078058
09-01-2023,152.46,23.8132445816357
10-01-2023,386.4,24.030626858651
11-01-2023,363.54,23.9727889775734
12-01-2023,189.12,24.1497431650316
13-01-2023,141.9,24.4883510069315
17-01-2023,73.48,24.1146142046693
18-01-2023,310.22,23.7644745528673
19-01-2023,106.09,23.6631063671227
20-01-2023,119.89,25.1933907428816
23-01-2023,326.16,24.6433111426091
24-01-2023,123.28,24.4593914285793
25-01-2023,113.38,24.1286725802243
26-01-2023,72.53,23.8687634567718
27-01-2023,110.89,23.5915516520895
30-01-2023,190.98,23.3281225527705
31-01-2023,158.19,23.708680413173
01-02-2023,137.21,24.7365145680629
02-02-2023,116.99,24.354307952473
03-02-2023,115.81,24.1969523900556
06-02-2023,219.03,25.4767413547829
07-02-2023,190.34,25.7437324466389
08-02-2023,139.63,25.6481598216435
09-02-2023,129.06,25.2286208506755
10-02-2023,99.82,25.0708782190105
13-02-2023,70.05,24.926478757157
14-02-2023,105.73,24.8829956048893
15-02-2023,200.6,24.3064298173038
16-02-2023,223.17,24.2915355572616
17-02-2023,97.82,24.3275788445489
21-02-2023,68.9,24.4813098778481
22-02-2023,140.33,24.3746758523682
23-02-2023,188.33,24.4628607956882
24-02-2023,82.35,24.543802037442
27-02-2023,130.62,24.2766503162728
28-02-2023,88.38,24.2898594611536
01-03-2023,79.33,24.2151118244126
02-03-2023,158.83,22.8749363699397
03-03-2023,90.05,22.805831262521
06-03-2023,88.74,22.6447468527548
07-03-2023,97.28,22.9369967642466
08-03-2023,71.68,23.208324922138
09-03-2023,99.01,22.6069484028319
10-03-2023,167.33,22.706310402175
13-03-2023,226.43,23.1562329239248
14-03-2023,246.38,23.019560454596
15-03-2023,165.53,22.7906688620429
16-03-2023,191.67,24.1297071864488
17-03-2023,236.53,24.0650715928239
20-03-2023,158.68,24.6127708244441
21-03-2023,102.69,24.2920766807293
22-03-2023,215.3,24.1157214345946
23-03-2023,190,24.1639021744292
24-03-2023,163.72,23.9328468587979
27-03-2023,141.81,23.9453754592496
28-03-2023,117.77,24.078352463812
29-03-2023,127.01,23.517086229524
30-03-2023,82.78,24.0944056284891
31-03-2023,144.99,24.7153937320715
03-04-2023,150.38,24.4623136108945
04-04-2023,154.53,24.9689802738609
05-04-2023,108.51,25.0224615107514
06-04-2023,40.4,25.3139379990716
07-04-2023,65.4,25.2449170731489
10-04-2023,116.65,25.1311851507995
11-04-2023,155.38,25.0745429291519
12-04-2023,109.82,25.2874566462106
13-04-2023,258.05,25.5371727820918
14-04-2023,38.2,25.4257493145917
17-04-2023,51.34,25.2560395370266
18-04-2023,186.52,25.2849168021445
19-04-2023,128.99,24.8049486968028
20-04-2023,98.98,24.6412987960077
21-04-2023,118.21,24.4586281911582
24-04-2023,149.57,24.2056187717171
25-04-2023,111.25,23.9287342528045
26-04-2023,135.07,24.5836491912788
27-04-2023,157.01,25.5398414588901
28-04-2023,94.05,25.497053131625
01-05-2023,435.03,25.467236665829
02-05-2023,249.56,25.0640403053408
03-05-2023,139.92,25.9214823269894
04-05-2023,105,25.4678547386433
05-05-2023,100.93,25.017577038238
08-05-2023,311.34,26.1803147758043
09-05-2023,163.06,26.0425469493424
10-05-2023,69.51,25.716875888044
11-05-2023,155.22,24.9964757078874
12-05-2023,190.28,24.0396485499129
15-05-2023,99.1,23.7257361271797
16-05-2023,67.14,23.6258735841443
17-05-2023,113.54,23.595741934166
18-05-2023,210.79,23.9557436505558
19-05-2023,111.5,23.9832480444616
22-05-2023,398.71,23.9835207606737
23-05-2023,156.99,24.15248413
24-05-2023,301.54,24.1770001377186
25-05-2023,237.84,24.1918187075171
26-05-2023,220.29,25.2257718225503
30-05-2023,111.1,24.2999767284056
31-05-2023,264.79,23.6810089963689
01-06-2023,108.62,23.925121567181
02-06-2023,96.48,24.4791096021661
05-06-2023,133.01,23.4667485586831
06-06-2023,62.63,23.1620558843388
07-06-2023,119,22.0184853646674
08-06-2023,96.83,21.8435192633917
09-06-2023,58.14,21.4353210473483
12-06-2023,204.38,20.7844747988113
13-06-2023,110.96,21.1361568442493
14-06-2023,147.42,20.6319283588521
15-06-2023,71,20.2217812375037
16-06-2023,56.58,19.8815982714349
20-06-2023,213.08,19.4982467277219
21-06-2023,65.39,19.5401497585519
22-06-2023,72.75,19.6483768298976
23-06-2023,74.02,20.0502022013658
26-06-2023,150.9,20.628283267292
27-06-2023,127.96,20.453065807859
28-06-2023,152.99,20.5054220253772
29-06-2023,117.91,19.7530922108013
30-06-2023,96.85,19.5106316641703
03-07-2023,65.32,19.5532979123874
05-07-2023,137.28,19.0646909506762
06-07-2023,40.77,19.178488386569
07-07-2023,93.53,20.4531385804788
10-07-2023,39.18,21.7501646921655
11-07-2023,37.82,21.7297020710323
12-07-2023,89.22,21.4437110074984
13-07-2023,75.95,22.0299688284106
14-07-2023,206.65,22.7163517473016
17-07-2023,155.95,23.0190244113114
18-07-2023,104.21,23.5487649661367
19-07-2023,37.11,23.4703617960091
20-07-2023,260.18,22.8514305540107
21-07-2023,80.78,23.1621310921827
24-07-2023,105.67,22.9894979687267
25-07-2023,37.76,23.1114090906827
26-07-2023,220.51,22.6785042601778
27-07-2023,95.33,22.2756082303018
28-07-2023,82.35,20.9017797764555
31-07-2023,81.19,20.6274562275926
01-08-2023,151.79,20.1405554482376
02-08-2023,121.59,20.3135523208987
03-08-2023,62.21,22.8602079609202
04-08-2023,60.58,22.0569869750107
07-08-2023,59.3,21.6602667842768
08-08-2023,49.89,20.7313039426259
09-08-2023,77.25,20.6376933329789
10-08-2023,46.74,20.6040024444897
11-08-2023,170.3,19.8448162830074
14-08-2023,236.53,19.8243726060946
15-08-2023,53.33,19.4681330424811
16-08-2023,128.55,20.7247995059384
17-08-2023,101.81,21.2582048006784
18-08-2023,36.93,21.1227551016685
21-08-2023,130.14,21.0101699766098
22-08-2023,52.69,20.776555438221
23-08-2023,141.21,20.5655950512294
24-08-2023,76.47,20.3969588962606
25-08-2023,137.35,20.7164568461087
28-08-2023,70.13,20.6392834105676
29-08-2023,69.2,20.7644106611479
30-08-2023,66.94,22.3881826469163
31-08-2023,167.14,21.8366349179477
01-09-2023,57.38,20.2312856566805
05-09-2023,66.39,20.3790451899427
06-09-2023,41.02,20.1794553069593
07-09-2023,95.66,20.451246440268
08-09-2023,37.05,20.0213525683917
11-09-2023,82.18,19.9209181468031
12-09-2023,99.71,19.6834447317001
13-09-2023,132.91,19.5956629466873
14-09-2023,111.69,19.5461210597061
15-09-2023,63.69,21.4230300810844
18-09-2023,63.82,21.6633641461497
19-09-2023,146.72,21.4971955401812
20-09-2023,82.86,21.2836722565067
21-09-2023,106.49,21.3057446646179
22-09-2023,42.8,22.4700679099889
25-09-2023,14.69,22.4703233611617
26-09-2023,143.47,22.4708721762592
27-09-2023,150.04,22.8386670907758
28-09-2023,111.89,21.9206882824301
29-09-2023,136.08,21.6880799212247
02-10-2023,77.03,21.5050808904033
03-10-2023,100.4,24.2708739480117
04-10-2023,181.95,25.3335337328808
05-10-2023,47.99,25.4506542106829
06-10-2023,95.46,25.70942665
09-10-2023,264.13,25.6637849567734
10-10-2023,143.27,25.1862614367938
11-10-2023,192.77,27.1939744352987
12-10-2023,189.71,27.1995705507344
13-10-2023,58.76,26.9781386938724
16-10-2023,136.3,27.4950720026767
17-10-2023,97.8,27.3102479981418
18-10-2023,90.33,27.2732348267607
19-10-2023,279.65,28.1549573496554
20-10-2023,287.49,28.1781094460049
23-10-2023,150.87,28.2419114368687
24-10-2023,79.87,27.5182922058529
25-10-2023,124.21,26.9377429630518
26-10-2023,37.91,27.1856284836227
27-10-2023,90.17,26.9325051398808
30-10-2023,164.09,27.5848320983763
31-10-2023,42.38,27.5069249929459
01-11-2023,132.01,27.4248810198478
02-11-2023,58.14,25.8049005379323
03-11-2023,72.02,27.3881523756812
06-11-2023,342.88,28.0262150787082
07-11-2023,122.59,27.9474958947618
08-11-2023,119.34,27.5086440143745
09-11-2023,142.71,27.131596090619
10-11-2023,127.96,26.7871774806398
13-11-2023,116.21,23.8925050226448
14-11-2023,198.44,23.3794890417021
15-11-2023,68.82,27.3744729886852
16-11-2023,149.23,27.3458557043434
17-11-2023,168.58,27.1649576908925
20-11-2023,42.9,26.8923893414974
21-11-2023,295.43,27.0600056373335
22-11-2023,65.95,27.3818070168226
24-11-2023,94.64,27.0980297741198
27-11-2023,89.08,26.9670682600182
28-11-2023,101.83,26.7096541513265
29-11-2023,83.76,26.4810332008019
30-11-2023,147.72,26.4827279347361
01-12-2023,38.37,26.1842051734124
04-12-2023,51.19,27.1195441503927
05-12-2023,328.17,26.595991586801
06-12-2023,88.12,27.1358817553983
07-12-2023,73.65,26.2634669962721
08-12-2023,64.67,25.8621947743193
11-12-2023,117.01,25.7045760630407
12-12-2023,36.95,24.3384061787442
13-12-2023,95.78,24.567941582055
14-12-2023,89.93,25.8594464292723
15-12-2023,61.4,29.3663793592798
18-12-2023,264.75,29.0259840681929
19-12-2023,632.37,28.9043637279356
20-12-2023,69.49,29.2819927892428
21-12-2023,95.99,28.8117632175724
22-12-2023,52.02,28.984211241972
26-12-2023,111.18,28.7991781446187
27-12-2023,145.72,29.1119452460938
28-12-2023,168.59,28.7434506826808
29-12-2023,107.55,28.6678400094691
02-01-2024,138.57,28.8210859676387
03-01-2024,162.46,28.5305311098783
04-01-2024,118.85,28.5827392147471
05-01-2024,106.49,28.4634497336957
08-01-2024,153.56,28.2610119583488
09-01-2024,1026.38,27.8925025541909
10-01-2024,73.6,27.9233215691247
11-01-2024,57,27.9106641925477
12-01-2024,76.85,27.687286842305
16-01-2024,248.39,27.3209424049546
17-01-2024,69.96,28.7880704054584
18-01-2024,121.41,29.1622506278152
19-01-2024,147.36,28.9358735493299
22-01-2024,175.55,27.9260274467074
23-01-2024,71.62,27.5628732757795
24-01-2024,91.92,26.5404419247745
25-01-2024,114.57,26.1844917466486
26-01-2024,85.29,25.7013494891628
29-01-2024,212.58,25.2812218526706
30-01-2024,144.27,25.2533443512462
31-01-2024,81.76,25.4059683487228
01-02-2024,97.99,24.3984640410809
02-02-2024,55.14,24.7900594562441
05-02-2024,209.6,25.0459247202454
06-02-2024,109.35,25.0883502125852
07-02-2024,178.57,25.0778681862836
08-02-2024,153.72,24.582240952898
09-02-2024,67.61,23.7577735945876
12-02-2024,215.18,23.6155489847418
13-02-2024,183.22,24.0801259991738
14-02-2024,86.93,25.5651849803417
15-02-2024,83.03,25.5793747508273
16-02-2024,58.32,25.5410297644263
20-02-2024,149.95,24.7872399739355
21-02-2024,111.52,25.1852469265226
22-02-2024,70.29,24.7731234046001
23-02-2024,117.11,24.7374509574774
26-02-2024,167.77,25.146785915842
27-02-2024,117.39,24.9899289176302
28-02-2024,143.19,25.4166031365482
29-02-2024,105.86,25.581045716405
01-03-2024,58.59,25.0772085284258
04-03-2024,185.31,25.2100632410625
05-03-2024,98.25,25.2955289797862
06-03-2024,107.93,25.503945531053
07-03-2024,56.71,25.5849819011415
08-03-2024,36.66,25.3242225769295
11-03-2024,159.06,24.7833655131192
12-03-2024,104.69,24.9851100216705
13-03-2024,159.16,24.7591668347881
14-03-2024,69.68,24.0534926609091
15-03-2024,181.53,23.9538097097393
18-03-2024,140.24,23.7268579884303
19-03-2024,91.96,23.2325561131653
20-03-2024,202.01,22.9547483047634
21-03-2024,77.59,22.9401603102469
22-03-2024,73.05,23.0174282837609
25-03-2024,79.67,22.7325173883177
26-03-2024,85.54,22.4683653623145
27-03-2024,97.9,22.2186372089028
28-03-2024,59.31,23.0053814295094
01-04-2024,113.74,22.9296987213419
02-04-2024,64.34,22.0870435102803
03-04-2024,87.02,22.7661481927682
04-04-2024,79.84,22.9047025985261
05-04-2024,65.9,22.6210273299031
08-04-2024,96.86,22.4063692259624
09-04-2024,127.5,22.608654831774
10-04-2024,134.32,23.5834191859115
11-04-2024,116.38,24.9854120810891
12-04-2024,164.38,24.4767725983399
15-04-2024,148,25.2701359526096
16-04-2024,205,26.3896861178911
17-04-2024,89.86,26.3040704143462
18-04-2024,73,25.7180142783622
19-04-2024,69.55,25.1277055379692
22-04-2024,63.52,24.8102929179792
23-04-2024,50.68,24.2933381552602
24-04-2024,103.13,24.5865707227321
25-04-2024,228.77,24.3488241554649
26-04-2024,71.47,24.3761213339809
29-04-2024,80.35,24.6303084495356
30-04-2024,111.88,24.8418722777365
01-05-2024,52.26,24.9049958687186
02-05-2024,80.5,25.3330799739843
03-05-2024,55.72,25.2909797378052
06-05-2024,76.56,25.9440734802598
07-05-2024,38.92,25.3753460457298
08-05-2024,35.93,24.732292899287
09-05-2024,51.54,24.5204629716975
10-05-2024,103.08,24.1074712918907
13-05-2024,36.94,23.0166638837603
14-05-2024,135.19,22.5434992037262
15-05-2024,96.41,23.3560033436883
16-05-2024,55.17,23.1102345130288
17-05-2024,54.29,22.9423057545178
20-05-2024,92.53,22.6126181618989
21-05-2024,62.26,22.288935964596
22-05-2024,55.15,22.3152424237152
23-05-2024,77.2,22.7503355181563
24-05-2024,153.24,23.0079831860769
28-05-2024,56.95,23.0489495057551
29-05-2024,123.02,22.9594708632048
30-05-2024,92.78,23.646120652904
31-05-2024,72.4,23.8106787123333
03-06-2024,191.95,23.8380963959536
04-06-2024,67.8,23.7525073586638
05-06-2024,35.32,24.5674572368657
06-06-2024,80.15,23.9791071903189
07-06-2024,55.59,23.8578190195883
